timestamp,time_elapsed,pos_x,pos_y,pos_z,goal_x,goal_y,goal_z,cmd_vel_x,cmd_vel_y,cmd_vel_z,desired_vel_x,desired_vel_y,desired_vel_z,actual_vel_x,actual_vel_y,actual_vel_z,distance_to_goal
1750522744.2481482,2.1841742992401123,-5.0,0.0,0.0,10.0,0.0,0.0,0.0,0.0,0.0,1.0,0.0,0.0,0.0,0.0,0.0,inf
1750522744.3547902,2.290816307067871,-5.0,0.0,0.0,10.0,0.0,0.0,0.0,0.0,0.0,1.0,0.0,0.0,0.0,0.0,0.0,inf
1750522744.4633856,2.399411678314209,-5.0,0.0,0.0,10.0,0.0,0.0,0.0,0.0,0.0,1.0,0.0,0.0,0.0,0.0,0.0,inf
1750522744.5729108,2.508936882019043,-5.0,0.0,0.0,10.0,0.0,0.0,0.0,0.0,0.0,1.0,0.0,0.0,0.0,0.0,0.0,inf
1750522744.676945,2.612971067428589,-5.0,0.0,0.0,10.0,0.0,0.0,0.0,0.0,0.0,1.0,0.0,0.0,0.0,0.0,0.0,inf
1750522744.7867584,2.7227845191955566,-5.0,0.0,0.0,10.0,0.0,0.0,0.0,0.0,0.0,1.0,0.0,0.0,0.0,0.0,0.0,inf
1750522744.9002838,2.8363099098205566,-5.0,0.0,0.0,10.0,0.0,0.0,0.0,0.0,0.0,1.0,0.0,0.0,0.0,0.0,0.0,inf
1750522745.0054154,2.941441535949707,-5.0,0.0,0.0,10.0,0.0,0.0,0.0,0.0,0.0,1.0,0.0,0.0,0.0,0.0,0.0,inf
1750522745.114393,3.0504190921783447,-5.0,0.0,0.0,10.0,0.0,0.0,0.0,0.0,0.0,1.0,0.0,0.0,0.0,0.0,0.0,inf
1750522745.2224164,3.158442497253418,-5.0,0.0,0.0,10.0,0.0,0.0,0.0,0.0,0.0,1.0,0.0,0.0,0.0,0.0,0.0,inf
1750522745.3435464,3.2795724868774414,-4.975763789843168,-0.015422647598929709,0.0,10.0,0.0,0.0,0.41078322299752545,-0.2614008067615203,0.0,1.0,0.0,0.0,0.4107832229971464,-0.26140080676152067,0.0,inf
1750522745.469494,3.40552020072937,-4.919100245114078,-0.051250794467578714,0.0,10.0,0.0,0.0,0.7106226749276494,-0.4628606699325053,0.0,0.9999953905677119,0.0030362548195564396,0.0,0.6292170953093645,-0.3985049533031859,0.0,inf
1750522745.6040392,3.540065288543701,-4.846495838154923,-0.09829860431923612,0.0,10.0,0.0,0.0,0.7776722169455652,-0.49597992464584123,0.0,0.9999868738005898,0.0051236926648065085,0.0,0.7776722169454686,-0.4959799246458395,0.0,inf
1750522745.7147396,3.6507656574249268,-4.767803546513865,-0.14875074496010923,0.0,10.0,0.0,0.0,0.8007989656085672,-0.5173336290530564,0.0,0.9999682092373435,0.007973739063964102,0.0,0.8007989656082515,-0.5173336290530682,0.0,inf
1750522745.8198812,3.7559072971343994,-4.687233531005224,-0.2007823117475456,0.0,10.0,0.0,0.0,0.8124684643655345,-0.5244337214847195,0.0,0.9999387296402662,0.011069641611660193,0.0,0.8124684643657787,-0.5244337214847238,0.0,inf
1750522745.9310057,3.8670318126678467,-4.6065207536006225,-0.2542450653533539,0.0,10.0,0.0,0.0,0.801787083726005,-0.544821350631451,0.0,0.9998947429366778,0.014508723155230004,0.0,0.8017870837262464,-0.5448213506314442,0.0,inf
1750522746.055739,3.991765022277832,-4.509957683274944,-0.32120653697304036,0.0,10.0,0.0,0.0,0.7994212138236777,-0.5847955998991723,0.0,0.9997780253248769,0.021068936316053187,0.0,0.8009297321358133,-0.5803588220168022,0.0,inf
1750522746.163428,4.099454164505005,-4.446003986169057,-0.36799018496497293,0.0,10.0,0.0,0.0,0.8138655596644329,-0.5627496351747678,0.0,0.999690122169523,0.024892963597857948,0.0,0.7994212138235923,-0.5847955998991573,0.0,inf
1750522746.2769213,4.212947368621826,-4.364933186697798,-0.42427550588079027,0.0,10.0,0.0,0.0,0.798040632429002,-0.5345058375800193,0.0,0.9996019703489253,0.028211715200362017,0.0,0.7996231251522268,-0.5373302173394989,0.0,inf
1750522746.3898625,4.325888633728027,-4.268903505591419,-0.48845753825020133,0.0,10.0,0.0,0.0,0.806582736136837,-0.5358391233802614,0.0,0.9994861571587844,0.032053418662688786,0.0,0.8065827361365407,-0.5358391233802884,0.0,inf
1750522746.5120947,4.448120832443237,-4.204038703575083,-0.5306010747721855,0.0,10.0,0.0,0.0,0.815254098326393,-0.5172854477793436,0.0,0.9993872596199619,0.03500150438627977,0.0,0.8152540983266121,-0.5172854477792921,0.0,inf
1750522746.6418679,4.577893972396851,-4.122977466275042,-0.5842075263719906,0.0,10.0,0.0,0.0,0.8064961260134034,-0.5527176519655816,0.0,0.9992614861931705,0.03842502063781066,0.0,0.8064961260130232,-0.5527176519656285,0.0,inf
1750522746.748827,4.6848530769348145,-4.041322785389781,-0.6374414160237565,0.0,10.0,0.0,0.0,0.8211137862853175,-0.5298830909172179,0.0,0.9989787178785456,0.04518319627624082,0.0,0.8208542443552957,-0.5236051441828149,0.0,inf
1750522746.8576748,4.793700933456421,-3.9592147808063265,-0.690348111807927,0.0,10.0,0.0,0.0,0.8183589262900582,-0.521533887337006,0.0,0.998805376528342,0.04886532326790703,0.0,0.8211137862854656,-0.5298830909171715,0.0,inf
1750522746.9705338,4.906559944152832,-3.8609665905232804,-0.7528640723533787,0.0,10.0,0.0,0.0,0.8196411623046942,-0.51403946713538,0.0,0.9986077293476893,0.05275038281427253,0.0,0.8196411623044852,-0.5140394671353521,0.0,inf
1750522747.083437,5.019463062286377,-3.7954968967221303,-0.7936610512481092,0.0,10.0,0.0,0.0,0.8145612031439196,-0.4977305433304569,0.0,0.9984347657725848,0.05592869117585055,0.0,0.8145612031440486,-0.49773054333046574,0.0,inf
1750522747.187931,5.12395715713501,-3.7138247059807172,-0.8435539325540132,0.0,10.0,0.0,0.0,0.8253647244943187,-0.5037218919733197,0.0,0.9982153488132495,0.059716977432238506,0.0,0.8253647244944595,-0.503721891973341,0.0,inf
1750522747.2918644,5.227890491485596,-3.631052961586625,-0.8941176985135804,0.0,10.0,0.0,0.0,0.8340785002221822,-0.5108173276115562,0.0,0.9979753010613551,0.06360266088378504,0.0,0.8340785002221018,-0.5108173276116013,0.0,inf
1750522747.408318,5.344344139099121,-3.547761710288322,-0.9449211754047122,0.0,10.0,0.0,0.0,0.8300578545699859,-0.5012222976106665,0.0,0.9977193626215113,0.0674986922104821,0.0,0.830057854570132,-0.5012222976106262,0.0,inf
1750522747.5185022,5.454528331756592,-3.4482998236770026,-1.0051866982802153,0.0,10.0,0.0,0.0,0.827924679024414,-0.5029700499963448,0.0,0.9974745356701168,0.071025000455367,0.0,0.8279246790245942,-0.5029700499963319,0.0,inf
1750522747.6240578,5.560083866119385,-3.381557278668615,-1.0454502122426412,0.0,10.0,0.0,0.0,0.8373426546992353,-0.5034498641206719,0.0,0.9972004540895232,0.0747746906623414,0.0,0.8373426546990359,-0.5034498641207641,0.0,inf
1750522747.7296958,5.665721893310547,-3.2974741070034717,-1.09558612224046,0.0,10.0,0.0,0.0,0.8430624283914039,-0.5000223819197303,0.0,0.9968991256113141,0.07869010964153794,0.0,0.8430624283914945,-0.500022381919818,0.0,inf
1750522747.8391392,5.775165319442749,-3.21372435343322,-1.1454473873270665,0.0,10.0,0.0,0.0,0.8342292653932388,-0.49778471358063836,0.0,0.9965750764575043,0.08269290769902393,0.0,0.834229265393116,-0.4977847135805291,0.0,inf
1750522747.9467797,5.882805824279785,-3.130957251910577,-1.1980756438615672,0.0,10.0,0.0,0.0,0.8342687764544189,-0.5223787997196898,0.0,0.995867580523357,0.09081719034717521,0.0,0.8255999888580057,-0.5352818869548415,0.0,inf
1750522748.065185,6.001211166381836,-3.0477124188046765,-1.2505844886654771,0.0,10.0,0.0,0.0,0.8341905235284612,-0.5016179286759221,0.0,0.995494599203227,0.09481826278310719,0.0,0.8342687764542056,-0.5223787997197249,0.0,inf
1750522748.1721644,6.108190536499023,-2.9643722799500813,-1.3007965296466564,0.0,10.0,0.0,0.0,0.82429699140201,-0.5001136162334043,0.0,0.9951111599484818,0.0987612238987912,0.0,0.826275697827139,-0.5004144787219555,0.0,inf
1750522748.2929761,6.229002237319946,-2.8655928992332895,-1.3607684190707046,0.0,10.0,0.0,0.0,0.8200389210447226,-0.4988090998593906,0.0,0.9946919425743265,0.10289771318019113,0.0,0.8200389210446524,-0.498809099859443,0.0,inf
1750522748.4071038,6.343129873275757,-2.7998979601823364,-1.4006962193624615,0.0,10.0,0.0,0.0,0.8223345552292662,-0.4993859074345838,0.0,0.994343492302234,0.10621214297902688,0.0,0.8223345552291761,-0.49938590743447975,0.0,inf
1750522748.5142825,6.450308561325073,-2.7175810038894004,-1.4505732032785599,0.0,10.0,0.0,0.0,0.8241901278960437,-0.49801686682673396,0.0,0.993890892062082,0.11036709054803709,0.0,0.8241901278962516,-0.49801686682671154,0.0,inf
1750522748.626814,6.562839984893799,-2.634183670281716,-1.5001689894396741,0.0,10.0,0.0,0.0,0.8426490112556765,-0.4941319513255785,0.0,0.9934110096919693,0.11460613344311839,0.0,0.8426490112558582,-0.49413195132563814,0.0,inf
1750522748.7320516,6.668077707290649,-2.549585976832414,-1.549924806276466,0.0,10.0,0.0,0.0,0.8477688931590653,-0.49940305446754213,0.0,0.9929308484976055,0.11869427156280572,0.0,0.8477688931591842,-0.49940305446760647,0.0,inf
1750522748.838375,6.7744011878967285,-2.4658742134325315,-1.5990889266643775,0.0,10.0,0.0,0.0,0.8303078125686134,-0.48667870924056206,0.0,0.992385880943471,0.12316762279126357,0.0,0.8303078125684316,-0.4866787092405733,0.0,inf
1750522748.9455066,6.881532669067383,-2.382191111868968,-1.6490846101792205,0.0,10.0,0.0,0.0,0.8467785705025412,-0.49444048446401356,0.0,0.9912475453712264,0.13201630124919658,0.0,0.8386708934238207,-0.5037019475839788,0.0,inf
1750522749.0483055,6.9843316078186035,-2.2976510853290626,-1.698686103498661,0.0,10.0,0.0,0.0,0.8467785705025412,-0.49444048446401356,0.0,0.9906153710776459,0.13667913734252962,0.0,0.8467785705024156,-0.49444048446400934,0.0,inf
1750522749.152849,7.08887505531311,-2.2130943829756453,-1.7490032206959036,0.0,10.0,0.0,0.0,0.8520249775087663,-0.4948598645604842,0.0,0.9899533494104097,0.1413943633640021,0.0,0.8452253051585146,-0.5056336735773659,0.0,inf
1750522749.2584536,7.194479703903198,-2.127993880310038,-1.7986508142872013,0.0,10.0,0.0,0.0,0.8441338230221334,-0.4841245794274039,0.0,0.98926884189453,0.14610666807731765,0.0,0.8520249775085809,-0.4948598645604374,0.0,inf
1750522749.3677568,7.303782939910889,-2.043533151080892,-1.8471276839407367,0.0,10.0,0.0,0.0,0.846540518305583,-0.49396424476329015,0.0,0.9885924336029668,0.15061540499883697,0.0,0.8441338230222861,-0.48412457942736964,0.0,inf
1750522749.4725761,7.408602237701416,-1.9590791543146386,-1.896348035373996,0.0,10.0,0.0,0.0,0.8215336352660718,-0.4719551143803476,0.0,0.9878673633425538,0.15529994347272322,0.0,0.8265350118740411,-0.47635694045693455,0.0,inf
1750522749.582895,7.518921136856079,-1.8606402964204405,-1.9529943879229978,0.0,10.0,0.0,0.0,0.8172636841561574,-0.4723003738909261,0.0,0.987125849642562,0.1599454812348573,0.0,0.8172636841561332,-0.4723003738908993,0.0,inf
1750522749.698121,7.6341471672058105,-1.7947871160438547,-1.9907385061707745,0.0,10.0,0.0,0.0,0.8324922533204244,-0.47101290087495307,0.0,0.9864684757110013,0.16395104887866332,0.0,0.8324922533204937,-0.4710129008749231,0.0,inf
1750522749.8171835,7.753209590911865,-1.7112790370528925,-2.038016403735517,0.0,10.0,0.0,0.0,0.8388057571964982,-0.4753204003199415,0.0,0.9857511760802075,0.16821004386328306,0.0,0.8388057571964147,-0.47532040031983414,0.0,inf
1750522749.9481838,7.884209871292114,-1.6269115112453563,-2.085513530675185,0.0,10.0,0.0,0.0,0.858723978733638,-0.4773441401310573,0.0,0.9843107378596639,0.17644367751258103,0.0,0.8467885455225588,-0.4747480545441718,0.0,inf
1750522750.058719,7.9947450160980225,-1.5412300803033683,-2.1332064073189057,0.0,10.0,0.0,0.0,0.8450269155558148,-0.47853695337002494,0.0,0.9834308706906228,0.18128354192447693,0.0,0.8587239787336554,-0.4773441401311196,0.0,inf
1750522750.159145,8.095171213150024,-1.4566041151791904,-2.181049367336753,0.0,10.0,0.0,0.0,0.8543071406594831,-0.4759000962730804,0.0,0.9824974708618388,0.18627592369946797,0.0,0.8450269155557688,-0.47853695336996793,0.0,inf
1750522750.272074,8.208100080490112,-1.371224588573733,-2.2286799401334467,0.0,10.0,0.0,0.0,0.8484704443645605,-0.48406324579207083,0.0,0.9815387665455738,0.19126329958513602,0.0,0.8519724621415037,-0.4791653560807241,0.0,inf
1750522750.3777153,8.313741445541382,-1.2863297329865744,-2.277052381954401,0.0,10.0,0.0,0.0,0.8580326745054998,-0.4772866941451541,0.0,0.9805773742184978,0.19613264177784437,0.0,0.8532515594350532,-0.4806749699686197,0.0,inf
1750522750.4844482,8.420474290847778,-1.2004539069052855,-2.3246976204331062,0.0,10.0,0.0,0.0,0.8620637095461561,-0.4726516421548428,0.0,0.9795500461838442,0.20120066357054744,0.0,0.8620637095462236,-0.4726516421547089,0.0,inf
1750522750.5893607,8.525386810302734,-1.1142379202453503,-2.372061324068281,0.0,10.0,0.0,0.0,0.8627505456400011,-0.47969017213338966,0.0,0.9784674954040091,0.2064009700505443,0.0,0.8627505456400009,-0.47969017213356224,0.0,inf
1750522750.7169502,8.652976274490356,-1.0110698571725962,-2.4293001112332315,0.0,10.0,0.0,0.0,0.8553627414757925,-0.47307724374424787,0.0,0.9773780983811903,0.21149953381690528,0.0,0.8553627414757958,-0.47307724374423543,0.0,inf
1750522750.8419,8.777926206588745,-0.942720730238187,-2.467929078132649,0.0,10.0,0.0,0.0,0.8539852865851503,-0.4865735782247563,0.0,0.9764341172425788,0.21581569610365625,0.0,0.8539852865852016,-0.48657357822490255,0.0,inf
1750522750.9482899,8.884315967559814,-0.8576644686612382,-2.5168268446038877,0.0,10.0,0.0,0.0,0.8490248940986138,-0.49005776154016867,0.0,0.9742131054403326,0.22562984108557907,0.0,0.84902489409866,-0.49005776154009695,0.0,inf
1750522751.0557005,8.991726636886597,-0.7729082032620208,-2.5650056133284824,0.0,10.0,0.0,0.0,0.850615857509752,-0.4765201725198048,0.0,0.9729366931464628,0.2310718311028532,0.0,0.847125880973354,-0.4793174053139282,0.0,inf
1750522751.1614935,9.097519636154175,-0.6878780272998702,-2.6126828056755955,0.0,10.0,0.0,0.0,0.8550432841718647,-0.4701646208410321,0.0,0.9716117477102054,0.23658108908262346,0.0,0.8506158575097844,-0.4765201725196455,0.0,inf
1750522751.2640605,9.20008659362793,-0.602389687942545,-2.6597087046183225,0.0,10.0,0.0,0.0,0.8536898942349349,-0.4653497226396893,0.0,0.9702257189633327,0.24220250672130597,0.0,0.8547726061844729,-0.4692016412007227,0.0,inf
1750522751.3680706,9.304096698760986,-0.5170206985190495,-2.706243676882312,0.0,10.0,0.0,0.0,0.8545868183265054,-0.469921423624324,0.0,0.9687850210079431,0.24790236600452092,0.0,0.8536898942349547,-0.46534972263989616,0.0,inf
1750522751.4762044,9.412230491638184,-0.43156239662603746,-2.7532210216864197,0.0,10.0,0.0,0.0,0.856639158736032,-0.4739518969219706,0.0,0.9673491480870898,0.25344748113797,0.0,0.8549972864084099,-0.4707275182838977,0.0,inf
1750522751.5935795,9.529605627059937,-0.34615943133728033,-2.8004902525864033,0.0,10.0,0.0,0.0,0.8421419040224035,-0.46695418624279683,0.0,0.9658670929198026,0.2590381416213632,0.0,0.8421419040224309,-0.46695418624276286,0.0,inf
1750522751.698088,9.634114027023315,-0.2621591942188688,-2.846659207148323,0.0,10.0,0.0,0.0,0.8339129315673914,-0.44670556845976694,0.0,0.9644574585568066,0.26423817028231483,0.0,0.8339129315673708,-0.44670556845982645,0.0,inf
1750522751.8021111,9.738137245178223,-0.17817508613364005,-2.8915671473187934,0.0,10.0,0.0,0.0,0.853035993776727,-0.45436309505598566,0.0,0.962882639014268,0.2699204021279587,0.0,0.8530359937767296,-0.4543630950561983,0.0,inf
1750522751.9060085,9.842034578323364,-0.09295612543989944,-2.9377021091044324,0.0,10.0,0.0,0.0,0.850748461778565,-0.4732455891105789,0.0,0.9612195002035492,0.2757844673444081,0.0,0.8507484617785581,-0.4732455891107712,0.0,inf
1750522752.011167,9.947193145751953,-0.007542147577066109,-2.9843473519681667,0.0,10.0,0.0,0.0,0.8581208897128493,-0.4584778489512776,0.0,0.959472828360833,0.2818011562028507,0.0,0.8581208897128489,-0.4584778489511443,0.0,inf
1750522752.1221318,10.058157920837402,0.07761812035074035,-3.0298499925327813,0.0,10.0,0.0,0.0,0.8426013410586009,-0.4502601267962775,0.0,0.9577132305106189,0.2877244656001891,0.0,0.8426013410585964,-0.45026012679638683,0.0,inf
1750522752.2304761,10.166502237319946,0.16157039979771806,-3.075097611302279,0.0,10.0,0.0,0.0,0.8366810591570291,-0.45452178237056734,0.0,0.9559844638482107,0.2934172879720094,0.0,0.8366810591570184,-0.45452178237059826,0.0,inf
1750522752.342919,10.278945207595825,0.26368076080515856,-3.129154680622333,0.0,10.0,0.0,0.0,0.8565488953034968,-0.44887591534252574,0.0,0.9542060200162916,0.2991502488126472,0.0,0.8565488953035105,-0.4488759153424837,0.0,inf
1750522752.4428074,10.378833532333374,0.331073766460782,-3.166823690387551,0.0,10.0,0.0,0.0,0.8412663822135675,-0.4726453280158621,0.0,0.9523077349835228,0.30513927621752057,0.0,0.8412663822135455,-0.47264532801571946,0.0,inf
1750522752.5477645,10.483790636062622,0.41568944741663605,-3.2145651843969767,0.0,10.0,0.0,0.0,0.8657297507933572,-0.4576600803733021,0.0,0.9481624676498608,0.3177859892130653,0.0,0.8477011550359068,-0.4789211333822152,0.0,inf
1750522752.6565893,10.592615365982056,0.5192459552043343,-3.2697035885127588,0.0,10.0,0.0,0.0,0.8606769698648289,-0.44934997002671273,0.0,0.9460483155995904,0.3240255924324158,0.0,0.8606769698648042,-0.44934997002687993,0.0,inf
1750522752.7608967,10.696922779083252,0.5881001127935186,-3.305651586114909,0.0,10.0,0.0,0.0,0.8754338630931783,-0.4385686354141508,0.0,0.9438944069952612,0.3302474048998176,0.0,0.8606769698648042,-0.44934997002687993,0.0,inf
1750522752.8660116,10.802037715911865,0.6929788685900683,-3.3582574573017703,0.0,10.0,0.0,0.0,0.8695997362569955,-0.4304157683193096,0.0,0.9415774860053704,0.33679643384069036,0.0,0.8695997362569985,-0.4304157683194809,0.0,inf
1750522752.9686067,10.904632806777954,0.7625545466413385,-3.392846083697506,0.0,10.0,0.0,0.0,0.8708829280420364,-0.4563099233488361,0.0,0.9392602868907628,0.3432056431206835,0.0,0.870369651328029,-0.44595226133719024,0.0,inf
1750522753.0721676,11.008193731307983,0.8496515412074207,-3.4384496050138753,0.0,10.0,0.0,0.0,0.8730583685113942,-0.4494421687165401,0.0,0.936799855053808,0.34986573363386736,0.0,0.8717531042297777,-0.4535628214959786,0.0,inf
1750522753.1768765,11.112902641296387,0.9371551961594174,-3.483220391608469,0.0,10.0,0.0,0.0,0.887188232858485,-0.43705429178416866,0.0,0.9342631489280221,0.35658430778021655,0.0,0.8871882328584935,-0.4370542917842002,0.0,inf
1750522753.2827816,11.218807697296143,1.0259947263550875,-3.526763620218419,0.0,10.0,0.0,0.0,0.8952353601799737,-0.4262409205526937,0.0,0.9317230481450639,0.363169604393417,0.0,0.8952353601798801,-0.4262409205528783,0.0,inf
1750522753.3878334,11.323859453201294,1.1154193293048236,-3.5692702008029875,0.0,10.0,0.0,0.0,0.8907384025321698,-0.42089949006576766,0.0,0.9290717589781173,0.3698995359138844,0.0,0.8907384025320653,-0.4208994900656293,0.0,inf
1750522753.4993794,11.435405492782593,1.2046790530398575,-3.6110938902146503,0.0,10.0,0.0,0.0,0.8973770983116616,-0.4113902188190213,0.0,0.9263869196460597,0.3765730674234221,0.0,0.8973770983116136,-0.41139021881919646,0.0,inf
1750522753.6084642,11.544490337371826,1.2936973492214676,-3.6517439821192013,0.0,10.0,0.0,0.0,0.8762178733247485,-0.39700992536726054,0.0,0.9238188800022855,0.38282982766671003,0.0,0.8762178733248138,-0.3970099253671755,0.0,inf
1750522753.7133455,11.64937162399292,1.380842970357759,-3.6912046971990438,0.0,10.0,0.0,0.0,0.866297744237599,-0.39200414501545244,0.0,0.9211585438113679,0.3891875346967324,0.0,0.8662977442375208,-0.392004145015612,0.0,inf
1750522753.8170578,11.753083944320679,1.4682308993192388,-3.7302898510220923,0.0,10.0,0.0,0.0,0.8814608349920687,-0.3896989314453445,0.0,0.9183780659968466,0.3957040913307465,0.0,0.8814608349920761,-0.38969893144535916,0.0,inf
1750522753.9216602,11.857686281204224,1.555811943595961,-3.7700164337212967,0.0,10.0,0.0,0.0,0.8711873945832653,-0.40345692334852046,0.0,0.9154526989783769,0.4024255905545833,0.0,0.8711873945832505,-0.403456923348422,0.0,inf
1750522754.0283554,11.964381456375122,1.6438146049759432,-3.810029430719872,0.0,10.0,0.0,0.0,0.8859194266108134,-0.397912001077098,0.0,0.9124524697715432,0.4091827102992151,0.0,0.8859194266108705,-0.3979120010773052,0.0,inf
1750522754.1331894,12.069215536117554,1.7325208943983832,-3.8493090664084035,0.0,10.0,0.0,0.0,0.8876009966308581,-0.3903889949127824,0.0,0.9093546797028954,0.41602171397950444,0.0,0.8876009966307663,-0.390388994912616,0.0,inf
1750522754.23919,12.17521619796753,1.8214807591281483,-3.888298839672647,0.0,10.0,0.0,0.0,0.8907718707051102,-0.38960921353147315,0.0,0.906183023038547,0.4228857159525732,0.0,0.890771870705187,-0.38960921353137223,0.0,inf
1750522754.3455405,12.281566619873047,1.9091418739865873,-3.9263520041825215,0.0,10.0,0.0,0.0,0.8904637981224767,-0.37064552430014186,0.0,0.8996607618304763,0.4365896398480006,0.0,0.872846905995317,-0.3781186205786824,0.0,inf
1750522754.4709435,12.406969547271729,1.9978535328484135,-3.963558545441816,0.0,10.0,0.0,0.0,0.9084999793190327,-0.36591800817920483,0.0,0.8965191425518728,0.44300499662876813,0.0,0.8904637981224095,-0.3706455242999951,0.0,inf
1750522754.5757163,12.511742353439331,2.088516089624814,-4.000178391672775,0.0,10.0,0.0,0.0,0.9049603075429372,-0.3563031340946596,0.0,0.8935510873388524,0.44896152877006573,0.0,0.907792044963962,-0.36399503336230765,0.0,inf
1750522754.6811976,12.617223739624023,2.1787144589378453,-4.03560745317622,0.0,10.0,0.0,0.0,0.8874508109974384,-0.3444647866811482,0.0,0.8899107387774144,0.45613471366322933,0.0,0.8874508109975032,-0.34446478668126446,0.0,inf
1750522754.7876832,12.723709344863892,2.2675815479255137,-4.0698967584118,0.0,10.0,0.0,0.0,0.8932607104220858,-0.3369803375123679,0.0,0.8863507003177876,0.46301450954172846,0.0,0.8932607104221724,-0.33698033751239365,0.0,inf
1750522754.901749,12.837774991989136,2.3563977544755237,-4.103259121585778,0.0,10.0,0.0,0.0,0.8710926890216661,-0.3223859645880255,0.0,0.882848276633461,0.4696583017953885,0.0,0.8710926890218573,-0.3223859645880012,0.0,inf
1750522755.008039,12.94406509399414,2.444512937125426,-4.135905397490903,0.0,10.0,0.0,0.0,0.8968853492195275,-0.3328392837244806,0.0,0.8795463040029965,0.4758133027928799,0.0,0.8968853492197226,-0.33283928372451754,0.0,inf
1750522755.1125662,13.048592329025269,2.5345234552260645,-4.168952475819965,0.0,10.0,0.0,0.0,0.9038849835385832,-0.32769036973812815,0.0,0.8757583335654633,0.4827497707825895,0.0,0.9038849835385498,-0.32769036973778753,0.0,inf
1750522755.2185526,13.154578685760498,2.6242510076144625,-4.201422664770019,0.0,10.0,0.0,0.0,0.8911744842028823,-0.3219432923586655,0.0,0.8718405659025613,0.48978977903453796,0.0,0.8911744842028391,-0.321943292358462,0.0,inf
1750522755.3440673,13.280093431472778,2.7144095554379484,-4.233550917079771,0.0,10.0,0.0,0.0,0.909439386013488,-0.32078404804141547,0.0,0.8678621681244475,0.4968050494291833,0.0,0.9094393860133998,-0.320784048041034,0.0,inf
1750522755.4532368,13.389262914657593,2.806148690769128,-4.265554239726232,0.0,10.0,0.0,0.0,0.9357458453390791,-0.3045768295764004,0.0,0.8604762448381128,0.5094905613152222,0.0,0.9204837850389502,-0.3197412402959898,0.0,inf
1750522755.562785,13.49881100654602,2.8995706547000233,-4.296163566791028,0.0,10.0,0.0,0.0,0.9260250089457116,-0.2886238239080269,0.0,0.8563288048651033,0.5164310001910265,0.0,0.9357458453389533,-0.3045768295759643,0.0,inf
1750522755.6708486,13.606874704360962,2.992199612039201,-4.325114298238994,0.0,10.0,0.0,0.0,0.9293721305870334,-0.3031030342002002,0.0,0.8521040832744424,0.5233723638739651,0.0,0.9276985697663775,-0.29586342905441043,0.0,inf
1750522755.7843382,13.720364332199097,3.0849054108953142,-4.354748614407085,0.0,10.0,0.0,0.0,0.9157595304349356,-0.2633390782035778,0.0,0.847898881247527,0.5301579832268795,0.0,0.9157595304349897,-0.26333907820319524,0.0,inf
1750522755.8921745,13.828200578689575,3.176699531445963,-4.380963925828996,0.0,10.0,0.0,0.0,0.9293949996316585,-0.2559268033025082,0.0,0.8435715622346563,0.5370167775674995,0.0,0.9293949996318496,-0.25592680330266404,0.0,inf
1750522755.9970472,13.933073282241821,3.2698620687019533,-4.406680662522333,0.0,10.0,0.0,0.0,0.938688220165574,-0.2610958184307888,0.0,0.8390755591621941,0.5440148950319753,0.0,0.9386882201654068,-0.26109581843059004,0.0,inf
1750522756.1014357,14.037461757659912,3.3643604832718017,-4.431804637453754,0.0,10.0,0.0,0.0,0.9561769022015286,-0.23371784866297085,0.0,0.8343053528278705,0.5513026194775085,0.0,0.956176902201733,-0.23371784866288436,0.0,inf
1750522756.214181,14.150207042694092,3.4601967786882986,-4.454592334057444,0.0,10.0,0.0,0.0,0.9630083145869651,-0.21546509045662576,0.0,0.8294505119366767,0.5585802075333361,0.0,0.963008314586844,-0.21546509045666795,0.0,inf
1750522756.316701,14.252727031707764,3.5566668596195026,-4.47431891740626,0.0,10.0,0.0,0.0,0.9663269316952519,-0.17978027287139897,0.0,0.8249125288566076,0.5652603999356373,0.0,0.9663269316950718,-0.1797802728713549,0.0,inf
1750522756.4217474,14.357773542404175,3.6536273315447136,-4.491017661466673,0.0,10.0,0.0,0.0,0.9721801237610905,-0.15693592953706736,0.0,0.8200053797423895,0.5723558134530824,0.0,0.9721801237612127,-0.15693592953702762,0.0,inf
1750522756.527209,14.463235139846802,3.770596822353939,-4.5100440212962685,0.0,10.0,0.0,0.0,0.9764561787316681,-0.15963104460855868,0.0,0.8151559349353338,0.5792415745953512,0.0,0.976456178731766,-0.159631044608588,0.0,inf
1750522756.6370971,14.573123216629028,3.848888787103957,-4.520077457256717,0.0,10.0,0.0,0.0,0.9792414239933249,-0.11618584447787839,0.0,0.8101049162509719,0.5862849347083768,0.0,0.9792414239933045,-0.11618584447781188,0.0,inf
1750522756.7476473,14.68367338180542,3.9464068839106345,-4.529942090055885,0.0,10.0,0.0,0.0,0.9743059549168405,-0.06021846743411552,0.0,0.8007050914998558,0.5990587253735711,0.0,0.9732701652778175,-0.09039243788055984,0.0,inf
1750522756.8529868,14.789012908935547,4.043820906768088,-4.536446720326419,0.0,10.0,0.0,0.0,0.9773135182021477,-0.04386167987883132,0.0,0.7959145329286438,0.6054089991674876,0.0,0.9743059549167654,-0.06021846743387016,0.0,inf
1750522756.95994,14.895966053009033,4.141495114885893,-4.541143667277881,0.0,10.0,0.0,0.0,0.9790214626514397,-0.00015868359248433564,0.0,0.7910592075301776,0.6117395934396659,0.0,0.9773135182022941,-0.04386167987924239,0.0,inf
1750522757.0650468,15.001072883605957,4.239385305539877,-4.541465456611137,0.0,10.0,0.0,0.0,0.9671368821029624,0.043176436422620854,0.0,0.7863262428654197,0.6178114921083556,0.0,0.979021462651275,-0.0001586835924882735,0.0,inf
1750522757.1718702,15.107896327972412,4.3361093368542045,-4.53698710071267,0.0,10.0,0.0,0.0,0.9669441975359099,0.06868235845070375,0.0,0.7816848829783004,0.6236735874824272,0.0,0.966982734449573,0.06358117404481334,0.0,inf
1750522757.2787702,15.214796304702759,4.432775889341867,-4.529521032676073,0.0,10.0,0.0,0.0,0.9653049465976109,0.1038489579543402,0.0,0.7772422005121048,0.6292015271302995,0.0,0.9653049465976338,0.10384895795390037,0.0,inf
1750522757.385443,15.321469068527222,4.529285623429641,-4.518588334638354,0.0,10.0,0.0,0.0,0.9640837364805173,0.1360726192673926,0.0,0.7727785865966625,0.6346757093962746,0.0,0.9640837364806032,0.13607261926740222,0.0,inf
1750522757.503496,15.43952202796936,4.644965181084983,-4.500214260728974,0.0,10.0,0.0,0.0,0.9638506093174991,0.18152505476317127,0.0,0.7684284375296866,0.639935728331904,0.0,0.9638506093176957,0.1815250547627656,0.0,inf
1750522757.6091385,15.545164585113525,4.721580933309084,-4.484200216485888,0.0,10.0,0.0,0.0,0.9505452979309231,0.2218504564403216,0.0,0.7646325922365633,0.6444664451230905,0.0,0.950545297930816,0.22185045644018686,0.0,inf
1750522757.7227643,15.658790349960327,4.816238384676299,-4.459344127111635,0.0,10.0,0.0,0.0,0.9429091743563836,0.27321668202173743,0.0,0.7607158542544629,0.6490850399492372,0.0,0.9429091743564655,0.2732166820216264,0.0,inf
1750522757.8315513,15.767577409744263,4.910240380416202,-4.429837436070369,0.0,10.0,0.0,0.0,0.9383231156940641,0.30789958422943514,0.0,0.7573101143762876,0.6530554269458101,0.0,0.9383231156938621,0.3078995842296095,0.0,inf
1750522757.9422162,15.878242254257202,5.020169255455463,-4.3881139219747345,0.0,10.0,0.0,0.0,0.9053614015699954,0.3668571643292583,0.0,0.7538659112540927,0.6570283006454413,0.0,0.9053614015703815,0.36685716432938165,0.0,inf
1750522758.045345,15.9813711643219,5.090339107687277,-4.353559921805156,0.0,10.0,0.0,0.0,0.8763990952391119,0.43359340821680425,0.0,0.7482096215028978,0.6634624045795589,0.0,0.8763990952393996,0.4335934082169146,0.0,inf
1750522758.1547873,16.090813398361206,5.178004972953064,-4.3086289859710325,0.0,10.0,0.0,0.0,0.8587443263637977,0.4802535086777857,0.0,0.7459379323193024,0.6660154661321342,0.0,0.8767498485076075,0.4548311786551906,0.0,inf
1750522758.2625635,16.19858956336975,5.264109868801716,-4.260924873240916,0.0,10.0,0.0,0.0,0.819124706451197,0.540350321366527,0.0,0.7437820336465583,0.6684222366323476,0.0,0.8547823643728414,0.48626318994653417,0.0,inf
1750522758.3680851,16.30411124229431,5.346022339446845,-4.2068898411042595,0.0,10.0,0.0,0.0,0.7948792701659118,0.5805308997628333,0.0,0.7421905823100519,0.6701888834726119,0.0,0.8191247064512908,0.5403503213665672,0.0,inf
1750522758.4887943,16.42482042312622,5.425313698008654,-4.148634474511283,0.0,10.0,0.0,0.0,0.7630997065445304,0.6208488506323797,0.0,0.7410708403031566,0.6714268460914959,0.0,0.7630997065444234,0.620848850632072,0.0,inf
1750522758.5972826,16.533308744430542,5.500400718601502,-4.085348804966465,0.0,10.0,0.0,0.0,0.7236497045575686,0.6595838339100158,0.0,0.7404701423771453,0.6720892561616874,0.0,0.7236497045575163,0.6595838339098492,0.0,inf
1750522758.7091687,16.64519476890564,5.5738526712850405,-4.0203116467540605,0.0,10.0,0.0,0.0,0.754706339636833,0.6332631145217875,0.0,0.7403749543649715,0.6721941140392902,0.0,0.7547063396371456,0.6332631145218315,0.0,inf
1750522758.8152537,16.751279830932617,5.6478666037606065,-3.9549548720506014,0.0,10.0,0.0,0.0,0.724977737838193,0.6747011400580819,0.0,0.740080598764428,0.6725181836444911,0.0,0.724977737838195,0.674701140058076,0.0,inf
1750522758.9253488,16.861374855041504,5.718353676925089,-3.886010756611201,0.0,10.0,0.0,0.0,0.6830881416022027,0.7054095032577383,0.0,0.7401060256910907,0.6724902012191246,0.0,0.6830881416020063,0.7054095032579255,0.0,inf
1750522759.028355,16.964380979537964,5.790858074868157,-3.819723078233169,0.0,10.0,0.0,0.0,0.7496847095842406,0.6378972501190678,0.0,0.7406300806857139,0.6719130029873457,0.0,0.7496847095840309,0.6378972501188684,0.0,inf
1750522759.1313822,17.067408323287964,5.866604317533208,-3.756126094746818,0.0,10.0,0.0,0.0,0.7624350654305416,0.6347375529787771,0.0,0.7404767227011588,0.6720820062594677,0.0,0.7624350654307221,0.6347375529789367,0.0,inf
1750522759.236391,17.172417163848877,5.943227176086245,-3.6930218052388226,0.0,10.0,0.0,0.0,0.7677038433471006,0.6296060836748931,0.0,0.7400120271966306,0.672593636309721,0.0,0.7677038433469008,0.6296060836747941,0.0,inf
1750522759.3413327,17.277358770370483,6.01873032322846,-3.628821172405255,0.0,10.0,0.0,0.0,0.7487898553991609,0.648113911526764,0.0,0.7394316820996242,0.6732316001996045,0.0,0.7487898553995009,0.6481139115268597,0.0,inf
1750522759.4466143,17.38264036178589,6.094104861942101,-3.564303747727056,0.0,10.0,0.0,0.0,0.7299325971553523,0.6722575894314543,0.0,0.7386689379372401,0.674068394249923,0.0,0.7557694775641721,0.6439735386467582,0.0,inf
1750522759.5558827,17.49190878868103,6.167511511744207,-3.497530533596475,0.0,10.0,0.0,0.0,0.7075213167244638,0.6918824378812451,0.0,0.738642881843799,0.6740969463671287,0.0,0.7299325971557025,0.6722575894313465,0.0,inf
1750522759.6657252,17.60175132751465,6.2385324012344725,-3.4285557029357943,0.0,10.0,0.0,0.0,0.6775804270364152,0.7254105871335013,0.0,0.7389460434026841,0.6737646064758214,0.0,0.6985390498179811,0.7019408826569595,0.0,inf
1750522759.7712736,17.70729970932007,6.306365568951659,-3.3560946928833655,0.0,10.0,0.0,0.0,0.6901012626228364,0.7120691436431181,0.0,0.739857440772329,0.6727636786671971,0.0,0.6850929283883644,0.7174057210394658,0.0,inf
1750522759.886712,17.82273817062378,6.375902123261685,-3.285480107342913,0.0,10.0,0.0,0.0,0.7193472652752956,0.6791619867609964,0.0,0.7406297847723976,0.6719133291638081,0.0,0.7193472652753385,0.679161986761212,0.0,inf
1750522759.992026,17.928052186965942,6.448723338801589,-3.21857658892438,0.0,10.0,0.0,0.0,0.7596422203831635,0.6331310659618916,0.0,0.7410209182742727,0.6714819421845636,0.0,0.75964222038305,0.6331310659617451,0.0,inf
1750522760.102459,18.038485050201416,6.523690384293286,-3.154132225825684,0.0,10.0,0.0,0.0,0.7227097556936419,0.6750294549442292,0.0,0.7406755854779047,0.6718628409705087,0.0,0.7227097556938844,0.6750294549440206,0.0,inf
1750522760.2060819,18.14210796356201,6.595321413211244,-3.0862472832821553,0.0,10.0,0.0,0.0,0.7058690543404159,0.685082008868528,0.0,0.7406784727926258,0.6718596579208962,0.0,0.7058690543404467,0.6850820088684095,0.0,inf
1750522760.317427,18.253453016281128,6.666249500928248,-3.017739026269263,0.0,10.0,0.0,0.0,0.7136231971350977,0.6850832844605985,0.0,0.741067698408158,0.6714303138643917,0.0,0.7136231971349716,0.6850832844604859,0.0,inf
1750522760.428157,18.36418318748474,6.737965435598155,-2.9500310904132867,0.0,10.0,0.0,0.0,0.719516779741866,0.6717434079592202,0.0,0.7414841966705833,0.6709703317493105,0.0,0.7195167797418023,0.6717434079592799,0.0,inf
1750522760.5474293,18.483455419540405,6.8089505940920345,-2.8815609171585077,0.0,10.0,0.0,0.0,0.698296415381976,0.6902520131512129,0.0,0.7421673833120372,0.6702145739595368,0.0,0.7044149128621058,0.6919907901288269,0.0,inf
1750522760.6534083,18.589434385299683,6.878884250087387,-2.8125061566347584,0.0,10.0,0.0,0.0,0.7180903871507843,0.6808930806051392,0.0,0.7428218804696489,0.669489099161095,0.0,0.6982964153818827,0.6902520131513157,0.0,inf
1750522760.7600024,18.696028470993042,6.950455761141265,-2.7443045413836993,0.0,10.0,0.0,0.0,0.7437696924503758,0.654501837917759,0.0,0.7432700725987549,0.6689914791527928,0.0,0.7180903871510935,0.6808930806050384,0.0,inf
1750522760.863913,18.799939155578613,7.024807051080982,-2.67882796634923,0.0,10.0,0.0,0.0,0.7121839208731339,0.6872853646480686,0.0,0.7431864159631322,0.6690844125578435,0.0,0.743769692450158,0.6545018379178202,0.0,inf
1750522760.9698102,18.90583634376526,7.110967845700541,-2.596953707639438,0.0,10.0,0.0,0.0,0.7412974256554974,0.6622859876492504,0.0,0.7436048060872656,0.6686193927519005,0.0,0.7412974256553184,0.6622859876492804,0.0,inf
1750522761.1019988,19.03802490234375,7.1702914336822925,-2.5442752236347292,0.0,10.0,0.0,0.0,0.7425345462384494,0.6432612996973324,0.0,0.7436762094716681,0.6685399729753274,0.0,0.7425345462381827,0.6432612996971621,0.0,inf
1750522761.2298124,19.165838479995728,7.243850813213278,-2.4790816316133353,0.0,10.0,0.0,0.0,0.7283697484256354,0.6609646068743542,0.0,0.7435015418658861,0.6687342201824653,0.0,0.7283697484252727,0.6609646068742592,0.0,inf
1750522761.3387568,19.27478289604187,7.331331515493467,-2.3997898959062387,0.0,10.0,0.0,0.0,0.7292784682964637,0.6606786888050439,0.0,0.7435002716286618,0.6687356324349002,0.0,0.7292784682961795,0.6606786888050387,0.0,inf
1750522761.4409626,19.376988649368286,7.38659467103626,-2.343893193964393,0.0,10.0,0.0,0.0,0.6967920605828855,0.6929338825806466,0.0,0.7435653886695419,0.668663228219343,0.0,0.6846535129207965,0.7047715415215983,0.0,inf
1750522761.5454085,19.48143458366394,7.456043244688972,-2.274374890186461,0.0,10.0,0.0,0.0,0.7466780719572922,0.6378065487500064,0.0,0.7455029317347833,0.6665023471637913,0.0,0.6967920605829292,0.6929338825805154,0.0,inf
1750522761.6567392,19.59276533126831,7.5298131036799525,-2.209601943302529,0.0,10.0,0.0,0.0,0.764057402314438,0.6266153455676102,0.0,0.7453687004542597,0.6666524584692749,0.0,0.7466780719571631,0.6378065487497864,0.0,inf
1750522761.7718716,19.707897663116455,7.606018195682628,-2.1467125476238684,0.0,10.0,0.0,0.0,0.7527726999931432,0.6479757312309417,0.0,0.7447095939835732,0.6673886578514963,0.0,0.7561581106894977,0.6415676155317573,0.0,inf
1750522761.8759022,19.811928272247314,7.681402082372485,-2.0821629988640162,0.0,10.0,0.0,0.0,0.7624651264053521,0.6254280618465589,0.0,0.7442086020966886,0.6679472707970986,0.0,0.7624651264057647,0.6254280618467334,0.0,inf
1750522761.980811,19.916837215423584,7.772838269037043,-2.0069600777298953,0.0,10.0,0.0,0.0,0.7604775096012539,0.6304798522637416,0.0,0.7433759993866327,0.6688737724981636,0.0,0.7604775096012872,0.6304798522638322,0.0,inf
1750522762.0891247,20.025150775909424,7.833686139456742,-1.9564201172848077,0.0,10.0,0.0,0.0,0.7608804117508037,0.6347120299297727,0.0,0.742527983779617,0.6698150441011138,0.0,0.7608804117511525,0.6347120299297071,0.0,inf
1750522762.1955452,20.131571292877197,7.909263120106044,-1.89223416522489,0.0,10.0,0.0,0.0,0.7412242376810956,0.6622023786584272,0.0,0.7416627837820029,0.6707729236878379,0.0,0.7412242376814149,0.6622023786584386,0.0,inf
1750522762.301874,20.237900018692017,7.9822133890022595,-1.8248784033102714,0.0,10.0,0.0,0.0,0.7034127901995015,0.6988321866833868,0.0,0.7413548595751698,0.671113233504064,0.0,0.7034127901999199,0.6988321866834291,0.0,inf
1750522762.406464,20.342490196228027,8.053376704025519,-1.7557395347455493,0.0,10.0,0.0,0.0,0.7308139903095161,0.6740205165626909,0.0,0.7421481214564649,0.6702359031107185,0.0,0.7308139903088318,0.6740205165627344,0.0,inf
1750522762.5136712,20.449697256088257,8.127458055555442,-1.6896907295720678,0.0,10.0,0.0,0.0,0.7540686995882779,0.6425496681256222,0.0,0.7426828530093761,0.6696433228561706,0.0,0.7540686995888279,0.6425496681257137,0.0,inf
1750522762.6242194,20.560245513916016,8.204158358927666,-1.6268030658251256,0.0,10.0,0.0,0.0,0.7821868172695585,0.6128256884381513,0.0,0.7422107311084258,0.6701665693150441,0.0,0.7821868172701585,0.6128256884381234,0.0,inf
1750522762.736457,20.672483205795288,8.280735828110808,-1.5634678859596853,0.0,10.0,0.0,0.0,0.757691107660448,0.643461673835559,0.0,0.740729708050543,0.6718031702897489,0.0,0.7576911076601078,0.6434616738355547,0.0,inf
1750522762.8471954,20.78322148323059,8.354949069101055,-1.4982017637307434,0.0,10.0,0.0,0.0,0.7597638457184963,0.6366489997510809,0.0,0.7393391274269266,0.6733332419059603,0.0,0.7372191369263703,0.6555663428537972,0.0,inf
1750522762.9534204,20.8894464969635,8.430542193623376,-1.4342152689228849,0.0,10.0,0.0,0.0,0.7803055681800534,0.6133651138317189,0.0,0.7382642203505805,0.6745116314417045,0.0,0.7597638457177425,0.6366489997511326,0.0,inf
1750522763.058676,20.994702100753784,8.508305708049317,-1.3725760670227527,0.0,10.0,0.0,0.0,0.7640825066154041,0.6245113934799928,0.0,0.7362097375631953,0.6767534427818828,0.0,0.7803055681794291,0.6133651138318097,0.0,inf
1750522763.1674871,21.10351324081421,8.584778850957083,-1.3101695127933488,0.0,10.0,0.0,0.0,0.7346901503414964,0.6619204170299267,0.0,0.714869358334302,0.661017614634734,0.0,0.7640825066150825,0.6245113934799651,0.0,inf
1750522763.2706518,21.20667791366577,8.6584242201289,-1.2442019252316538,0.0,10.0,0.0,0.0,0.7121902904286959,0.6786547000010557,0.0,0.6799715168148222,0.6303749678287013,0.0,0.7346901503417769,0.6619204170299486,0.0,inf
1750522763.3810625,21.31708860397339,8.730679402887105,-1.1786191422946108,0.0,10.0,0.0,0.0,0.7797672141223093,0.5275911813282244,0.0,0.6469182652762289,0.599374397307277,0.0,0.7797672141229839,0.5275911813282796,0.0,inf
1750522763.4952128,21.431238889694214,8.807939856708288,-1.1260810111064943,0.0,10.0,0.0,0.0,0.7499227311595529,0.5183833919652183,0.0,0.6116776859296644,0.5737595152765771,0.0,0.7499227311598133,0.5183833919653047,0.0,inf
1750522763.605212,21.5412380695343,8.88154417717692,-1.0743143395431927,0.0,10.0,0.0,0.0,0.70654921093046,0.5161437784268208,0.0,0.578663439976892,0.5510358375287874,0.0,0.706549210930163,0.516143778426903,0.0,inf
1750522763.723765,21.659790992736816,8.966462100420504,-1.0168487580367145,0.0,10.0,0.0,0.0,0.7087868029973436,0.44035272919390933,0.0,0.5458406632044426,0.5273776034435076,0.0,0.7087868029973521,0.44035272919384916,0.0,inf
1750522763.833411,21.769437074661255,9.023960957014513,-0.9888866508253631,0.0,10.0,0.0,0.0,0.7229995236087163,0.3106007448339475,0.0,0.5163959041039599,0.5081926144240447,0.0,0.7229995236084363,0.310600744833911,0.0,inf
1750522763.9406505,21.876676559448242,9.083457060062315,-0.9466348602498704,0.0,10.0,0.0,0.0,0.5400873905658572,0.4704824032924944,0.0,0.4838337347771162,0.49264511057416943,0.0,0.5400873905649917,0.4704824032925048,0.0,inf
1750522764.0473495,21.983375549316406,9.14055372990522,-0.9060019835422402,0.0,10.0,0.0,0.0,0.44408775478931006,0.4831375102527734,0.0,0.43030439484844063,0.453385935992791,0.0,0.5812598010503933,0.38494422167090203,0.0,inf
1750522764.18233,22.118355989456177,9.187659113410863,-0.859785500968452,0.0,10.0,0.0,0.0,0.5344269024866829,0.2515415418209949,0.0,0.41102656354530787,0.4350109421944149,0.0,0.45312166955966404,0.4599779134095705,0.0,inf
1750522764.2963743,22.23240041732788,9.242019367060024,-0.8373400754059278,0.0,10.0,0.0,0.0,0.5640257218566058,0.1641631992541767,0.0,0.3922753438299136,0.4233526703968814,0.0,0.5640257218573197,0.16416319925416367,0.0,inf
1750522764.4048743,22.340900421142578,9.2895763172534,-0.8149662098400119,0.0,10.0,0.0,0.0,0.25900427384515406,0.36959580754727583,0.0,0.3657357120063409,0.4148122025204911,0.0,0.25900427384506486,0.36959580754725163,0.0,inf
1750522764.5196192,22.455645322799683,9.320838537599537,-0.7828527662045222,0.0,10.0,0.0,0.0,0.4001040886244128,0.2420658833568049,0.0,0.3504407100129958,0.40067476109676714,0.0,0.4001040886247864,0.24206588335684565,0.0,inf
1750522764.6484485,22.584474563598633,9.3533444272429,-0.7516156906808398,0.0,10.0,0.0,0.0,0.3097364023853493,0.36900919551890704,0.0,0.33473736591687864,0.3884961118826782,0.0,0.25001370424249103,0.3826756271168019,0.0,inf
1750522764.755254,22.691280126571655,9.383362504311192,-0.7144961082233872,0.0,10.0,0.0,0.0,0.36309007279950906,0.3186132677286476,0.0,0.30994893943590807,0.35919020777231914,0.0,0.30973640238585176,0.3690091955188546,0.0,inf
1750522764.8614247,22.79745078086853,9.419244682227797,-0.6822316140282014,0.0,10.0,0.0,0.0,0.3170777817273041,0.35393005611975703,0.0,0.2931008344320949,0.3435054065220655,0.0,0.36309007279911043,0.3186132677286402,0.0,inf
1750522764.9658496,22.901875734329224,9.451079005463455,-0.6469692693841371,0.0,10.0,0.0,0.0,0.35159826256594334,0.2939026649939319,0.0,0.2776485353259597,0.3269939215577029,0.0,0.32052982981074507,0.3479273170071462,0.0,inf
1750522765.0696247,23.005650758743286,9.486476307748,-0.6189217637675636,0.0,10.0,0.0,0.0,0.385523409404245,0.10207968173359146,0.0,0.26113677363416166,0.31234727054492895,0.0,0.3753458653530828,0.15962657671170222,0.0,inf
1750522765.179413,23.11543917655945,9.52411769145047,-0.6073232045451123,0.0,10.0,0.0,0.0,0.30961030624107855,0.21796226915788022,0.0,0.24316707326805798,0.3058612299489657,0.0,0.3096103062407707,0.21796226915793415,0.0,inf
1750522765.2867305,23.2227566242218,9.555202825759533,-0.5854598995384456,0.0,10.0,0.0,0.0,0.31500611863149375,0.22087870789154035,0.0,0.22865284508754158,0.29712273419781815,0.0,0.31500611863144456,0.2208787078915586,0.0,inf
1750522765.3925388,23.328564882278442,9.585231856346269,-0.5623630825770751,0.0,10.0,0.0,0.0,0.2169007002048528,0.28814178603921536,0.0,0.21361157433735656,0.2865685963385635,0.0,0.21690070020419228,0.2881417860391977,0.0,inf
1750522765.5168931,23.452919244766235,9.605243639249835,-0.5260750422197633,0.0,10.0,0.0,0.0,0.09657467778591325,0.322362306691393,0.0,0.20247526650645487,0.27466043770975573,0.0,0.09657467778545481,0.32236230669135946,0.0,inf
1750522765.6331491,23.569175243377686,9.615699589429155,-0.5016501084229139,0.0,10.0,0.0,0.0,0.15861958588759278,0.2913611535445221,0.0,0.19697155015282775,0.26168020613433907,0.0,0.15861958588736513,0.29136115354455594,0.0,inf
1750522765.7488291,23.684855222702026,9.638942495427267,-0.47037882581256996,0.0,10.0,0.0,0.0,0.20486745063069212,0.25078911162148,0.0,0.18257742679267164,0.2376973040224996,0.0,0.20486745063053036,0.25078911162146333,0.0,inf
1750522765.858324,23.794350147247314,9.657769221322328,-0.45368246412963337,0.0,10.0,0.0,0.0,0.2468430327194489,0.18089462508360682,0.0,0.1723646797698466,0.22792491038936613,0.0,0.23736518189210187,0.2058988816643903,0.0,inf
1750522765.9635282,23.89955425262451,9.68236822393686,-0.4353679633120478,0.0,10.0,0.0,0.0,0.17656858989426982,0.22312887998466038,0.0,0.1610244835874841,0.21930251251203492,0.0,0.24684303271982344,0.180894625083583,0.0,inf
1750522766.0744545,24.010480642318726,9.699816144571434,-0.4130010464931078,0.0,10.0,0.0,0.0,0.15915706031791138,0.22763128169086289,0.0,0.15254770309030086,0.20976290641656856,0.0,0.15915706031854882,0.22763128169084323,0.0,inf
1750522766.1836808,24.119706869125366,9.719543464695887,-0.3866942699838888,0.0,10.0,0.0,0.0,0.17614281399970533,0.20036162510483108,0.0,0.14489838153546675,0.1990725551071685,0.0,0.17614281400035736,0.20036162510483901,0.0,inf
1750522766.2933116,24.229337692260742,9.73172375604439,-0.37027696682395606,0.0,10.0,0.0,0.0,0.06996871558303386,0.22193791130180693,0.0,0.13712479902443064,0.18981695397819248,0.0,0.06996871558229145,0.22193791130181717,0.0,inf
1750522766.4169836,24.353009700775146,9.740285441523767,-0.348936756011025,0.0,10.0,0.0,0.0,0.1122609837219609,0.1988681729977511,0.0,0.13256382587720328,0.18014488040768714,0.0,0.1122609837214128,0.19886817299774595,0.0,inf
1750522766.5261698,24.462195873260498,9.748082045236616,-0.32833729415859586,0.0,10.0,0.0,0.0,0.052094410751715656,0.21137070900921215,0.0,0.12838016103125582,0.17185169151870006,0.0,0.05209441075137988,0.21137070900922872,0.0,inf
1750522766.6429827,24.57900881767273,9.754596400061823,-0.30778062157712155,0.0,10.0,0.0,0.0,0.07384297325172315,0.2016974036850821,0.0,0.12270179996908848,0.15389031078856077,0.0,0.07384297325252476,0.20169740368508604,0.0,inf
1750522766.7477102,24.683736324310303,9.76826426949234,-0.28973723285131275,0.0,10.0,0.0,0.0,0.06852479843681054,0.16465747777899303,0.0,0.11711428777833266,0.14642379039908196,0.0,0.09315728552152791,0.15185456367182715,0.0,inf
1750522766.8514168,24.787442922592163,9.773746253367255,-0.2765646346289931,0.0,10.0,0.0,0.0,0.12341205757807566,0.11075130351356606,0.0,0.11334326741669809,0.13880228829695654,0.0,0.06852479843644232,0.16465747777899553,0.0,inf
1750522766.9566753,24.892701387405396,9.785428812015331,-0.2648426301864512,0.0,10.0,0.0,0.0,0.0785516096548833,0.14327568335940458,0.0,0.10799080574992104,0.1330541796847317,0.0,0.12341205757770979,0.11075130351356766,0.0,inf
1750522767.0647643,25.00079035758972,9.793644318144615,-0.25081219824382817,0.0,10.0,0.0,0.0,0.12487363805401513,0.07380994896116448,0.0,0.1039056503273601,0.12666432069166966,0.0,0.08318381249416973,0.13632910991959735,0.0,inf
1750522767.1682277,25.1042537689209,9.80582897440916,-0.2432062514170075,0.0,10.0,0.0,0.0,0.06433212988415439,0.11880033510195034,0.0,0.09838006430772595,0.1225702431881429,0.0,0.09460288396923033,0.09630514203155804,0.0,inf
1750522767.2718399,25.207865953445435,9.812293817180855,-0.23122989492520177,0.0,10.0,0.0,0.0,0.0678465502443921,0.1295028886142699,0.0,0.09470522398969194,0.11720751330973164,0.0,0.06749510820860394,0.128432633263037,0.0,inf
