"filename", "language", "Markdown", "C++", "YAML", "XML", "CMake", "Python", "Log", "comment", "blank", "total"
"/home/xizesse/ros_ws/src/avoa3d/CMakeLists.txt", "CMake", 0, 0, 0, 0, 134, 0, 0, 0, 21, 155
"/home/xizesse/ros_ws/src/avoa3d/README.md", "Markdown", 1, 0, 0, 0, 0, 0, 0, 0, 0, 1
"/home/xizesse/ros_ws/src/avoa3d/config/PlotJugglerLayout.xml", "XML", 0, 0, 0, 102, 0, 0, 0, 5, 2, 109
"/home/xizesse/ros_ws/src/avoa3d/config/bridge_config.yaml", "YAML", 0, 0, 24, 0, 0, 0, 0, 4, 7, 35
"/home/xizesse/ros_ws/src/avoa3d/config/default_params.yaml", "YAML", 0, 0, 21, 0, 0, 0, 0, 12, 11, 44
"/home/xizesse/ros_ws/src/avoa3d/config/diff_drive_params.yaml", "YAML", 0, 0, 22, 0, 0, 0, 0, 11, 10, 43
"/home/xizesse/ros_ws/src/avoa3d/config/holonomic_params.yaml", "YAML", 0, 0, 21, 0, 0, 0, 0, 11, 8, 40
"/home/xizesse/ros_ws/src/avoa3d/config/nest_bridge_config.yaml", "YAML", 0, 0, 6, 0, 0, 0, 0, 23, 7, 36
"/home/xizesse/ros_ws/src/avoa3d/config/nest_params.yaml", "YAML", 0, 0, 32, 0, 0, 0, 0, 11, 12, 55
"/home/xizesse/ros_ws/src/avoa3d/include/avoa3d/motion_params.hpp", "C++", 0, 28, 0, 0, 0, 0, 0, 9, 11, 48
"/home/xizesse/ros_ws/src/avoa3d/include/avoa3d/sample_evaluator.hpp", "C++", 0, 39, 0, 0, 0, 0, 0, 9, 14, 62
"/home/xizesse/ros_ws/src/avoa3d/include/avoa3d/sample_generator.hpp", "C++", 0, 70, 0, 0, 0, 0, 0, 12, 23, 105
"/home/xizesse/ros_ws/src/avoa3d/include/avoa3d/sample_visualizer.hpp", "C++", 0, 23, 0, 0, 0, 0, 0, 1, 8, 32
"/home/xizesse/ros_ws/src/avoa3d/include/avoa3d/velocity_sample.hpp", "C++", 0, 15, 0, 0, 0, 0, 0, 1, 6, 22
"/home/xizesse/ros_ws/src/avoa3d/launch/avoa.launch.py", "Python", 0, 0, 0, 0, 0, 139, 0, 15, 20, 174
"/home/xizesse/ros_ws/src/avoa3d/launch/bridge_launch.xml", "XML", 0, 0, 0, 16, 0, 0, 0, 2, 2, 20
"/home/xizesse/ros_ws/src/avoa3d/launch/diff_drive.launch.py", "Python", 0, 0, 0, 0, 0, 122, 0, 14, 17, 153
"/home/xizesse/ros_ws/src/avoa3d/launch/holonomic.launch.py", "Python", 0, 0, 0, 0, 0, 170, 0, 16, 19, 205
"/home/xizesse/ros_ws/src/avoa3d/log/build_2025-03-24_18-15-52/avoa3d/command.log", "Log", 0, 0, 0, 0, 0, 0, 6, 0, 1, 7
"/home/xizesse/ros_ws/src/avoa3d/log/build_2025-03-24_18-15-52/avoa3d/stderr.log", "Log", 0, 0, 0, 0, 0, 0, 0, 0, 1, 1
"/home/xizesse/ros_ws/src/avoa3d/log/build_2025-03-24_18-15-52/avoa3d/stdout.log", "Log", 0, 0, 0, 0, 0, 0, 333, 0, 1, 334
"/home/xizesse/ros_ws/src/avoa3d/log/build_2025-03-24_18-15-52/avoa3d/stdout_stderr.log", "Log", 0, 0, 0, 0, 0, 0, 333, 0, 1, 334
"/home/xizesse/ros_ws/src/avoa3d/log/build_2025-03-24_18-15-52/avoa3d/streams.log", "Log", 0, 0, 0, 0, 0, 0, 339, 0, 1, 340
"/home/xizesse/ros_ws/src/avoa3d/log/build_2025-03-24_18-15-52/events.log", "Log", 0, 0, 0, 0, 0, 0, 547, 0, 1, 548
"/home/xizesse/ros_ws/src/avoa3d/log/build_2025-03-24_18-15-52/logger_all.log", "Log", 0, 0, 0, 0, 0, 0, 122, 0, 1, 123
"/home/xizesse/ros_ws/src/avoa3d/log/build_2025-03-24_18-16-31/avoa3d/command.log", "Log", 0, 0, 0, 0, 0, 0, 4, 0, 1, 5
"/home/xizesse/ros_ws/src/avoa3d/log/build_2025-03-24_18-16-31/avoa3d/stderr.log", "Log", 0, 0, 0, 0, 0, 0, 0, 0, 1, 1
"/home/xizesse/ros_ws/src/avoa3d/log/build_2025-03-24_18-16-31/avoa3d/stdout.log", "Log", 0, 0, 0, 0, 0, 0, 181, 0, 1, 182
"/home/xizesse/ros_ws/src/avoa3d/log/build_2025-03-24_18-16-31/avoa3d/stdout_stderr.log", "Log", 0, 0, 0, 0, 0, 0, 181, 0, 1, 182
"/home/xizesse/ros_ws/src/avoa3d/log/build_2025-03-24_18-16-31/avoa3d/streams.log", "Log", 0, 0, 0, 0, 0, 0, 185, 0, 1, 186
"/home/xizesse/ros_ws/src/avoa3d/log/build_2025-03-24_18-16-31/events.log", "Log", 0, 0, 0, 0, 0, 0, 197, 0, 1, 198
"/home/xizesse/ros_ws/src/avoa3d/log/build_2025-03-24_18-16-31/logger_all.log", "Log", 0, 0, 0, 0, 0, 0, 120, 0, 1, 121
"/home/xizesse/ros_ws/src/avoa3d/log/build_2025-03-24_18-16-37/avoa3d/command.log", "Log", 0, 0, 0, 0, 0, 0, 4, 0, 1, 5
"/home/xizesse/ros_ws/src/avoa3d/log/build_2025-03-24_18-16-37/avoa3d/stderr.log", "Log", 0, 0, 0, 0, 0, 0, 0, 0, 1, 1
"/home/xizesse/ros_ws/src/avoa3d/log/build_2025-03-24_18-16-37/avoa3d/stdout.log", "Log", 0, 0, 0, 0, 0, 0, 181, 0, 1, 182
"/home/xizesse/ros_ws/src/avoa3d/log/build_2025-03-24_18-16-37/avoa3d/stdout_stderr.log", "Log", 0, 0, 0, 0, 0, 0, 181, 0, 1, 182
"/home/xizesse/ros_ws/src/avoa3d/log/build_2025-03-24_18-16-37/avoa3d/streams.log", "Log", 0, 0, 0, 0, 0, 0, 185, 0, 1, 186
"/home/xizesse/ros_ws/src/avoa3d/log/build_2025-03-24_18-16-37/events.log", "Log", 0, 0, 0, 0, 0, 0, 196, 0, 1, 197
"/home/xizesse/ros_ws/src/avoa3d/log/build_2025-03-24_18-16-37/logger_all.log", "Log", 0, 0, 0, 0, 0, 0, 120, 0, 1, 121
"/home/xizesse/ros_ws/src/avoa3d/log/build_2025-03-25_16-38-20/avoa3d/command.log", "Log", 0, 0, 0, 0, 0, 0, 4, 0, 1, 5
"/home/xizesse/ros_ws/src/avoa3d/log/build_2025-03-25_16-38-20/avoa3d/stderr.log", "Log", 0, 0, 0, 0, 0, 0, 0, 0, 1, 1
"/home/xizesse/ros_ws/src/avoa3d/log/build_2025-03-25_16-38-20/avoa3d/stdout.log", "Log", 0, 0, 0, 0, 0, 0, 233, 0, 1, 234
"/home/xizesse/ros_ws/src/avoa3d/log/build_2025-03-25_16-38-20/avoa3d/stdout_stderr.log", "Log", 0, 0, 0, 0, 0, 0, 233, 0, 1, 234
"/home/xizesse/ros_ws/src/avoa3d/log/build_2025-03-25_16-38-20/avoa3d/streams.log", "Log", 0, 0, 0, 0, 0, 0, 237, 0, 1, 238
"/home/xizesse/ros_ws/src/avoa3d/log/build_2025-03-25_16-38-20/events.log", "Log", 0, 0, 0, 0, 0, 0, 346, 0, 1, 347
"/home/xizesse/ros_ws/src/avoa3d/log/build_2025-03-25_16-38-20/logger_all.log", "Log", 0, 0, 0, 0, 0, 0, 120, 0, 1, 121
"/home/xizesse/ros_ws/src/avoa3d/log/build_2025-03-25_16-39-12/avoa3d/command.log", "Log", 0, 0, 0, 0, 0, 0, 4, 0, 1, 5
"/home/xizesse/ros_ws/src/avoa3d/log/build_2025-03-25_16-39-12/avoa3d/stderr.log", "Log", 0, 0, 0, 0, 0, 0, 0, 0, 1, 1
"/home/xizesse/ros_ws/src/avoa3d/log/build_2025-03-25_16-39-12/avoa3d/stdout.log", "Log", 0, 0, 0, 0, 0, 0, 182, 0, 1, 183
"/home/xizesse/ros_ws/src/avoa3d/log/build_2025-03-25_16-39-12/avoa3d/stdout_stderr.log", "Log", 0, 0, 0, 0, 0, 0, 182, 0, 1, 183
"/home/xizesse/ros_ws/src/avoa3d/log/build_2025-03-25_16-39-12/avoa3d/streams.log", "Log", 0, 0, 0, 0, 0, 0, 186, 0, 1, 187
"/home/xizesse/ros_ws/src/avoa3d/log/build_2025-03-25_16-39-12/events.log", "Log", 0, 0, 0, 0, 0, 0, 197, 0, 1, 198
"/home/xizesse/ros_ws/src/avoa3d/log/build_2025-03-25_16-39-12/logger_all.log", "Log", 0, 0, 0, 0, 0, 0, 120, 0, 1, 121
"/home/xizesse/ros_ws/src/avoa3d/log/build_2025-03-25_16-39-43/avoa3d/command.log", "Log", 0, 0, 0, 0, 0, 0, 4, 0, 1, 5
"/home/xizesse/ros_ws/src/avoa3d/log/build_2025-03-25_16-39-43/avoa3d/stderr.log", "Log", 0, 0, 0, 0, 0, 0, 0, 0, 1, 1
"/home/xizesse/ros_ws/src/avoa3d/log/build_2025-03-25_16-39-43/avoa3d/stdout.log", "Log", 0, 0, 0, 0, 0, 0, 182, 0, 1, 183
"/home/xizesse/ros_ws/src/avoa3d/log/build_2025-03-25_16-39-43/avoa3d/stdout_stderr.log", "Log", 0, 0, 0, 0, 0, 0, 182, 0, 1, 183
"/home/xizesse/ros_ws/src/avoa3d/log/build_2025-03-25_16-39-43/avoa3d/streams.log", "Log", 0, 0, 0, 0, 0, 0, 186, 0, 1, 187
"/home/xizesse/ros_ws/src/avoa3d/log/build_2025-03-25_16-39-43/events.log", "Log", 0, 0, 0, 0, 0, 0, 197, 0, 1, 198
"/home/xizesse/ros_ws/src/avoa3d/log/build_2025-03-25_16-39-43/logger_all.log", "Log", 0, 0, 0, 0, 0, 0, 120, 0, 1, 121
"/home/xizesse/ros_ws/src/avoa3d/log/build_2025-03-25_16-40-16/avoa3d/command.log", "Log", 0, 0, 0, 0, 0, 0, 4, 0, 1, 5
"/home/xizesse/ros_ws/src/avoa3d/log/build_2025-03-25_16-40-16/avoa3d/stderr.log", "Log", 0, 0, 0, 0, 0, 0, 0, 0, 1, 1
"/home/xizesse/ros_ws/src/avoa3d/log/build_2025-03-25_16-40-16/avoa3d/stdout.log", "Log", 0, 0, 0, 0, 0, 0, 182, 0, 1, 183
"/home/xizesse/ros_ws/src/avoa3d/log/build_2025-03-25_16-40-16/avoa3d/stdout_stderr.log", "Log", 0, 0, 0, 0, 0, 0, 182, 0, 1, 183
"/home/xizesse/ros_ws/src/avoa3d/log/build_2025-03-25_16-40-16/avoa3d/streams.log", "Log", 0, 0, 0, 0, 0, 0, 186, 0, 1, 187
"/home/xizesse/ros_ws/src/avoa3d/log/build_2025-03-25_16-40-16/events.log", "Log", 0, 0, 0, 0, 0, 0, 197, 0, 1, 198
"/home/xizesse/ros_ws/src/avoa3d/log/build_2025-03-25_16-40-16/logger_all.log", "Log", 0, 0, 0, 0, 0, 0, 120, 0, 1, 121
"/home/xizesse/ros_ws/src/avoa3d/log/build_2025-03-25_16-40-36/avoa3d/command.log", "Log", 0, 0, 0, 0, 0, 0, 4, 0, 1, 5
"/home/xizesse/ros_ws/src/avoa3d/log/build_2025-03-25_16-40-36/avoa3d/stderr.log", "Log", 0, 0, 0, 0, 0, 0, 0, 0, 1, 1
"/home/xizesse/ros_ws/src/avoa3d/log/build_2025-03-25_16-40-36/avoa3d/stdout.log", "Log", 0, 0, 0, 0, 0, 0, 182, 0, 1, 183
"/home/xizesse/ros_ws/src/avoa3d/log/build_2025-03-25_16-40-36/avoa3d/stdout_stderr.log", "Log", 0, 0, 0, 0, 0, 0, 182, 0, 1, 183
"/home/xizesse/ros_ws/src/avoa3d/log/build_2025-03-25_16-40-36/avoa3d/streams.log", "Log", 0, 0, 0, 0, 0, 0, 186, 0, 1, 187
"/home/xizesse/ros_ws/src/avoa3d/log/build_2025-03-25_16-40-36/events.log", "Log", 0, 0, 0, 0, 0, 0, 197, 0, 1, 198
"/home/xizesse/ros_ws/src/avoa3d/log/build_2025-03-25_16-40-36/logger_all.log", "Log", 0, 0, 0, 0, 0, 0, 120, 0, 1, 121
"/home/xizesse/ros_ws/src/avoa3d/log/build_2025-03-25_16-40-47/avoa3d/command.log", "Log", 0, 0, 0, 0, 0, 0, 4, 0, 1, 5
"/home/xizesse/ros_ws/src/avoa3d/log/build_2025-03-25_16-40-47/avoa3d/stderr.log", "Log", 0, 0, 0, 0, 0, 0, 0, 0, 1, 1
"/home/xizesse/ros_ws/src/avoa3d/log/build_2025-03-25_16-40-47/avoa3d/stdout.log", "Log", 0, 0, 0, 0, 0, 0, 182, 0, 1, 183
"/home/xizesse/ros_ws/src/avoa3d/log/build_2025-03-25_16-40-47/avoa3d/stdout_stderr.log", "Log", 0, 0, 0, 0, 0, 0, 182, 0, 1, 183
"/home/xizesse/ros_ws/src/avoa3d/log/build_2025-03-25_16-40-47/avoa3d/streams.log", "Log", 0, 0, 0, 0, 0, 0, 186, 0, 1, 187
"/home/xizesse/ros_ws/src/avoa3d/log/build_2025-03-25_16-40-47/events.log", "Log", 0, 0, 0, 0, 0, 0, 197, 0, 1, 198
"/home/xizesse/ros_ws/src/avoa3d/log/build_2025-03-25_16-40-47/logger_all.log", "Log", 0, 0, 0, 0, 0, 0, 120, 0, 1, 121
"/home/xizesse/ros_ws/src/avoa3d/log/build_2025-03-25_16-40-54/avoa3d/command.log", "Log", 0, 0, 0, 0, 0, 0, 4, 0, 1, 5
"/home/xizesse/ros_ws/src/avoa3d/log/build_2025-03-25_16-40-54/avoa3d/stderr.log", "Log", 0, 0, 0, 0, 0, 0, 0, 0, 1, 1
"/home/xizesse/ros_ws/src/avoa3d/log/build_2025-03-25_16-40-54/avoa3d/stdout.log", "Log", 0, 0, 0, 0, 0, 0, 182, 0, 1, 183
"/home/xizesse/ros_ws/src/avoa3d/log/build_2025-03-25_16-40-54/avoa3d/stdout_stderr.log", "Log", 0, 0, 0, 0, 0, 0, 182, 0, 1, 183
"/home/xizesse/ros_ws/src/avoa3d/log/build_2025-03-25_16-40-54/avoa3d/streams.log", "Log", 0, 0, 0, 0, 0, 0, 186, 0, 1, 187
"/home/xizesse/ros_ws/src/avoa3d/log/build_2025-03-25_16-40-54/events.log", "Log", 0, 0, 0, 0, 0, 0, 197, 0, 1, 198
"/home/xizesse/ros_ws/src/avoa3d/log/build_2025-03-25_16-40-54/logger_all.log", "Log", 0, 0, 0, 0, 0, 0, 120, 0, 1, 121
"/home/xizesse/ros_ws/src/avoa3d/log/build_2025-03-25_16-41-58/avoa3d/command.log", "Log", 0, 0, 0, 0, 0, 0, 4, 0, 1, 5
"/home/xizesse/ros_ws/src/avoa3d/log/build_2025-03-25_16-41-58/avoa3d/stderr.log", "Log", 0, 0, 0, 0, 0, 0, 0, 0, 1, 1
"/home/xizesse/ros_ws/src/avoa3d/log/build_2025-03-25_16-41-58/avoa3d/stdout.log", "Log", 0, 0, 0, 0, 0, 0, 182, 0, 1, 183
"/home/xizesse/ros_ws/src/avoa3d/log/build_2025-03-25_16-41-58/avoa3d/stdout_stderr.log", "Log", 0, 0, 0, 0, 0, 0, 182, 0, 1, 183
"/home/xizesse/ros_ws/src/avoa3d/log/build_2025-03-25_16-41-58/avoa3d/streams.log", "Log", 0, 0, 0, 0, 0, 0, 186, 0, 1, 187
"/home/xizesse/ros_ws/src/avoa3d/log/build_2025-03-25_16-41-58/events.log", "Log", 0, 0, 0, 0, 0, 0, 197, 0, 1, 198
"/home/xizesse/ros_ws/src/avoa3d/log/build_2025-03-25_16-41-58/logger_all.log", "Log", 0, 0, 0, 0, 0, 0, 120, 0, 1, 121
"/home/xizesse/ros_ws/src/avoa3d/log/build_2025-03-27_10-37-12/avoa3d/command.log", "Log", 0, 0, 0, 0, 0, 0, 6, 0, 1, 7
"/home/xizesse/ros_ws/src/avoa3d/log/build_2025-03-27_10-37-12/avoa3d/stderr.log", "Log", 0, 0, 0, 0, 0, 0, 0, 0, 1, 1
"/home/xizesse/ros_ws/src/avoa3d/log/build_2025-03-27_10-37-12/avoa3d/stdout.log", "Log", 0, 0, 0, 0, 0, 0, 336, 0, 1, 337
"/home/xizesse/ros_ws/src/avoa3d/log/build_2025-03-27_10-37-12/avoa3d/stdout_stderr.log", "Log", 0, 0, 0, 0, 0, 0, 336, 0, 1, 337
"/home/xizesse/ros_ws/src/avoa3d/log/build_2025-03-27_10-37-12/avoa3d/streams.log", "Log", 0, 0, 0, 0, 0, 0, 342, 0, 1, 343
"/home/xizesse/ros_ws/src/avoa3d/log/build_2025-03-27_10-37-12/events.log", "Log", 0, 0, 0, 0, 0, 0, 783, 0, 1, 784
"/home/xizesse/ros_ws/src/avoa3d/log/build_2025-03-27_10-37-12/logger_all.log", "Log", 0, 0, 0, 0, 0, 0, 122, 0, 1, 123
"/home/xizesse/ros_ws/src/avoa3d/log/build_2025-04-01_18-52-09/avoa3d/command.log", "Log", 0, 0, 0, 0, 0, 0, 4, 0, 1, 5
"/home/xizesse/ros_ws/src/avoa3d/log/build_2025-04-01_18-52-09/avoa3d/stderr.log", "Log", 0, 0, 0, 0, 0, 0, 38, 0, 1, 39
"/home/xizesse/ros_ws/src/avoa3d/log/build_2025-04-01_18-52-09/avoa3d/stdout.log", "Log", 0, 0, 0, 0, 0, 0, 159, 0, 1, 160
"/home/xizesse/ros_ws/src/avoa3d/log/build_2025-04-01_18-52-09/avoa3d/stdout_stderr.log", "Log", 0, 0, 0, 0, 0, 0, 197, 0, 1, 198
"/home/xizesse/ros_ws/src/avoa3d/log/build_2025-04-01_18-52-09/avoa3d/streams.log", "Log", 0, 0, 0, 0, 0, 0, 201, 0, 1, 202
"/home/xizesse/ros_ws/src/avoa3d/log/build_2025-04-01_18-52-09/events.log", "Log", 0, 0, 0, 0, 0, 0, 806, 0, 1, 807
"/home/xizesse/ros_ws/src/avoa3d/log/build_2025-04-01_18-52-09/logger_all.log", "Log", 0, 0, 0, 0, 0, 0, 81, 0, 1, 82
"/home/xizesse/ros_ws/src/avoa3d/log/build_2025-04-01_18-53-30/avoa3d/command.log", "Log", 0, 0, 0, 0, 0, 0, 4, 0, 1, 5
"/home/xizesse/ros_ws/src/avoa3d/log/build_2025-04-01_18-53-30/avoa3d/stderr.log", "Log", 0, 0, 0, 0, 0, 0, 0, 0, 1, 1
"/home/xizesse/ros_ws/src/avoa3d/log/build_2025-04-01_18-53-30/avoa3d/stdout.log", "Log", 0, 0, 0, 0, 0, 0, 209, 0, 1, 210
"/home/xizesse/ros_ws/src/avoa3d/log/build_2025-04-01_18-53-30/avoa3d/stdout_stderr.log", "Log", 0, 0, 0, 0, 0, 0, 209, 0, 1, 210
"/home/xizesse/ros_ws/src/avoa3d/log/build_2025-04-01_18-53-30/avoa3d/streams.log", "Log", 0, 0, 0, 0, 0, 0, 213, 0, 1, 214
"/home/xizesse/ros_ws/src/avoa3d/log/build_2025-04-01_18-53-30/events.log", "Log", 0, 0, 0, 0, 0, 0, 495, 0, 1, 496
"/home/xizesse/ros_ws/src/avoa3d/log/build_2025-04-01_18-53-30/logger_all.log", "Log", 0, 0, 0, 0, 0, 0, 120, 0, 1, 121
"/home/xizesse/ros_ws/src/avoa3d/log/build_2025-04-01_18-56-41/avoa3d/command.log", "Log", 0, 0, 0, 0, 0, 0, 4, 0, 1, 5
"/home/xizesse/ros_ws/src/avoa3d/log/build_2025-04-01_18-56-41/avoa3d/stderr.log", "Log", 0, 0, 0, 0, 0, 0, 0, 0, 1, 1
"/home/xizesse/ros_ws/src/avoa3d/log/build_2025-04-01_18-56-41/avoa3d/stdout.log", "Log", 0, 0, 0, 0, 0, 0, 190, 0, 1, 191
"/home/xizesse/ros_ws/src/avoa3d/log/build_2025-04-01_18-56-41/avoa3d/stdout_stderr.log", "Log", 0, 0, 0, 0, 0, 0, 190, 0, 1, 191
"/home/xizesse/ros_ws/src/avoa3d/log/build_2025-04-01_18-56-41/avoa3d/streams.log", "Log", 0, 0, 0, 0, 0, 0, 194, 0, 1, 195
"/home/xizesse/ros_ws/src/avoa3d/log/build_2025-04-01_18-56-41/events.log", "Log", 0, 0, 0, 0, 0, 0, 308, 0, 1, 309
"/home/xizesse/ros_ws/src/avoa3d/log/build_2025-04-01_18-56-41/logger_all.log", "Log", 0, 0, 0, 0, 0, 0, 120, 0, 1, 121
"/home/xizesse/ros_ws/src/avoa3d/log/build_2025-04-01_18-57-34/avoa3d/command.log", "Log", 0, 0, 0, 0, 0, 0, 2, 0, 1, 3
"/home/xizesse/ros_ws/src/avoa3d/log/build_2025-04-01_18-57-34/avoa3d/stderr.log", "Log", 0, 0, 0, 0, 0, 0, 4, 0, 1, 5
"/home/xizesse/ros_ws/src/avoa3d/log/build_2025-04-01_18-57-34/avoa3d/stdout.log", "Log", 0, 0, 0, 0, 0, 0, 24, 0, 1, 25
"/home/xizesse/ros_ws/src/avoa3d/log/build_2025-04-01_18-57-34/avoa3d/stdout_stderr.log", "Log", 0, 0, 0, 0, 0, 0, 28, 0, 1, 29
"/home/xizesse/ros_ws/src/avoa3d/log/build_2025-04-01_18-57-34/avoa3d/streams.log", "Log", 0, 0, 0, 0, 0, 0, 30, 0, 1, 31
"/home/xizesse/ros_ws/src/avoa3d/log/build_2025-04-01_18-57-34/events.log", "Log", 0, 0, 0, 0, 0, 0, 50, 0, 1, 51
"/home/xizesse/ros_ws/src/avoa3d/log/build_2025-04-01_18-57-34/logger_all.log", "Log", 0, 0, 0, 0, 0, 0, 94, 0, 1, 95
"/home/xizesse/ros_ws/src/avoa3d/log/latest/avoa3d/command.log", "Log", 0, 0, 0, 0, 0, 0, 2, 0, 1, 3
"/home/xizesse/ros_ws/src/avoa3d/log/latest/avoa3d/stderr.log", "Log", 0, 0, 0, 0, 0, 0, 4, 0, 1, 5
"/home/xizesse/ros_ws/src/avoa3d/log/latest/avoa3d/stdout.log", "Log", 0, 0, 0, 0, 0, 0, 24, 0, 1, 25
"/home/xizesse/ros_ws/src/avoa3d/log/latest/avoa3d/stdout_stderr.log", "Log", 0, 0, 0, 0, 0, 0, 28, 0, 1, 29
"/home/xizesse/ros_ws/src/avoa3d/log/latest/avoa3d/streams.log", "Log", 0, 0, 0, 0, 0, 0, 30, 0, 1, 31
"/home/xizesse/ros_ws/src/avoa3d/log/latest/events.log", "Log", 0, 0, 0, 0, 0, 0, 50, 0, 1, 51
"/home/xizesse/ros_ws/src/avoa3d/log/latest/logger_all.log", "Log", 0, 0, 0, 0, 0, 0, 94, 0, 1, 95
"/home/xizesse/ros_ws/src/avoa3d/log/latest_build/avoa3d/command.log", "Log", 0, 0, 0, 0, 0, 0, 2, 0, 1, 3
"/home/xizesse/ros_ws/src/avoa3d/log/latest_build/avoa3d/stderr.log", "Log", 0, 0, 0, 0, 0, 0, 4, 0, 1, 5
"/home/xizesse/ros_ws/src/avoa3d/log/latest_build/avoa3d/stdout.log", "Log", 0, 0, 0, 0, 0, 0, 24, 0, 1, 25
"/home/xizesse/ros_ws/src/avoa3d/log/latest_build/avoa3d/stdout_stderr.log", "Log", 0, 0, 0, 0, 0, 0, 28, 0, 1, 29
"/home/xizesse/ros_ws/src/avoa3d/log/latest_build/avoa3d/streams.log", "Log", 0, 0, 0, 0, 0, 0, 30, 0, 1, 31
"/home/xizesse/ros_ws/src/avoa3d/log/latest_build/events.log", "Log", 0, 0, 0, 0, 0, 0, 50, 0, 1, 51
"/home/xizesse/ros_ws/src/avoa3d/log/latest_build/logger_all.log", "Log", 0, 0, 0, 0, 0, 0, 94, 0, 1, 95
"/home/xizesse/ros_ws/src/avoa3d/notes.md", "Markdown", 18, 0, 0, 0, 0, 0, 0, 0, 6, 24
"/home/xizesse/ros_ws/src/avoa3d/package.xml", "XML", 0, 0, 0, 35, 0, 0, 0, 4, 12, 51
"/home/xizesse/ros_ws/src/avoa3d/scripts/cone.py", "Python", 0, 0, 0, 0, 0, 156, 0, 45, 52, 253
"/home/xizesse/ros_ws/src/avoa3d/scripts/cone_cost.py", "Python", 0, 0, 0, 0, 0, 169, 0, 60, 63, 292
"/home/xizesse/ros_ws/src/avoa3d/scripts/diff_drive_area.py", "Python", 0, 0, 0, 0, 0, 36, 0, 8, 9, 53
"/home/xizesse/ros_ws/src/avoa3d/scripts/explorer.py", "Python", 0, 0, 0, 0, 0, 100, 0, 29, 31, 160
"/home/xizesse/ros_ws/src/avoa3d/scripts/holonomic_area.py", "Python", 0, 0, 0, 0, 0, 100, 0, 29, 31, 160
"/home/xizesse/ros_ws/src/avoa3d/src/avoa3dnode.cpp", "C++", 0, 226, 0, 0, 0, 0, 0, 79, 63, 368
"/home/xizesse/ros_ws/src/avoa3d/src/obstacle_publisher.cpp", "C++", 0, 163, 0, 0, 0, 0, 0, 24, 40, 227
"/home/xizesse/ros_ws/src/avoa3d/src/rviz_marker.cpp", "C++", 0, 227, 0, 0, 0, 0, 0, 17, 48, 292
"/home/xizesse/ros_ws/src/avoa3d/src/sample_evaluator.cpp", "C++", 0, 144, 0, 0, 0, 0, 0, 39, 61, 244
"/home/xizesse/ros_ws/src/avoa3d/src/sample_generator.cpp", "C++", 0, 202, 0, 0, 0, 0, 0, 23, 38, 263
"/home/xizesse/ros_ws/src/avoa3d/src/sample_visualizer.cpp", "C++", 0, 67, 0, 0, 0, 0, 0, 10, 19, 96
"/home/xizesse/ros_ws/src/avoa3d/src/test_w_goal.cpp", "C++", 0, 173, 0, 0, 0, 0, 0, 12, 43, 228
"/home/xizesse/ros_ws/src/avoa3d/src/tf_publisher.cpp", "C++", 0, 100, 0, 0, 0, 0, 0, 14, 25, 139
"/home/xizesse/ros_ws/src/avoa3d/src/thruster_controller.cpp", "C++", 0, 205, 0, 0, 0, 0, 0, 46, 53, 304
"Total", "-", 19, 1682, 126, 153, 134, 992, 17048, 595, 918, 21667