timestamp,time_elapsed,pos_x,pos_y,pos_z,goal_x,goal_y,goal_z,cmd_vel_x,cmd_vel_y,cmd_vel_z,desired_vel_x,desired_vel_y,desired_vel_z,actual_vel_x,actual_vel_y,actual_vel_z,distance_to_goal,obstacle_main_x,obstacle_main_y,obstacle_main_z,obstacle_0_x,obstacle_0_y,obstacle_0_z,obstacle_1_x,obstacle_1_y,obstacle_1_z,obstacle_2_x,obstacle_2_y,obstacle_2_z,obstacle_3_x,obstacle_3_y,obstacle_3_z,obstacle_4_x,obstacle_4_y,obstacle_4_z,obstacle_5_x,obstacle_5_y,obstacle_5_z,obstacle_6_x,obstacle_6_y,obstacle_6_z,obstacle_7_x,obstacle_7_y,obstacle_7_z,obstacle_8_x,obstacle_8_y,obstacle_8_z,obstacle_9_x,obstacle_9_y,obstacle_9_z
1750612330.2478282,2.0686583518981934,-5.0,0.0,0.0,10.0,0.0,0.0,0.0,0.0,0.0,1.0,0.0,0.0,0.0,0.0,0.0,inf,nan,nan,nan,nan,nan,nan,5.0,-5.0,0.5,5.0,-3.3,0.5,5.0,-1.6,0.5,5.0,0.0,0.5,5.0,1.6,0.5,5.0,3.3,0.5,5.0,5.0,0.5,nan,nan,nan,nan,nan,nan
1750612330.3515465,2.1723766326904297,-5.0,0.0,0.0,10.0,0.0,0.0,0.0,0.0,0.0,1.0,0.0,0.0,0.0,0.0,0.0,inf,nan,nan,nan,nan,nan,nan,5.0,-5.0,0.5,5.0,-3.3,0.5,5.0,-1.6,0.5,5.0,0.0,0.5,5.0,1.6,0.5,5.0,3.3,0.5,5.0,5.0,0.5,nan,nan,nan,nan,nan,nan
1750612330.4539623,2.274792432785034,-5.0,0.0,0.0,10.0,0.0,0.0,0.0,0.0,0.0,1.0,0.0,0.0,0.0,0.0,0.0,inf,nan,nan,nan,nan,nan,nan,5.0,-5.0,0.5,5.0,-3.3,0.5,5.0,-1.6,0.5,5.0,0.0,0.5,5.0,1.6,0.5,5.0,3.3,0.5,5.0,5.0,0.5,nan,nan,nan,nan,nan,nan
1750612330.5573559,2.378185987472534,-5.0,0.0,0.0,10.0,0.0,0.0,0.0,0.0,0.0,1.0,0.0,0.0,0.0,0.0,0.0,inf,nan,nan,nan,nan,nan,nan,5.0,-5.0,0.5,5.0,-3.3,0.5,5.0,-1.6,0.5,5.0,0.0,0.5,5.0,1.6,0.5,5.0,3.3,0.5,5.0,5.0,0.5,nan,nan,nan,nan,nan,nan
1750612330.6615064,2.4823365211486816,-5.0,0.0,0.0,10.0,0.0,0.0,0.0,0.0,0.0,1.0,0.0,0.0,0.0,0.0,0.0,inf,nan,nan,nan,nan,nan,nan,5.0,-5.0,0.5,5.0,-3.3,0.5,5.0,-1.6,0.5,5.0,0.0,0.5,5.0,1.6,0.5,5.0,3.3,0.5,5.0,5.0,0.5,nan,nan,nan,nan,nan,nan
1750612330.7642407,2.585070848464966,-5.0,0.0,0.0,10.0,0.0,0.0,0.0,0.0,0.0,1.0,0.0,0.0,0.0,0.0,0.0,inf,nan,nan,nan,nan,nan,nan,5.0,-5.0,0.5,5.0,-3.3,0.5,5.0,-1.6,0.5,5.0,0.0,0.5,5.0,1.6,0.5,5.0,3.3,0.5,5.0,5.0,0.5,nan,nan,nan,nan,nan,nan
1750612330.8671181,2.687948226928711,-5.0,0.0,0.0,10.0,0.0,0.0,0.0,0.0,0.0,1.0,0.0,0.0,0.0,0.0,0.0,inf,nan,nan,nan,nan,nan,nan,5.0,-5.0,0.5,5.0,-3.3,0.5,5.0,-1.6,0.5,5.0,0.0,0.5,5.0,1.6,0.5,5.0,3.3,0.5,5.0,5.0,0.5,nan,nan,nan,nan,nan,nan
1750612330.9688282,2.789658308029175,-5.0,0.0,0.0,10.0,0.0,0.0,0.0,0.0,0.0,1.0,0.0,0.0,0.0,0.0,0.0,inf,nan,nan,nan,nan,nan,nan,5.0,-5.0,0.5,5.0,-3.3,0.5,5.0,-1.6,0.5,5.0,0.0,0.5,5.0,1.6,0.5,5.0,3.3,0.5,5.0,5.0,0.5,nan,nan,nan,nan,nan,nan
1750612331.0729458,2.8937759399414062,-5.0,0.0,0.0,10.0,0.0,0.0,0.0,0.0,0.0,1.0,0.0,0.0,0.0,0.0,0.0,inf,nan,nan,nan,nan,nan,nan,5.0,-5.0,0.5,5.0,-3.3,0.5,5.0,-1.6,0.5,5.0,0.0,0.5,5.0,1.6,0.5,5.0,3.3,0.5,5.0,5.0,0.5,nan,nan,nan,nan,nan,nan
1750612331.1779382,2.9987683296203613,-5.0,0.0,0.0,10.0,0.0,0.0,0.0,0.0,0.0,1.0,0.0,0.0,0.0,0.0,0.0,inf,nan,nan,nan,nan,nan,nan,5.0,-5.0,0.5,5.0,-3.3,0.5,5.0,-1.6,0.5,5.0,0.0,0.5,5.0,1.6,0.5,5.0,3.3,0.5,5.0,5.0,0.5,nan,nan,nan,nan,nan,nan
1750612331.2799206,3.100750684738159,-4.979743770814789,-0.0008859464807199161,-0.004580710795179974,10.0,0.0,0.0,0.48229117107621394,-0.02109396382666468,-0.10906454274238024,0.9999999999725759,1.4063094717818827e-06,7.271203305103094e-06,0.48229117107645436,-0.021093963826664664,-0.1090645427423804,inf,nan,nan,nan,nan,nan,nan,5.0,-5.0,0.5,5.0,-3.3,0.5,5.0,-1.6,0.5,5.0,0.0,0.5,5.0,1.6,0.5,5.0,3.3,0.5,5.0,5.0,0.5,nan,nan,nan,nan,nan,nan
1750612331.383003,3.2038331031799316,-4.920644771959671,0.0006084812530878501,-0.018802546618688343,10.0,0.0,0.0,0.7185929481954514,0.05725003870538398,-0.18113805468304103,0.9999997801477064,0.00011462814725221221,0.0006531193817244993,0.718592948195429,0.05725003870538396,-0.18113805468304015,inf,nan,nan,nan,nan,nan,nan,5.0,-5.0,0.5,5.0,-3.3,0.5,5.0,-1.6,0.5,5.0,0.0,0.5,5.0,1.6,0.5,5.0,3.3,0.5,5.0,5.0,0.5,nan,nan,nan,nan,nan,nan
1750612331.4848387,3.305668830871582,-4.843543414885817,0.007279957761209134,-0.04057601434728116,10.0,0.0,0.0,0.8278025784936713,0.0769682186550277,-0.2573810184390578,0.9999983255641686,-0.00021551562723993499,0.001817256688959456,0.827802578493575,0.07696821865502743,-0.25738101843905686,inf,nan,nan,nan,nan,nan,nan,5.0,-5.0,0.5,5.0,-3.3,0.5,5.0,-1.6,0.5,5.0,0.0,0.5,5.0,1.6,0.5,5.0,3.3,0.5,5.0,5.0,0.5,nan,nan,nan,nan,nan,nan
1750612331.588181,3.409011125564575,-4.757503867654544,0.012191144154467955,-0.06474423997141394,10.0,0.0,0.0,0.8957044406165144,0.018934146316610806,-0.2246752638604521,0.9999937418025789,-0.0007064048909777243,0.0034666046511097766,0.895704440616818,0.018934146316611566,-0.22467526386045417,inf,nan,nan,nan,nan,nan,nan,5.0,-5.0,0.5,5.0,-3.3,0.5,5.0,-1.6,0.5,5.0,0.0,0.5,5.0,1.6,0.5,5.0,3.3,0.5,5.0,5.0,0.5,nan,nan,nan,nan,nan,nan
1750612331.6930647,3.51389479637146,-4.666676994278932,0.016704088046853235,-0.08650459992433675,10.0,0.0,0.0,0.9230181213546373,0.07588043459322327,-0.2093020805316987,0.9999872294420017,-0.0008768639038392796,0.0049771540667059785,0.9230181213544242,0.07588043459322291,-0.2093020805317009,inf,nan,nan,nan,nan,nan,nan,5.0,-5.0,0.5,5.0,-3.3,0.5,5.0,-1.6,0.5,5.0,0.0,0.5,5.0,1.6,0.5,5.0,3.3,0.5,5.0,5.0,0.5,nan,nan,nan,nan,nan,nan
1750612331.7955282,3.6163582801818848,-4.573907198773979,0.01905068895544424,-0.10927859609465145,10.0,0.0,0.0,0.9310868001389629,-0.014489264557316826,-0.24109153082729134,0.9999785711492828,-0.0013228780328762631,0.006411492489963687,0.9310868001390915,-0.0144892645573165,-0.24109153082729762,inf,nan,nan,nan,nan,nan,nan,5.0,-5.0,0.5,5.0,-3.3,0.5,5.0,-1.6,0.5,5.0,0.0,0.5,5.0,1.6,0.5,5.0,3.3,0.5,5.0,5.0,0.5,nan,nan,nan,nan,nan,nan
1750612331.898812,3.719642162322998,-4.480263604071519,0.020620911652472172,-0.1324192827689932,10.0,0.0,0.0,0.9411795301118635,0.04247581379663955,-0.2228185797256317,0.9999668316917052,-0.0012779340155630915,0.008043780274520811,0.9411795301117465,0.042475813796637875,-0.22281857972564206,inf,nan,nan,nan,nan,nan,nan,5.0,-5.0,0.5,5.0,-3.3,0.5,5.0,-1.6,0.5,5.0,0.0,0.5,5.0,1.6,0.5,5.0,3.3,0.5,5.0,5.0,0.5,nan,nan,nan,nan,nan,nan
1750612332.0018013,3.822631359100342,-4.385164194656388,0.024274115339118503,-0.15354886583658547,10.0,0.0,0.0,0.9567582031901225,0.0330412472408053,-0.20452850186893567,0.9999527098490484,-0.0015110370713502291,0.009607019960097555,0.9567582031904109,0.03304124724080524,-0.20452850186894467,inf,nan,nan,nan,nan,nan,nan,5.0,-5.0,0.5,5.0,-3.3,0.5,5.0,-1.6,0.5,5.0,0.0,0.5,5.0,1.6,0.5,5.0,3.3,0.5,5.0,5.0,0.5,nan,nan,nan,nan,nan,nan
1750612332.1040883,3.9249184131622314,-4.289488374337347,0.027578240063199026,-0.17400171602347994,10.0,0.0,0.0,0.9567582031901225,0.0330412472408053,-0.20452850186893567,0.9999372803138803,-0.0017500770582937384,0.011062218076434215,0.9567582031904109,0.03304124724080524,-0.20452850186894467,inf,nan,nan,nan,nan,nan,nan,5.0,-5.0,0.5,5.0,-3.3,0.5,5.0,-1.6,0.5,5.0,0.0,0.5,5.0,1.6,0.5,5.0,3.3,0.5,5.0,5.0,0.5,nan,nan,nan,nan,nan,nan
1750612332.2076097,4.02843976020813,-4.193237304030237,0.03257229211961569,-0.1938512933855063,10.0,0.0,0.0,0.9648603156981239,0.05684304065399072,-0.19603170151870208,0.9999196011009466,-0.001988802573475664,0.012523418001799635,0.9648603156984237,0.05684304065398797,-0.19603170151868965,inf,nan,nan,nan,nan,nan,nan,5.0,-5.0,0.5,5.0,-3.3,0.5,5.0,-1.6,0.5,5.0,0.0,0.5,5.0,1.6,0.5,5.0,3.3,0.5,5.0,5.0,0.5,nan,nan,nan,nan,nan,nan
1750612332.312392,4.1332221031188965,-4.096751272460395,0.03825659618501449,-0.21345446353737527,10.0,0.0,0.0,0.9648603156981239,0.05684304065399072,-0.19603170151870208,0.9998996247942252,-0.0023821820146457643,0.01396658674181602,0.9648603156984237,0.05684304065398797,-0.19603170151868965,inf,nan,nan,nan,nan,nan,nan,5.0,-5.0,0.5,5.0,-3.3,0.5,5.0,-1.6,0.5,5.0,0.0,0.5,5.0,1.6,0.5,5.0,3.3,0.5,5.0,5.0,0.5,nan,nan,nan,nan,nan,nan
1750612332.4142776,4.235107660293579,-4.000265240890553,0.043940900250413285,-0.23305763368924423,10.0,0.0,0.0,0.9648603156981239,0.05684304065399072,-0.19603170151870208,0.9998776176267683,-0.0027853094169815987,0.015394538657257584,0.9648603156984237,0.05684304065398797,-0.19603170151868965,inf,nan,nan,nan,nan,nan,nan,5.0,-5.0,0.5,5.0,-3.3,0.5,5.0,-1.6,0.5,5.0,0.0,0.5,5.0,1.6,0.5,5.0,3.3,0.5,5.0,5.0,0.5,nan,nan,nan,nan,nan,nan
1750612332.5215287,4.342358827590942,-3.884482003006795,0.050762065128891844,-0.2565814378714879,10.0,0.0,0.0,0.9648603156981239,0.05684304065399072,-0.19603170151870208,0.9998528902331157,-0.0031966809165945827,0.01685168014182886,0.9648603156979796,0.05684304065398797,-0.1960317015187174,inf,nan,nan,nan,nan,nan,nan,5.0,-5.0,0.5,5.0,-3.3,0.5,5.0,-1.6,0.5,5.0,0.0,0.5,5.0,1.6,0.5,5.0,3.3,0.5,5.0,5.0,0.5,nan,nan,nan,nan,nan,nan
1750612332.6201324,4.440962553024292,-3.8072931777509567,0.05530950838121088,-0.2722639739929853,10.0,0.0,0.0,0.9648603156981239,0.05684304065399072,-0.19603170151870208,0.9998250073037399,-0.003620629863071789,0.018353359623540445,0.9648603156979796,0.05684304065398797,-0.1960317015187174,inf,nan,nan,nan,nan,nan,nan,5.0,-5.0,0.5,5.0,-3.3,0.5,5.0,-1.6,0.5,5.0,0.0,0.5,5.0,1.6,0.5,5.0,3.3,0.5,5.0,5.0,0.5,nan,nan,nan,nan,nan,nan
1750612332.7220695,4.5428996086120605,-3.710685723058215,0.054249213433533096,-0.2926466468441047,10.0,0.0,0.0,0.9663973172542932,-0.028531630397614756,-0.20589882429399842,0.9997946882066546,-0.004044584005445311,0.01985504404379872,0.9663973172542306,-0.02853163039761436,-0.20589882429400408,inf,nan,nan,nan,nan,nan,nan,5.0,-5.0,0.5,5.0,-3.3,0.5,5.0,-1.6,0.5,5.0,0.0,0.5,5.0,1.6,0.5,5.0,3.3,0.5,5.0,5.0,0.5,nan,nan,nan,nan,nan,nan
1750612332.8248792,4.645709276199341,-3.614045991332792,0.05139605039377166,-0.3132365292735051,10.0,0.0,0.0,0.9703214379100978,-0.058012299004662884,-0.19311183398074333,0.9997623858188501,-0.003944955737897663,0.021438498688727752,0.9663973172542306,-0.02853163039761436,-0.20589882429400408,inf,nan,nan,nan,nan,nan,nan,5.0,-5.0,0.5,5.0,-3.3,0.5,5.0,-1.6,0.5,5.0,0.0,0.5,5.0,1.6,0.5,5.0,3.3,0.5,5.0,5.0,0.5,nan,nan,nan,nan,nan,nan
1750612332.9278638,4.748693943023682,-3.517068785230955,0.04600754985380392,-0.3327267305359649,10.0,0.0,0.0,0.9709761665803038,-0.019140181484035127,-0.1906905076076575,0.9997268123857934,-0.0037642825708579563,0.023067959893918494,0.9703214379102043,-0.058012299004664425,-0.1931118339807414,inf,nan,nan,nan,nan,nan,nan,5.0,-5.0,0.5,5.0,-3.3,0.5,5.0,-1.6,0.5,5.0,0.0,0.5,5.0,1.6,0.5,5.0,3.3,0.5,5.0,5.0,0.5,nan,nan,nan,nan,nan,nan
1750612333.0316637,4.852493762969971,-3.4199777158596394,0.04370481053019395,-0.35181999456046276,10.0,0.0,0.0,0.9709761665803038,-0.019140181484035127,-0.1906905076076575,0.9996520717570905,-0.0032579446545216795,0.026174820503395934,0.9709761665801508,-0.019140181484036956,-0.19069050760767148,inf,nan,nan,nan,nan,nan,nan,5.0,-5.0,0.5,5.0,-3.3,0.5,5.0,-1.6,0.5,5.0,0.0,0.5,5.0,1.6,0.5,5.0,3.3,0.5,5.0,5.0,0.5,nan,nan,nan,nan,nan,nan
1750612333.134778,4.955608129501343,-3.3228800992016243,0.04179079238179025,-0.3708890453212299,10.0,0.0,0.0,0.9709761665803038,-0.019140181484035127,-0.1906905076076575,0.9996105177177649,-0.003142789112955338,0.027729690669276566,0.9709761665801508,-0.019140181484036956,-0.19069050760767148,inf,nan,nan,nan,nan,nan,nan,5.0,-5.0,0.5,5.0,-3.3,0.5,5.0,-1.6,0.5,5.0,0.0,0.5,5.0,1.6,0.5,5.0,3.3,0.5,5.0,5.0,0.5,nan,nan,nan,nan,nan,nan
1750612333.2371242,5.05795431137085,-3.225782482543609,0.03987677423338656,-0.38995809608199705,10.0,0.0,0.0,0.9709761665803038,-0.019140181484035127,-0.1906905076076575,0.9995649360718145,-0.0030235635365484527,0.02933933604037175,0.9709761665801508,-0.019140181484036956,-0.19069050760767148,inf,nan,nan,nan,nan,nan,nan,5.0,-5.0,0.5,5.0,-3.3,0.5,5.0,-1.6,0.5,5.0,0.0,0.5,5.0,1.6,0.5,5.0,3.3,0.5,5.0,5.0,0.5,nan,nan,nan,nan,nan,nan
1750612333.3402727,5.161102771759033,-3.128684865885594,0.03796275608498286,-0.4090271468427642,10.0,0.0,0.0,0.9709761665803038,-0.019140181484035127,-0.1906905076076575,0.9995165520751957,-0.0029038573421513174,0.030955286143867635,0.9709761665801508,-0.019140181484036956,-0.19069050760767148,inf,nan,nan,nan,nan,nan,nan,5.0,-5.0,0.5,5.0,-3.3,0.5,5.0,-1.6,0.5,5.0,0.0,0.5,5.0,1.6,0.5,5.0,3.3,0.5,5.0,5.0,0.5,nan,nan,nan,nan,nan,nan
1750612333.4450529,5.265882968902588,-3.03158169368052,0.03651127147113754,-0.4280705043329323,10.0,0.0,0.0,0.9717698161600921,0.046936037738590265,-0.18702004037923464,0.9994647803651019,-0.0027930585056950333,0.032593736114816176,0.9715317212860342,0.027113171971800132,-0.18812118054776783,inf,nan,nan,nan,nan,nan,nan,5.0,-5.0,0.5,5.0,-3.3,0.5,5.0,-1.6,0.5,5.0,0.0,0.5,5.0,1.6,0.5,5.0,3.3,0.5,5.0,5.0,0.5,nan,nan,nan,nan,nan,nan
1750612333.5466533,5.367483377456665,-2.934404712064522,0.04120487524499628,-0.4467725083708561,10.0,0.0,0.0,0.9717698161600921,0.046936037738590265,-0.18702004037923464,0.9994090623010422,-0.0031181622341938976,0.034231611922797646,0.9717698161599841,0.046936037738587455,-0.1870200403792377,inf,nan,nan,nan,nan,nan,nan,5.0,-5.0,0.5,5.0,-3.3,0.5,5.0,-1.6,0.5,5.0,0.0,0.5,5.0,1.6,0.5,5.0,3.3,0.5,5.0,5.0,0.5,nan,nan,nan,nan,nan,nan
1750612333.648996,5.4698262214660645,-2.8372277304485234,0.04589847901885503,-0.46547451240877985,10.0,0.0,0.0,0.9717698161600921,0.046936037738590265,-0.18702004037923464,0.9993496130965125,-0.003494726165187024,0.03589063516965472,0.9717698161599841,0.046936037738587455,-0.1870200403792377,inf,nan,nan,nan,nan,nan,nan,5.0,-5.0,0.5,5.0,-3.3,0.5,5.0,-1.6,0.5,5.0,0.0,0.5,5.0,1.6,0.5,5.0,3.3,0.5,5.0,5.0,0.5,nan,nan,nan,nan,nan,nan
1750612333.7517552,5.572585344314575,-2.740050748832525,0.05059208279271377,-0.4841765164467036,10.0,0.0,0.0,0.9717698161600921,0.046936037738590265,-0.18702004037923464,0.9992863333880689,-0.0038767953385660963,0.037573852101319194,0.9717698161599841,0.046936037738587455,-0.1870200403792377,inf,nan,nan,nan,nan,nan,nan,5.0,-5.0,0.5,5.0,-3.3,0.5,5.0,-1.6,0.5,5.0,0.0,0.5,5.0,1.6,0.5,5.0,3.3,0.5,5.0,5.0,0.5,nan,nan,nan,nan,nan,nan
1750612333.8552325,5.67606258392334,-2.6428737672165266,0.05528568656657252,-0.5028785204846266,10.0,0.0,0.0,0.9717698161600921,0.046936037738590265,-0.18702004037923464,0.9992190730115075,-0.0042644878745050074,0.03928178042288623,0.9717698161599841,0.046936037738587455,-0.18702004037918218,inf,nan,nan,nan,nan,nan,nan,5.0,-5.0,0.5,5.0,-3.3,0.5,5.0,-1.6,0.5,5.0,0.0,0.5,5.0,1.6,0.5,5.0,3.3,0.5,5.0,5.0,0.5,nan,nan,nan,nan,nan,nan
1750612333.9581428,5.778972864151001,-2.545696785600528,0.059979290340431264,-0.5215805245225448,10.0,0.0,0.0,0.9717698161600921,0.046936037738590265,-0.18702004037923464,0.9991469173187493,-0.004662011593160532,0.041032953346616705,0.9717698161599841,0.046936037738587455,-0.18702004037918218,inf,nan,nan,nan,nan,nan,nan,5.0,-5.0,0.5,5.0,-3.3,0.5,5.0,-1.6,0.5,5.0,0.0,0.5,5.0,1.6,0.5,5.0,3.3,0.5,5.0,5.0,0.5,nan,nan,nan,nan,nan,nan
1750612334.0630116,5.8838417530059814,-2.4485198039845297,0.06467289411429002,-0.540282528560463,10.0,0.0,0.0,0.9717698161600921,0.046936037738590265,-0.18702004037923464,0.9990711743354121,-0.0050613796799861025,0.04279218442421061,0.9717698161599841,0.046936037738587455,-0.18702004037918218,inf,nan,nan,nan,nan,nan,nan,5.0,-5.0,0.5,5.0,-3.3,0.5,5.0,-1.6,0.5,5.0,0.0,0.5,5.0,1.6,0.5,5.0,3.3,0.5,5.0,5.0,0.5,nan,nan,nan,nan,nan,nan
1750612334.165004,5.985834121704102,-2.3513329367913185,0.06856630474944649,-0.5589785529326886,10.0,0.0,0.0,0.9723190148939066,0.0024808633662345182,-0.18668783672954398,0.9989918096462546,-0.005462536958203048,0.04455922968007533,0.9723190148940297,0.0024808633662387614,-0.18668783672959322,inf,nan,nan,nan,nan,nan,nan,5.0,-5.0,0.5,5.0,-3.3,0.5,5.0,-1.6,0.5,5.0,0.0,0.5,5.0,1.6,0.5,5.0,3.3,0.5,5.0,5.0,0.5,nan,nan,nan,nan,nan,nan
1750612334.268273,6.0891032218933105,-2.2541010353019155,0.06881439108607036,-0.5776473366056479,10.0,0.0,0.0,0.9723190148939066,0.0024808633662345182,-0.18668783672954398,0.9989104920016861,-0.005583691977592859,0.04633196901545241,0.9723190148940297,0.0024808633662387614,-0.18668783672959322,inf,nan,nan,nan,nan,nan,nan,5.0,-5.0,0.5,5.0,-3.3,0.5,5.0,-1.6,0.5,5.0,0.0,0.5,5.0,1.6,0.5,5.0,3.3,0.5,5.0,5.0,0.5,nan,nan,nan,nan,nan,nan
1750612334.370916,6.19174599647522,-2.1568691338125126,0.06906247742269424,-0.5963161202786073,10.0,0.0,0.0,0.9723190148939066,0.0024808633662345182,-0.18668783672954398,0.9988214010090742,-0.00564737115156097,0.04820701282331015,0.9723190148940297,0.0024808633662387614,-0.18668783672959322,inf,nan,nan,nan,nan,nan,nan,5.0,-5.0,0.5,5.0,-3.3,0.5,5.0,-1.6,0.5,5.0,0.0,0.5,5.0,1.6,0.5,5.0,3.3,0.5,5.0,5.0,0.5,nan,nan,nan,nan,nan,nan
1750612334.4729881,6.293818235397339,-2.0596372323231096,0.06931056375931811,-0.6149849039515666,10.0,0.0,0.0,0.9723190148939066,0.0024808633662345182,-0.18668783672954398,0.998729253880461,-0.005710715090701613,0.050072599059070994,0.9723190148940297,0.0024808633662387614,-0.18668783672959322,inf,nan,nan,nan,nan,nan,nan,5.0,-5.0,0.5,5.0,-3.3,0.5,5.0,-1.6,0.5,5.0,0.0,0.5,5.0,1.6,0.5,5.0,3.3,0.5,5.0,5.0,0.5,nan,nan,nan,nan,nan,nan
1750612334.5768542,6.397684335708618,-1.9623101419642979,0.07154203543888799,-0.6330677099182208,10.0,0.0,0.0,0.9747597551351856,0.053336897800747525,-0.17166276733717956,0.9986310786582566,-0.005775689502665076,0.051986634326676585,0.9747597551352793,0.05333689780075146,-0.17166276733715513,inf,nan,nan,nan,nan,nan,nan,5.0,-5.0,0.5,5.0,-3.3,0.5,5.0,-1.6,0.5,5.0,0.0,0.5,5.0,1.6,0.5,5.0,3.3,0.5,5.0,5.0,0.5,nan,nan,nan,nan,nan,nan
1750612334.6802194,6.501049518585205,-1.86483416645077,0.07687572521896313,-0.6502339866519363,10.0,0.0,0.0,0.9747597551351856,0.053336897800747525,-0.17166276733717956,0.9985334468251934,-0.006219801089105781,0.05377982563946014,0.9747597551352793,0.05333689780075146,-0.17166276733715513,inf,nan,nan,nan,nan,nan,nan,5.0,-5.0,0.5,5.0,-3.3,0.5,5.0,-1.6,0.5,5.0,0.0,0.5,5.0,1.6,0.5,5.0,3.3,0.5,5.0,5.0,0.5,nan,nan,nan,nan,nan,nan
1750612334.7826607,6.603490829467773,-1.767358190937242,0.08220941499903828,-0.6674002633856518,10.0,0.0,0.0,0.9747597551351856,0.053336897800747525,-0.17166276733717956,0.9984288919778631,-0.006711016014391171,0.055630117094172316,0.9747597551352793,0.05333689780075146,-0.17166276733715513,inf,nan,nan,nan,nan,nan,nan,5.0,-5.0,0.5,5.0,-3.3,0.5,5.0,-1.6,0.5,5.0,0.0,0.5,5.0,1.6,0.5,5.0,3.3,0.5,5.0,5.0,0.5,nan,nan,nan,nan,nan,nan
1750612334.8888,6.709630012512207,-1.669882215423714,0.08754310477911342,-0.6845665401193674,10.0,0.0,0.0,0.9747597551351856,0.053336897800747525,-0.17166276733717956,0.9983211975444352,-0.007199838815479039,0.05747128721784453,0.9747597551352793,0.05333689780075146,-0.17166276733715513,inf,nan,nan,nan,nan,nan,nan,5.0,-5.0,0.5,5.0,-3.3,0.5,5.0,-1.6,0.5,5.0,0.0,0.5,5.0,1.6,0.5,5.0,3.3,0.5,5.0,5.0,0.5,nan,nan,nan,nan,nan,nan
1750612335.0189583,6.839788436889648,-1.5724062399101861,0.09287679455918857,-0.7017328168530829,10.0,0.0,0.0,0.9747597551351856,0.053336897800747525,-0.17166276733717956,0.99822201264636,-0.0076360837157885605,0.05911432731356714,0.9747597551352793,0.05333689780075146,-0.17166276733715513,inf,nan,nan,nan,nan,nan,nan,5.0,-5.0,0.5,5.0,-3.3,0.5,5.0,-1.6,0.5,5.0,0.0,0.5,5.0,1.6,0.5,5.0,3.3,0.5,5.0,5.0,0.5,nan,nan,nan,nan,nan,nan
1750612335.1274598,6.94828987121582,-1.4749302643966582,0.09821048433926372,-0.7188990935867984,10.0,0.0,0.0,0.9747597551351856,0.053336897800747525,-0.17166276733717956,0.9981147852710511,-0.008093982169951466,0.060838827042900896,0.9747597551352793,0.05333689780075146,-0.17166276733715513,inf,nan,nan,nan,nan,nan,nan,5.0,-5.0,0.5,5.0,-3.3,0.5,5.0,-1.6,0.5,5.0,0.0,0.5,5.0,1.6,0.5,5.0,3.3,0.5,5.0,5.0,0.5,nan,nan,nan,nan,nan,nan
1750612335.2298832,7.050713300704956,-1.3774542888831303,0.10354417411933886,-0.7360653703205139,10.0,0.0,0.0,0.9747597551351856,0.053336897800747525,-0.17166276733717956,0.9978740434535007,-0.009076017414812057,0.06453696080268292,0.9747597551352793,0.05333689780075146,-0.17166276733715513,inf,nan,nan,nan,nan,nan,nan,5.0,-5.0,0.5,5.0,-3.3,0.5,5.0,-1.6,0.5,5.0,0.0,0.5,5.0,1.6,0.5,5.0,3.3,0.5,5.0,5.0,0.5,nan,nan,nan,nan,nan,nan
1750612335.332528,7.153358221054077,-1.2799783133696023,0.108877863899414,-0.7532316470542294,10.0,0.0,0.0,0.9793365482045374,-0.009589001235887438,-0.16469261890890285,0.9977374177757323,-0.009608280072473335,0.06654116112800187,0.9747597551352793,0.05333689780075146,-0.17166276733715513,inf,nan,nan,nan,nan,nan,nan,5.0,-5.0,0.5,5.0,-3.3,0.5,5.0,-1.6,0.5,5.0,0.0,0.5,5.0,1.6,0.5,5.0,3.3,0.5,5.0,5.0,0.5,nan,nan,nan,nan,nan,nan
1750612335.4350898,7.255919933319092,-1.1820538121352928,0.10804481557389822,-0.7697148492419804,10.0,0.0,0.0,0.9793365482045374,-0.009589001235887438,-0.16469261890890285,0.9976014195643813,-0.009639232550212744,0.06854555331291766,0.9793365482044791,-0.009589001235890682,-0.16469261890894593,inf,nan,nan,nan,nan,nan,nan,5.0,-5.0,0.5,5.0,-3.3,0.5,5.0,-1.6,0.5,5.0,0.0,0.5,5.0,1.6,0.5,5.0,3.3,0.5,5.0,5.0,0.5,nan,nan,nan,nan,nan,nan
1750612335.537877,7.3587071895599365,-1.084120157314845,0.10708591545030915,-0.786184111132875,10.0,0.0,0.0,0.9793365482045374,-0.009589001235887438,-0.16469261890890285,0.9974610364906943,-0.009636774934367095,0.07055928891205017,0.9793365482044791,-0.009589001235890682,-0.16469261890894593,inf,nan,nan,nan,nan,nan,nan,5.0,-5.0,0.5,5.0,-3.3,0.5,5.0,-1.6,0.5,5.0,0.0,0.5,5.0,1.6,0.5,5.0,3.3,0.5,5.0,5.0,0.5,nan,nan,nan,nan,nan,nan
1750612335.6398292,7.4606592655181885,-0.9861865024943953,0.10612701532672009,-0.8026533730237696,10.0,0.0,0.0,0.9793365482045374,-0.009589001235887438,-0.16469261890890285,0.9973125509119376,-0.009634208688951582,0.07262821639322849,0.9793365482045899,-0.009589001235890682,-0.16469261890894593,inf,nan,nan,nan,nan,nan,nan,5.0,-5.0,0.5,5.0,-3.3,0.5,5.0,-1.6,0.5,5.0,0.0,0.5,5.0,1.6,0.5,5.0,3.3,0.5,5.0,5.0,0.5,nan,nan,nan,nan,nan,nan
1750612335.7436225,7.564452648162842,-0.8882528476739363,0.10516811520313102,-0.8191226349146642,10.0,0.0,0.0,0.9793365482045374,-0.009589001235887438,-0.16469261890890285,0.9971587163170912,-0.009631583041724841,0.07471095690031984,0.9793365482045899,-0.009589001235890682,-0.16469261890894593,inf,nan,nan,nan,nan,nan,nan,5.0,-5.0,0.5,5.0,-3.3,0.5,5.0,-1.6,0.5,5.0,0.0,0.5,5.0,1.6,0.5,5.0,3.3,0.5,5.0,5.0,0.5,nan,nan,nan,nan,nan,nan
1750612335.8591483,7.679978370666504,-0.7903105920028816,0.10419159230718805,-0.8356232745841442,10.0,0.0,0.0,0.980770023303867,-0.012526129961541968,-0.16992224867315914,0.9969977326895263,-0.009628625951418097,0.07682975058030342,0.9801966332641634,-0.01135127847128048,-0.16783039676748768,inf,nan,nan,nan,nan,nan,nan,5.0,-5.0,0.5,5.0,-3.3,0.5,5.0,-1.6,0.5,5.0,0.0,0.5,5.0,1.6,0.5,5.0,3.3,0.5,5.0,5.0,0.5,nan,nan,nan,nan,nan,nan
1750612335.9709647,7.791794776916504,-0.6922335896724937,0.10293897931103402,-0.8526154994514624,10.0,0.0,0.0,0.980770023303867,-0.012526129961541968,-0.16992224867315914,0.996858555830743,-0.009608066548157695,0.07861745813908981,0.9807700233038787,-0.012526129961540344,-0.16992224867318217,inf,nan,nan,nan,nan,nan,nan,5.0,-5.0,0.5,5.0,-3.3,0.5,5.0,-1.6,0.5,5.0,0.0,0.5,5.0,1.6,0.5,5.0,3.3,0.5,5.0,5.0,0.5,nan,nan,nan,nan,nan,nan
1750612336.077676,7.898506164550781,-0.5941565873421059,0.10168636631487998,-0.8696077243187806,10.0,0.0,0.0,0.980770023303867,-0.012526129961541968,-0.16992224867315914,0.9966923057028186,-0.009580405623433177,0.08070107546302879,0.9807700233038787,-0.012526129961540344,-0.16992224867318217,inf,nan,nan,nan,nan,nan,nan,5.0,-5.0,0.5,5.0,-3.3,0.5,5.0,-1.6,0.5,5.0,0.0,0.5,5.0,1.6,0.5,5.0,3.3,0.5,5.0,5.0,0.5,nan,nan,nan,nan,nan,nan
1750612336.1811452,8.001975297927856,-0.496079585011718,0.10043375331872595,-0.8865999491860989,10.0,0.0,0.0,0.980770023303867,-0.012526129961541968,-0.16992224867315914,0.9965054410120352,-0.009550096893505415,0.08298012824004235,0.9807700233038787,-0.012526129961540344,-0.16992224867318217,inf,nan,nan,nan,nan,nan,nan,5.0,-5.0,0.5,5.0,-3.3,0.5,5.0,-1.6,0.5,5.0,0.0,0.5,5.0,1.6,0.5,5.0,3.3,0.5,5.0,5.0,0.5,nan,nan,nan,nan,nan,nan
1750612336.284932,8.105762004852295,-0.39800258268133015,0.09918114032257191,-0.9035921740534171,10.0,0.0,0.0,0.980770023303867,-0.012526129961541968,-0.16992224867315914,0.9963126919774897,-0.009519633234760246,0.08526661942192441,0.9807700233038787,-0.012526129961540344,-0.16992224867318217,inf,nan,nan,nan,nan,nan,nan,5.0,-5.0,0.5,5.0,-3.3,0.5,5.0,-1.6,0.5,5.0,0.0,0.5,5.0,1.6,0.5,5.0,3.3,0.5,5.0,5.0,0.5,nan,nan,nan,nan,nan,nan
1750612336.3872604,8.208090543746948,-0.2999255803509423,0.09792852732641788,-0.9205843989207353,10.0,0.0,0.0,0.980770023303867,-0.012526129961541968,-0.16992224867315914,0.996108981244773,-0.009488249794018359,0.08761775276362119,0.9807700233038787,-0.012526129961540344,-0.16992224867318217,inf,nan,nan,nan,nan,nan,nan,5.0,-5.0,0.5,5.0,-3.3,0.5,5.0,-1.6,0.5,5.0,0.0,0.5,5.0,1.6,0.5,5.0,3.3,0.5,5.0,5.0,0.5,nan,nan,nan,nan,nan,nan
1750612336.4909253,8.311755418777466,-0.20173869707060071,0.09772400165428538,-0.9372709817671644,10.0,0.0,0.0,0.9831587396072282,0.010258377082403125,-0.1632778569146922,0.9958958794641294,-0.009456243469245154,0.09001098114018301,0.9831587396072206,0.010258377082406067,-0.16327785691472307,inf,nan,nan,nan,nan,nan,nan,5.0,-5.0,0.5,5.0,-3.3,0.5,5.0,-1.6,0.5,5.0,0.0,0.5,5.0,1.6,0.5,5.0,3.3,0.5,5.0,5.0,0.5,nan,nan,nan,nan,nan,nan
1750612336.5979307,8.418760776519775,-0.08375964831773366,0.09895500690417411,-0.9568643245969312,10.0,0.0,0.0,0.9831587396072282,0.010258377082403125,-0.1632778569146922,0.9956760231832368,-0.009609039577176992,0.09239547183936536,0.9831587396072343,0.010258377082406067,-0.16327785691472307,inf,nan,nan,nan,nan,nan,nan,5.0,-5.0,0.5,5.0,-3.3,0.5,5.0,-1.6,0.5,5.0,0.0,0.5,5.0,1.6,0.5,5.0,3.3,0.5,5.0,5.0,0.5,nan,nan,nan,nan,nan,nan
1750612336.6992273,8.520057439804077,-0.005106949149155317,0.0997756770707666,-0.969926553150109,10.0,0.0,0.0,0.9831587396072282,0.010258377082403125,-0.1632778569146922,0.9954467437737954,-0.009796171555492117,0.09481463670237408,0.9831587396072278,0.010258377082406067,-0.16327785691472307,inf,nan,nan,nan,nan,nan,nan,5.0,-5.0,0.5,5.0,-3.3,0.5,5.0,-1.6,0.5,5.0,0.0,0.5,5.0,1.6,0.5,5.0,3.3,0.5,5.0,5.0,0.5,nan,nan,nan,nan,nan,nan
1750612336.7993348,8.62016487121582,0.09310305244433661,0.09543608363658201,-0.9840208147306436,10.0,0.0,0.0,0.9814782258416606,-0.0749071966068813,-0.12782509324907126,0.9952115726102565,-0.009971637038008418,0.09723421310116206,0.981478225841659,-0.07490719660688261,-0.12782509324904545,inf,nan,nan,nan,nan,nan,nan,5.0,-5.0,0.5,5.0,-3.3,0.5,5.0,-1.6,0.5,5.0,0.0,0.5,5.0,1.6,0.5,5.0,3.3,0.5,5.0,5.0,0.5,nan,nan,nan,nan,nan,nan
1750612336.902769,8.723599195480347,0.1912508750285025,0.08794536397589375,-0.9968033240555482,10.0,0.0,0.0,0.9814782258416606,-0.0749071966068813,-0.12782509324907126,0.99499662973322,-0.009400523098422172,0.09946525516485366,0.981478225841659,-0.07490719660688261,-0.12782509324904545,inf,nan,nan,nan,nan,nan,nan,5.0,-5.0,0.5,5.0,-3.3,0.5,5.0,-1.6,0.5,5.0,0.0,0.5,5.0,1.6,0.5,5.0,3.3,0.5,5.0,5.0,0.5,nan,nan,nan,nan,nan,nan
1750612337.0058527,8.826682806015015,0.2893986976126684,0.08045464431520549,-1.0095858333804528,10.0,0.0,0.0,0.9814782258416606,-0.0749071966068813,-0.12782509324907126,0.9947795042502331,-0.008751173880698328,0.10167179982359995,0.981478225841659,-0.07490719660688261,-0.12782509324904545,inf,nan,nan,nan,nan,nan,nan,5.0,-5.0,0.5,5.0,-3.3,0.5,5.0,-1.6,0.5,5.0,0.0,0.5,5.0,1.6,0.5,5.0,3.3,0.5,5.0,5.0,0.5,nan,nan,nan,nan,nan,nan
1750612337.1081753,8.92900538444519,0.3875465201968343,0.07296392465451723,-1.0223683427053574,10.0,0.0,0.0,0.9814782258416606,-0.0749071966068813,-0.12782509324907126,0.9945527469723202,-0.008089311073936007,0.10392014499682674,0.981478225841659,-0.07490719660688261,-0.12782509324904545,inf,nan,nan,nan,nan,nan,nan,5.0,-5.0,0.5,5.0,-3.3,0.5,5.0,-1.6,0.5,5.0,0.0,0.5,5.0,1.6,0.5,5.0,3.3,0.5,5.0,5.0,0.5,nan,nan,nan,nan,nan,nan
1750612337.2102027,9.031032800674438,0.48569434278100015,0.06547320499382897,-1.035150852030262,10.0,0.0,0.0,0.9814782258416606,-0.0749071966068813,-0.12782509324907126,0.9943134259299448,-0.007407556512487743,0.10623530073365582,0.981478225841659,-0.07490719660688261,-0.12782509324904545,inf,nan,nan,nan,nan,nan,nan,5.0,-5.0,0.5,5.0,-3.3,0.5,5.0,-1.6,0.5,5.0,0.0,0.5,5.0,1.6,0.5,5.0,3.3,0.5,5.0,5.0,0.5,nan,nan,nan,nan,nan,nan
1750612337.3155355,9.13636565208435,0.5840976150335179,0.0645778105993784,-1.0467441290377886,10.0,0.0,0.0,0.9848394056883817,0.011873399001501639,-0.11217729959930971,0.9940633541965068,-0.006712289311218563,0.10859554786358692,0.9848394056883869,0.011873399001507967,-0.11217729959933642,inf,nan,nan,nan,nan,nan,nan,5.0,-5.0,0.5,5.0,-3.3,0.5,5.0,-1.6,0.5,5.0,0.0,0.5,5.0,1.6,0.5,5.0,3.3,0.5,5.0,5.0,0.5,nan,nan,nan,nan,nan,nan
1750612337.417401,9.238231182098389,0.6825815556023566,0.06576515049952919,-1.0579618589977222,10.0,0.0,0.0,0.9848394056883817,0.011873399001501639,-0.11217729959930971,0.9938156167217367,-0.006845500234399092,0.11083167005208897,0.9848394056883869,0.011873399001507967,-0.11217729959933642,inf,nan,nan,nan,nan,nan,nan,5.0,-5.0,0.5,5.0,-3.3,0.5,5.0,-1.6,0.5,5.0,0.0,0.5,5.0,1.6,0.5,5.0,3.3,0.5,5.0,5.0,0.5,nan,nan,nan,nan,nan,nan
1750612337.520384,9.341214179992676,0.7810654961711953,0.06695249039967999,-1.0691795889576559,10.0,0.0,0.0,0.9848394056883817,0.011873399001501639,-0.11217729959930971,0.993558433733411,-0.007036954124258448,0.1131022547691431,0.9848394056883869,0.011873399001507967,-0.11217729959933642,inf,nan,nan,nan,nan,nan,nan,5.0,-5.0,0.5,5.0,-3.3,0.5,5.0,-1.6,0.5,5.0,0.0,0.5,5.0,1.6,0.5,5.0,3.3,0.5,5.0,5.0,0.5,nan,nan,nan,nan,nan,nan
1750612337.6229553,9.443785429000854,0.8795494367400339,0.06813983029983078,-1.0803973189175895,10.0,0.0,0.0,0.9848394056883817,0.011873399001501639,-0.11217729959930971,0.9932934864168262,-0.00723020512535066,0.11539399453936701,0.9848394056883869,0.011873399001507967,-0.11217729959933642,inf,nan,nan,nan,nan,nan,nan,5.0,-5.0,0.5,5.0,-3.3,0.5,5.0,-1.6,0.5,5.0,0.0,0.5,5.0,1.6,0.5,5.0,3.3,0.5,5.0,5.0,0.5,nan,nan,nan,nan,nan,nan
1750612337.7261345,9.546964645385742,0.9780333773088726,0.06932717019998158,-1.0916150488775231,10.0,0.0,0.0,0.9848394056883817,0.011873399001501639,-0.11217729959930971,0.9930147734926029,-0.007429391099672579,0.1177559500548611,0.9848394056883869,0.011873399001507967,-0.11217729959933642,inf,nan,nan,nan,nan,nan,nan,5.0,-5.0,0.5,5.0,-3.3,0.5,5.0,-1.6,0.5,5.0,0.0,0.5,5.0,1.6,0.5,5.0,3.3,0.5,5.0,5.0,0.5,nan,nan,nan,nan,nan,nan
1750612337.8329794,9.653809547424316,1.0765173178777112,0.07051451010013238,-1.1028327788374568,10.0,0.0,0.0,0.9848394056883817,0.011873399001501639,-0.11217729959930971,0.9924348058099374,-0.007831423591270842,0.12252275307683098,0.9848394056883869,0.011873399001507967,-0.11217729959933642,inf,nan,nan,nan,nan,nan,nan,5.0,-5.0,0.5,5.0,-3.3,0.5,5.0,-1.6,0.5,5.0,0.0,0.5,5.0,1.6,0.5,5.0,3.3,0.5,5.0,5.0,0.5,nan,nan,nan,nan,nan,nan
1750612337.9381618,9.758991956710815,1.1946980465603176,0.07193931798031333,-1.1162940547893772,10.0,0.0,0.0,0.9848394056883817,0.011873399001501639,-0.11217729959930971,0.9921169489360819,-0.008045179570309249,0.12505692591552567,0.9848394056883869,0.011873399001507967,-0.11217729959933642,inf,nan,nan,nan,nan,nan,nan,5.0,-5.0,0.5,5.0,-3.3,0.5,5.0,-1.6,0.5,5.0,0.0,0.5,5.0,1.6,0.5,5.0,3.3,0.5,5.0,5.0,0.5,nan,nan,nan,nan,nan,nan
1750612338.0389824,9.859812498092651,1.273484962120388,0.07292869516767075,-1.1252575474063249,10.0,0.0,0.0,0.9846025106879299,0.05137866623828687,-0.10148594860012383,0.9917890636448572,-0.00826345358862754,0.12761727378864596,0.9848157161883364,0.015823925725186316,-0.1111081644994183,inf,nan,nan,nan,nan,nan,nan,5.0,-5.0,0.5,5.0,-3.3,0.5,5.0,-1.6,0.5,5.0,0.0,0.5,5.0,1.6,0.5,5.0,3.3,0.5,5.0,5.0,0.5,nan,nan,nan,nan,nan,nan
1750612338.14143,9.962260007858276,1.3719452131891763,0.0780665617914999,-1.1354061422663404,10.0,0.0,0.0,0.9846025106879299,0.05137866623828687,-0.10148594860012383,0.9914542267116377,-0.008887650780951807,0.13015193428921581,0.984602510687882,0.05137866623829146,-0.10148594860015514,inf,nan,nan,nan,nan,nan,nan,5.0,-5.0,0.5,5.0,-3.3,0.5,5.0,-1.6,0.5,5.0,0.0,0.5,5.0,1.6,0.5,5.0,3.3,0.5,5.0,5.0,0.5,nan,nan,nan,nan,nan,nan
1750612338.245883,10.066713094711304,1.4900975144717221,0.08423200174009488,-1.147584456098359,10.0,0.0,0.0,0.9846025106879299,0.05137866623828687,-0.10148594860012383,0.9911061109288744,-0.009568990653018207,0.13272946657515144,0.984602510687882,0.05137866623829146,-0.10148594860015514,inf,nan,nan,nan,nan,nan,nan,5.0,-5.0,0.5,5.0,-3.3,0.5,5.0,-1.6,0.5,5.0,0.0,0.5,5.0,1.6,0.5,5.0,3.3,0.5,5.0,5.0,0.5,nan,nan,nan,nan,nan,nan
1750612338.3468235,10.167653560638428,1.5688657153267527,0.08834229503915819,-1.1557033319863714,10.0,0.0,0.0,0.9846025106879299,0.05137866623828687,-0.10148594860012383,0.9907504616188755,-0.010250961329798369,0.13530868632057572,0.984602510687882,0.05137866623829146,-0.10148594860015514,inf,nan,nan,nan,nan,nan,nan,5.0,-5.0,0.5,5.0,-3.3,0.5,5.0,-1.6,0.5,5.0,0.0,0.5,5.0,1.6,0.5,5.0,3.3,0.5,5.0,5.0,0.5,nan,nan,nan,nan,nan,nan
1750612338.44887,10.269700050354004,1.6673830638631082,0.09298393426151957,-1.1656515995021206,10.0,0.0,0.0,0.9903122574446345,0.0017559260915147971,-0.08145321417348789,0.9903756714843374,-0.01095511412260278,0.13797106510608986,0.9903122574446144,0.001755926091515092,-0.08145321417352136,inf,nan,nan,nan,nan,nan,nan,5.0,-5.0,0.5,5.0,-3.3,0.5,5.0,-1.6,0.5,5.0,0.0,0.5,5.0,1.6,0.5,5.0,3.3,0.5,5.0,5.0,0.5,nan,nan,nan,nan,nan,nan
1750612338.5518062,10.372636318206787,1.7664142896075696,0.09315952687067108,-1.1737969209194727,10.0,0.0,0.0,0.9903122574446345,0.0017559260915147971,-0.08145321417348789,0.9900142420672543,-0.011165845854443699,0.14052446189313303,0.9903122574446144,0.001755926091515092,-0.08145321417352136,inf,nan,nan,nan,nan,nan,nan,5.0,-5.0,0.5,5.0,-3.3,0.5,5.0,-1.6,0.5,5.0,0.0,0.5,5.0,1.6,0.5,5.0,3.3,0.5,5.0,5.0,0.5,nan,nan,nan,nan,nan,nan
1750612338.6540306,10.474860668182373,1.865445515352031,0.09333511947982259,-1.1819422423368249,10.0,0.0,0.0,0.9903122574446345,0.0017559260915147971,-0.08145321417348789,0.9896471095468921,-0.01131325240195229,0.14307553559421587,0.9903122574446144,0.001755926091515092,-0.08145321417352136,inf,nan,nan,nan,nan,nan,nan,5.0,-5.0,0.5,5.0,-3.3,0.5,5.0,-1.6,0.5,5.0,0.0,0.5,5.0,1.6,0.5,5.0,3.3,0.5,5.0,5.0,0.5,nan,nan,nan,nan,nan,nan
1750612338.7582328,10.579062938690186,1.9644767410964925,0.0935107120889741,-1.190087563754177,10.0,0.0,0.0,0.9903122574446345,0.0017559260915147971,-0.08145321417348789,0.9892621700400087,-0.011464962397268793,0.14570145354443909,0.9903122574446144,0.001755926091515092,-0.08145321417352136,inf,nan,nan,nan,nan,nan,nan,5.0,-5.0,0.5,5.0,-3.3,0.5,5.0,-1.6,0.5,5.0,0.0,0.5,5.0,1.6,0.5,5.0,3.3,0.5,5.0,5.0,0.5,nan,nan,nan,nan,nan,nan
1750612338.8614695,10.682299613952637,2.063507966840954,0.09368630469812561,-1.1982328851715291,10.0,0.0,0.0,0.9903122574446345,0.0017559260915147971,-0.08145321417348789,0.988858114047936,-0.011621238536101313,0.14840679599144346,0.9903122574446144,0.001755926091515092,-0.08145321417352136,inf,nan,nan,nan,nan,nan,nan,5.0,-5.0,0.5,5.0,-3.3,0.5,5.0,-1.6,0.5,5.0,0.0,0.5,5.0,1.6,0.5,5.0,3.3,0.5,5.0,5.0,0.5,nan,nan,nan,nan,nan,nan
1750612338.9630032,10.783833265304565,2.1625391925854154,0.09386189730727712,-1.2063782065888813,10.0,0.0,0.0,0.9903122574446345,0.0017559260915147971,-0.08145321417348789,0.988441138186124,-0.011779494484891824,0.15114681555031256,0.9903122574446144,0.001755926091515092,-0.08145321417352136,inf,nan,nan,nan,nan,nan,nan,5.0,-5.0,0.5,5.0,-3.3,0.5,5.0,-1.6,0.5,5.0,0.0,0.5,5.0,1.6,0.5,5.0,3.3,0.5,5.0,5.0,0.5,nan,nan,nan,nan,nan,nan
1750612339.066419,10.887248992919922,2.261570418329877,0.09403748991642863,-1.2145235280062334,10.0,0.0,0.0,0.9903122574446345,0.0017559260915147971,-0.08145321417348789,0.9880017564962019,-0.011943116162326949,0.15398016475102502,0.9903122574446144,0.001755926091515092,-0.08145321417352136,inf,nan,nan,nan,nan,nan,nan,5.0,-5.0,0.5,5.0,-3.3,0.5,5.0,-1.6,0.5,5.0,0.0,0.5,5.0,1.6,0.5,5.0,3.3,0.5,5.0,5.0,0.5,nan,nan,nan,nan,nan,nan
1750612339.169824,10.990653991699219,2.3606016440743383,0.09421308252558014,-1.2226688494235856,10.0,0.0,0.0,0.9903122574446345,0.0017559260915147971,-0.08145321417348789,0.9875527819119937,-0.012107162083057083,0.15682129818419685,0.9903122574446144,0.001755926091515092,-0.08145321417352136,inf,nan,nan,nan,nan,nan,nan,5.0,-5.0,0.5,5.0,-3.3,0.5,5.0,-1.6,0.5,5.0,0.0,0.5,5.0,1.6,0.5,5.0,3.3,0.5,5.0,5.0,0.5,nan,nan,nan,nan,nan,nan
1750612339.2850025,11.105832576751709,2.4596328698187997,0.09438867513473165,-1.2308141708409377,10.0,0.0,0.0,0.9903122574446345,0.0017559260915147971,-0.08145321417348789,0.9870794986967952,-0.012276830261518375,0.15976026630928317,0.9903122574446144,0.001755926091515092,-0.08145321417352136,inf,nan,nan,nan,nan,nan,nan,5.0,-5.0,0.5,5.0,-3.3,0.5,5.0,-1.6,0.5,5.0,0.0,0.5,5.0,1.6,0.5,5.0,3.3,0.5,5.0,5.0,0.5,nan,nan,nan,nan,nan,nan
1750612339.3903494,11.211179494857788,2.558664095563261,0.09456426774388316,-1.2389594922582898,10.0,0.0,0.0,0.9903122574446345,0.0017559260915147971,-0.08145321417348789,0.9866580746003659,-0.012425236245326128,0.1623313196217746,0.9903122574446144,0.001755926091515092,-0.08145321417352136,inf,nan,nan,nan,nan,nan,nan,5.0,-5.0,0.5,5.0,-3.3,0.5,5.0,-1.6,0.5,5.0,0.0,0.5,5.0,1.6,0.5,5.0,3.3,0.5,5.0,5.0,0.5,nan,nan,nan,nan,nan,nan
1750612339.4932559,11.314085960388184,2.6576953213077226,0.09473986035303467,-1.247104813675642,10.0,0.0,0.0,0.9903122574446345,0.0017559260915147971,-0.08145321417348789,0.9861453680313548,-0.01260257065783512,0.1654040154383138,0.9903122574446144,0.001755926091515092,-0.08145321417352136,inf,nan,nan,nan,nan,nan,nan,5.0,-5.0,0.5,5.0,-3.3,0.5,5.0,-1.6,0.5,5.0,0.0,0.5,5.0,1.6,0.5,5.0,3.3,0.5,5.0,5.0,0.5,nan,nan,nan,nan,nan,nan
1750612339.5966384,11.417468547821045,2.7565398151149356,0.09628795433057809,-1.2539680867219156,10.0,0.0,0.0,0.9869171313128393,0.026710496425912597,-0.05814324379038381,0.9856097763062062,-0.012784245886077667,0.16855246039958738,0.9869171313128255,0.0267104964259135,-0.058143243790276244,inf,nan,nan,nan,nan,nan,nan,5.0,-5.0,0.5,5.0,-3.3,0.5,5.0,-1.6,0.5,5.0,0.0,0.5,5.0,1.6,0.5,5.0,3.3,0.5,5.0,5.0,0.5,nan,nan,nan,nan,nan,nan
1750612339.6994245,11.520254611968994,2.855231528246218,0.09895900397316944,-1.2597824111009432,10.0,0.0,0.0,0.9869171313128393,0.026710496425912597,-0.05814324379038381,0.985088361743109,-0.013268960242878184,0.1715367431553673,0.9869171313128255,0.0267104964259135,-0.058143243790276244,inf,nan,nan,nan,nan,nan,nan,5.0,-5.0,0.5,5.0,-3.3,0.5,5.0,-1.6,0.5,5.0,0.0,0.5,5.0,1.6,0.5,5.0,3.3,0.5,5.0,5.0,0.5,nan,nan,nan,nan,nan,nan
1750612339.8027985,11.623628616333008,2.9539232413775007,0.10163005361576079,-1.2655967354799709,10.0,0.0,0.0,0.9869171313128393,0.026710496425912597,-0.05814324379038381,0.9845606841518102,-0.013793119626436142,0.1744993096647958,0.9869171313128255,0.0267104964259135,-0.058143243790276244,inf,nan,nan,nan,nan,nan,nan,5.0,-5.0,0.5,5.0,-3.3,0.5,5.0,-1.6,0.5,5.0,0.0,0.5,5.0,1.6,0.5,5.0,3.3,0.5,5.0,5.0,0.5,nan,nan,nan,nan,nan,nan
1750612339.9062562,11.727086305618286,3.0522434035554724,0.10264315227322103,-1.2695060611789828,10.0,0.0,0.0,0.9807246154240956,-0.0009220199929375929,-0.026393265790075133,0.9840098160264702,-0.014330699523324655,0.17753679341118203,0.980724615424311,-0.0009220199929382833,-0.026393265790014553,inf,nan,nan,nan,nan,nan,nan,5.0,-5.0,0.5,5.0,-3.3,0.5,5.0,-1.6,0.5,5.0,0.0,0.5,5.0,1.6,0.5,5.0,3.3,0.5,5.0,5.0,0.5,nan,nan,nan,nan,nan,nan
1750612340.0086944,11.829524517059326,3.1503158650979035,0.1025509502739272,-1.2721453877579842,10.0,0.0,0.0,0.9807246154240956,-0.0009220199929375929,-0.026393265790075133,0.983494891810463,-0.014572109987571137,0.18034813942271738,0.980724615424311,-0.0009220199929382833,-0.026393265790014553,inf,nan,nan,nan,nan,nan,nan,5.0,-5.0,0.5,5.0,-3.3,0.5,5.0,-1.6,0.5,5.0,0.0,0.5,5.0,1.6,0.5,5.0,3.3,0.5,5.0,5.0,0.5,nan,nan,nan,nan,nan,nan
1750612340.112465,11.933295011520386,3.2484660601072166,0.1071034560747861,-1.2718038174519932,10.0,0.0,0.0,0.9819023952256647,0.06945234061543319,0.018771838527983045,0.982977622659215,-0.014754402867548174,0.183131922250764,0.9819023952255534,0.06945234061543626,0.01877183852805331,inf,nan,nan,nan,nan,nan,nan,5.0,-5.0,0.5,5.0,-3.3,0.5,5.0,-1.6,0.5,5.0,0.0,0.5,5.0,1.6,0.5,5.0,3.3,0.5,5.0,5.0,0.5,nan,nan,nan,nan,nan,nan
1750612340.2153547,12.036184787750244,3.3471276797065106,0.11074291073543523,-1.2692318663470084,10.0,0.0,0.0,0.9881874629156064,0.02537528193684928,0.02803540189039847,0.9825234536719514,-0.015784777376530897,0.18546833634805224,0.9881874629154019,0.02537528193684302,0.028035401890447176,inf,nan,nan,nan,nan,nan,nan,5.0,-5.0,0.5,5.0,-3.3,0.5,5.0,-1.6,0.5,5.0,0.0,0.5,5.0,1.6,0.5,5.0,3.3,0.5,5.0,5.0,0.5,nan,nan,nan,nan,nan,nan
1750612340.3192258,12.140055894851685,3.445946425998051,0.11328043892911953,-1.2664283261579636,10.0,0.0,0.0,0.9875657770782185,0.0415663224810155,0.05149057083959521,0.9820943443830822,-0.016428242931996552,0.1876720852043028,0.9881874629154019,0.02537528193684302,0.028035401890447176,inf,nan,nan,nan,nan,nan,nan,5.0,-5.0,0.5,5.0,-3.3,0.5,5.0,-1.6,0.5,5.0,0.0,0.5,5.0,1.6,0.5,5.0,3.3,0.5,5.0,5.0,0.5,nan,nan,nan,nan,nan,nan
1750612340.4218664,12.242696523666382,3.5447129506792803,0.11717801452851477,-1.261654551777196,10.0,0.0,0.0,0.9824204656908493,-0.012333806016822203,0.08023491538956598,0.9816562805748525,-0.017028649371802602,0.18989726672208482,0.9875657770783697,0.04156632248102088,0.05149057083952968,inf,nan,nan,nan,nan,nan,nan,5.0,-5.0,0.5,5.0,-3.3,0.5,5.0,-1.6,0.5,5.0,0.0,0.5,5.0,1.6,0.5,5.0,3.3,0.5,5.0,5.0,0.5,nan,nan,nan,nan,nan,nan
1750612340.526289,12.347119092941284,3.6430270316077817,0.11669923572580203,-1.2540334810619314,10.0,0.0,0.0,0.985538587656706,-0.012295933505504637,0.1089962899525142,0.9812478178330776,-0.017857977351501186,0.1919213709901443,0.9824204656907476,-0.012333806016825988,0.08023491538966532,inf,nan,nan,nan,nan,nan,nan,5.0,-5.0,0.5,5.0,-3.3,0.5,5.0,-1.6,0.5,5.0,0.0,0.5,5.0,1.6,0.5,5.0,3.3,0.5,5.0,5.0,0.5,nan,nan,nan,nan,nan,nan
1750612340.629497,12.450327157974243,3.741543472909861,0.11546918790511572,-1.2434789885614324,10.0,0.0,0.0,0.9838581790563058,-0.034033072382820446,0.11829928831229422,0.9806668413451921,-0.01809340742169437,0.19484654190905284,0.9855385876567091,-0.012295933505504508,0.1089962899525343,inf,nan,nan,nan,nan,nan,nan,5.0,-5.0,0.5,5.0,-3.3,0.5,5.0,-1.6,0.5,5.0,0.0,0.5,5.0,1.6,0.5,5.0,3.3,0.5,5.0,5.0,0.5,nan,nan,nan,nan,nan,nan
1750612340.7321293,12.552959442138672,3.8399444144929076,0.11226151491672913,-1.2317327867154497,10.0,0.0,0.0,0.9838581790563058,-0.034033072382820446,0.11829928831229422,0.9804397160986879,-0.017875324022899604,0.19600621389997022,0.9838581790564405,-0.034033072382824714,0.11829928831219583,inf,nan,nan,nan,nan,nan,nan,5.0,-5.0,0.5,5.0,-3.3,0.5,5.0,-1.6,0.5,5.0,0.0,0.5,5.0,1.6,0.5,5.0,3.3,0.5,5.0,5.0,0.5,nan,nan,nan,nan,nan,nan
1750612340.8350773,12.655907392501831,3.9383302323985516,0.10885820767844666,-1.2199028578842301,10.0,0.0,0.0,0.9838581790563058,-0.034033072382820446,0.11829928831229422,0.9802073298630729,-0.01761886859083407,0.19718814861011272,0.9838581790564405,-0.034033072382824714,0.11829928831219583,inf,nan,nan,nan,nan,nan,nan,5.0,-5.0,0.5,5.0,-3.3,0.5,5.0,-1.6,0.5,5.0,0.0,0.5,5.0,1.6,0.5,5.0,3.3,0.5,5.0,5.0,0.5,nan,nan,nan,nan,nan,nan
1750612340.9375753,12.758405447006226,4.036712399455003,0.10547131464395619,-1.2079940401927125,10.0,0.0,0.0,0.9820327544596894,-0.025825970486827256,0.15774371846120347,0.9799674469809391,-0.017355816578541097,0.1984000465941285,0.9834930941371667,-0.03239165200362437,0.12618817434200125,inf,nan,nan,nan,nan,nan,nan,5.0,-5.0,0.5,5.0,-3.3,0.5,5.0,-1.6,0.5,5.0,0.0,0.5,5.0,1.6,0.5,5.0,3.3,0.5,5.0,5.0,0.5,nan,nan,nan,nan,nan,nan
1750612341.041269,12.862099170684814,4.134908446324834,0.10291836313395289,-1.1920773711981247,10.0,0.0,0.0,0.9810001007203142,-0.021590893532684174,0.17807188252766598,0.9798319318241094,-0.017207953147077865,0.1990810682267951,0.981309896842486,-0.022861416618923103,0.17197343330777048,inf,nan,nan,nan,nan,nan,nan,5.0,-5.0,0.5,5.0,-3.3,0.5,5.0,-1.6,0.5,5.0,0.0,0.5,5.0,1.6,0.5,5.0,3.3,0.5,5.0,5.0,0.5,nan,nan,nan,nan,nan,nan
1750612341.1464486,12.967278718948364,4.233008456396901,0.10075927378068486,-1.1742701829453528,10.0,0.0,0.0,0.9810001007203142,-0.021590893532684174,0.17807188252766598,0.9797604483155429,-0.017130168789721366,0.19943926703074735,0.9810001007206637,-0.02159089353268029,0.17807188252771944,inf,nan,nan,nan,nan,nan,nan,5.0,-5.0,0.5,5.0,-3.3,0.5,5.0,-1.6,0.5,5.0,0.0,0.5,5.0,1.6,0.5,5.0,3.3,0.5,5.0,5.0,0.5,nan,nan,nan,nan,nan,nan
1750612341.2469723,13.067802429199219,4.331101648380736,0.09862471841350302,-1.1563454740778139,10.0,0.0,0.0,0.9803802745179285,-0.01936053116120277,0.18875557477920668,0.979690708793861,-0.017054422733907303,0.19978804210511586,0.9803802745178558,-0.019360531161208283,0.18875557477926463,inf,nan,nan,nan,nan,nan,nan,5.0,-5.0,0.5,5.0,-3.3,0.5,5.0,-1.6,0.5,5.0,0.0,0.5,5.0,1.6,0.5,5.0,3.3,0.5,5.0,5.0,0.5,nan,nan,nan,nan,nan,nan
1750612341.34975,13.1705801486969,4.429139675832522,0.0966886652973822,-1.1374699165998874,10.0,0.0,0.0,0.9803802745179285,-0.01936053116120277,0.18875557477920668,0.9796512229592486,-0.017011597328822,0.19998521673056352,0.9803802745178558,-0.019360531161208283,0.18875557477926463,inf,nan,nan,nan,nan,nan,nan,5.0,-5.0,0.5,5.0,-3.3,0.5,5.0,-1.6,0.5,5.0,0.0,0.5,5.0,1.6,0.5,5.0,3.3,0.5,5.0,5.0,0.5,nan,nan,nan,nan,nan,nan
1750612341.4518812,13.272711277008057,4.527173328974955,0.09476670578425568,-1.1185269812702523,10.0,0.0,0.0,0.9800157487385885,-0.018186064245012387,0.1943703957548851,0.9796129400520759,-0.016970118720623872,0.2001761792849886,0.9800157487385164,-0.018186064245015454,0.1943703957549836,inf,nan,nan,nan,nan,nan,nan,5.0,-5.0,0.5,5.0,-3.3,0.5,5.0,-1.6,0.5,5.0,0.0,0.5,5.0,1.6,0.5,5.0,3.3,0.5,5.0,5.0,0.5,nan,nan,nan,nan,nan,nan
1750612341.5549505,13.375780582427979,4.625170875761947,0.09296025881499821,-1.0990318838594546,10.0,0.0,0.0,0.9798143443953322,-0.01757809148281813,0.19727328751993684,0.9795907837612111,-0.016946131812327354,0.20028660710765275,0.9798143443955354,-0.017578091482811642,0.1972732875199501,inf,nan,nan,nan,nan,nan,nan,5.0,-5.0,0.5,5.0,-3.3,0.5,5.0,-1.6,0.5,5.0,0.0,0.5,5.0,1.6,0.5,5.0,3.3,0.5,5.0,5.0,0.5,nan,nan,nan,nan,nan,nan
1750612341.657999,13.478829145431519,4.723150074595152,0.09120876926342188,-1.0792744219115833,10.0,0.0,0.0,0.9797025640782717,-0.017262111647572742,0.19877994731379478,0.9795794796141101,-0.016933899011749062,0.20034292147018556,0.9797025640780888,-0.01726211164757019,0.19877994731376525,inf,nan,nan,nan,nan,nan,nan,5.0,-5.0,0.5,5.0,-3.3,0.5,5.0,-1.6,0.5,5.0,0.0,0.5,5.0,1.6,0.5,5.0,3.3,0.5,5.0,5.0,0.5,nan,nan,nan,nan,nan,nan
1750612341.7606223,13.581452369689941,4.821119161700557,0.08948567611870514,-1.0593815789257217,10.0,0.0,0.0,0.9796410218461908,-0.017098005329660902,0.19956143439199017,0.979573482972043,-0.016927411196014583,0.20037278809314835,0.9796410218463336,-0.017098005329660437,0.19956143439192608,inf,nan,nan,nan,nan,nan,nan,5.0,-5.0,0.5,5.0,-3.3,0.5,5.0,-1.6,0.5,5.0,0.0,0.5,5.0,1.6,0.5,5.0,3.3,0.5,5.0,5.0,0.5,nan,nan,nan,nan,nan,nan
1750612341.8640032,13.684833288192749,4.919083263885191,0.0877758755857391,-1.039425435486529,10.0,0.0,0.0,0.9796410218461908,-0.017098005329660902,0.19956143439199017,0.979570139195957,-0.016923793976781325,0.20038943982417048,0.9796410218463336,-0.017098005329660437,0.19956143439192608,inf,nan,nan,nan,nan,nan,nan,5.0,-5.0,0.5,5.0,-3.3,0.5,5.0,-1.6,0.5,5.0,0.0,0.5,5.0,1.6,0.5,5.0,3.3,0.5,5.0,5.0,0.5,nan,nan,nan,nan,nan,nan
1750612341.9669979,13.787827968597412,5.017046267388736,0.08606877532874256,-1.019456457963137,10.0,0.0,0.0,0.9796055805210739,-0.017010899653221112,0.19997543710808033,0.9795670887331377,-0.01692049433126034,0.20040462954350863,0.9796055805209036,-0.017010899653224776,0.19997543710803534,inf,nan,nan,nan,nan,nan,nan,5.0,-5.0,0.5,5.0,-3.3,0.5,5.0,-1.6,0.5,5.0,0.0,0.5,5.0,1.6,0.5,5.0,3.3,0.5,5.0,5.0,0.5,nan,nan,nan,nan,nan,nan
1750612342.068763,13.889593124389648,5.115006171080438,0.08436922225389372,-0.999451617980932,10.0,0.0,0.0,0.9795863346271059,-0.016965696992240726,0.2001900333257945,0.9795653268510088,-0.016918588645711597,0.2004134022202942,0.9795863346271361,-0.01696569699223549,0.20019003332575336,inf,nan,nan,nan,nan,nan,nan,5.0,-5.0,0.5,5.0,-3.3,0.5,5.0,-1.6,0.5,5.0,0.0,0.5,5.0,1.6,0.5,5.0,3.3,0.5,5.0,5.0,0.5,nan,nan,nan,nan,nan,nan
1750612342.1709907,13.991820812225342,5.21296447892261,0.08267338273404137,-0.9794291524304842,10.0,0.0,0.0,0.9795758307390574,-0.01694214281897616,0.20030171777304434,0.9795644137393797,-0.016917601040965836,0.20041794857358472,0.9795758307387104,-0.016942142818970884,0.20030171777307704,inf,nan,nan,nan,nan,nan,nan,5.0,-5.0,0.5,5.0,-3.3,0.5,5.0,-1.6,0.5,5.0,0.0,0.5,5.0,1.6,0.5,5.0,3.3,0.5,5.0,5.0,0.5,nan,nan,nan,nan,nan,nan
1750612342.27516,14.095990180969238,5.310921879324499,0.08097956112059226,-0.9593971209603679,10.0,0.0,0.0,0.9795701222392186,-0.016929871929971,0.20035983317331452,0.9795638997108884,-0.0169170450875117,0.20042050785461946,0.9795701222392594,-0.01692987192997153,0.20035983317334694,inf,nan,nan,nan,nan,nan,nan,5.0,-5.0,0.5,5.0,-3.3,0.5,5.0,-1.6,0.5,5.0,0.0,0.5,5.0,1.6,0.5,5.0,3.3,0.5,5.0,5.0,0.5,nan,nan,nan,nan,nan,nan
1750612342.3768988,14.197728872299194,5.408878760875331,0.07928684329128655,-0.9393598634747263,10.0,0.0,0.0,0.9795670109750535,-0.01692345850874135,0.200390170513967,0.9795636274749436,-0.01691675065058799,0.20042186326734854,0.9795670109751242,-0.01692345850874688,0.20039017051398655,inf,nan,nan,nan,nan,nan,nan,5.0,-5.0,0.5,5.0,-3.3,0.5,5.0,-1.6,0.5,5.0,0.0,0.5,5.0,1.6,0.5,5.0,3.3,0.5,5.0,5.0,0.5,nan,nan,nan,nan,nan,nan
1750612342.479217,14.300047159194946,5.50683538753585,0.07759464501329133,-0.9193201491827548,10.0,0.0,0.0,0.9795653192249986,-0.01692010457966467,0.20040601689065776,0.9795634887614534,-0.0169166006257435,0.20042255389241811,0.9795653192252729,-0.01692010457966797,0.20040601689064186,inf,nan,nan,nan,nan,nan,nan,5.0,-5.0,0.5,5.0,-3.3,0.5,5.0,-1.6,0.5,5.0,0.0,0.5,5.0,1.6,0.5,5.0,3.3,0.5,5.0,5.0,0.5,nan,nan,nan,nan,nan,nan
1750612342.5819602,14.402790307998657,5.6047919194583775,0.07590263455532453,-0.8992795474936907,10.0,0.0,0.0,0.9795653192249986,-0.01692010457966467,0.20040601689065776,0.9795634140806913,-0.016916519855383096,0.20042292571101417,0.9795653192252729,-0.01692010457966797,0.20040601689064186,inf,nan,nan,nan,nan,nan,nan,5.0,-5.0,0.5,5.0,-3.3,0.5,5.0,-1.6,0.5,5.0,0.0,0.5,5.0,1.6,0.5,5.0,3.3,0.5,5.0,5.0,0.5,nan,nan,nan,nan,nan,nan
1750612342.6839828,14.504812955856323,5.702748407562582,0.07421070654601652,-0.8792385569017586,10.0,0.0,0.0,0.9795643666528449,-0.016918312217523882,0.20041447130083595,0.9795633417652722,-0.016916441643389405,0.20042328575237509,0.9795643666530296,-0.01691831221752038,0.2004144713008138,inf,nan,nan,nan,nan,nan,nan,5.0,-5.0,0.5,5.0,-3.3,0.5,5.0,-1.6,0.5,5.0,0.0,0.5,5.0,1.6,0.5,5.0,3.3,0.5,5.0,5.0,0.5,nan,nan,nan,nan,nan,nan
1750612342.7868757,14.60770583152771,5.800704819630558,0.07251892021804385,-0.8591968982248385,10.0,0.0,0.0,0.9795638542090586,-0.016917376930456644,0.2004188785266055,0.9795632986950699,-0.016916395061327343,0.20042350018838234,0.9795638542087204,-0.016917376930450367,0.20041887852662033,inf,nan,nan,nan,nan,nan,nan,5.0,-5.0,0.5,5.0,-3.3,0.5,5.0,-1.6,0.5,5.0,0.0,0.5,5.0,1.6,0.5,5.0,3.3,0.5,5.0,5.0,0.5,nan,nan,nan,nan,nan,nan
1750612342.8906038,14.71143388748169,5.898661190608093,0.07082720805359577,-0.8391548902089717,10.0,0.0,0.0,0.9795635764520643,-0.016916885995891993,0.20042118935749392,0.9795632757384377,-0.016916370232877422,0.20042361448373672,0.9795635764522359,-0.01691688599589347,0.20042118935748032,inf,nan,nan,nan,nan,nan,nan,5.0,-5.0,0.5,5.0,-3.3,0.5,5.0,-1.6,0.5,5.0,0.0,0.5,5.0,1.6,0.5,5.0,3.3,0.5,5.0,5.0,0.5,nan,nan,nan,nan,nan,nan
1750612342.993838,14.81466817855835,5.996617539983678,0.06913553363748935,-0.8191127045822498,10.0,0.0,0.0,0.979563426095251,-0.016916628114384706,0.20042240192061533,0.9795632636444565,-0.01691635715279393,0.200423674696629,0.9795634260951758,-0.016916628114385657,0.2004224019206413,inf,nan,nan,nan,nan,nan,nan,5.0,-5.0,0.5,5.0,-3.3,0.5,5.0,-1.6,0.5,5.0,0.0,0.5,5.0,1.6,0.5,5.0,3.3,0.5,5.0,5.0,0.5,nan,nan,nan,nan,nan,nan
1750612343.0967877,14.917617797851562,6.09457387780088,0.06744387881941759,-0.7990704268432971,10.0,0.0,0.0,0.9795633448698537,-0.016916492633589318,0.20042303830862218,0.9795632571406316,-0.016916350118670567,0.2004237070775299,0.9795633448694829,-0.016916492633592406,0.20042303830858366,inf,nan,nan,nan,nan,nan,nan,5.0,-5.0,0.5,5.0,-3.3,0.5,5.0,-1.6,0.5,5.0,0.0,0.5,5.0,1.6,0.5,5.0,3.3,0.5,5.0,5.0,0.5,nan,nan,nan,nan,nan,nan
1750612343.2003436,15.02117371559143,6.192530212287828,0.06575222955605835,-0.7790281230124387,10.0,0.0,0.0,0.9795633448698537,-0.016916492633589318,0.20042303830862218,0.9795632536691228,-0.016916346364107673,0.20042372436129244,0.9795633448694829,-0.016916492633592406,0.20042303830858366,inf,nan,nan,nan,nan,nan,nan,5.0,-5.0,0.5,5.0,-3.3,0.5,5.0,-1.6,0.5,5.0,0.0,0.5,5.0,1.6,0.5,5.0,3.3,0.5,5.0,5.0,0.5,nan,nan,nan,nan,nan,nan
1750612343.3025365,15.123366594314575,6.290486544038778,0.064060584680784,-0.7589857985999973,10.0,0.0,0.0,0.9795632992694883,-0.016916419498848496,0.2004233813349573,0.9795632502516184,-0.016916342667952715,0.20042374137617958,0.9795632992695147,-0.01691641949884415,0.20042338133496873,inf,nan,nan,nan,nan,nan,nan,5.0,-5.0,0.5,5.0,-3.3,0.5,5.0,-1.6,0.5,5.0,0.0,0.5,5.0,1.6,0.5,5.0,3.3,0.5,5.0,5.0,0.5,nan,nan,nan,nan,nan,nan
1750612343.4060235,15.226853609085083,6.388442872299098,0.06236894534314939,-0.7389434482251027,10.0,0.0,0.0,0.9795632747605534,-0.016916381083400607,0.20042356135556844,0.9795632482128223,-0.016916340462921342,0.20042375152682654,0.9795632747602312,-0.0169163810834011,0.20042356135552275,inf,nan,nan,nan,nan,nan,nan,5.0,-5.0,0.5,5.0,-3.3,0.5,5.0,-1.6,0.5,5.0,0.0,0.5,5.0,1.6,0.5,5.0,3.3,0.5,5.0,5.0,0.5,nan,nan,nan,nan,nan,nan
1750612343.5098674,15.330697536468506,6.486399198899049,0.060677308575285235,-0.7189010858138931,10.0,0.0,0.0,0.9795632614866878,-0.016916360773160975,0.20042365644119747,0.9795632471294574,-0.016916339291222854,0.20042375692062483,0.9795632614864047,-0.01691636077316011,0.20042365644123983,inf,nan,nan,nan,nan,nan,nan,5.0,-5.0,0.5,5.0,-3.3,0.5,5.0,-1.6,0.5,5.0,0.0,0.5,5.0,1.6,0.5,5.0,3.3,0.5,5.0,5.0,0.5,nan,nan,nan,nan,nan,nan
1750612343.6119998,15.432829856872559,6.584355524545211,0.05898567324983717,-0.69885871665299,10.0,0.0,0.0,0.9795632543080726,-0.016916350032191912,0.20042370668091114,0.9795632465203994,-0.016916338632504115,0.20042375995296943,0.9795632543081467,-0.016916350032189498,0.20042370668094112,inf,nan,nan,nan,nan,nan,nan,5.0,-5.0,0.5,5.0,-3.3,0.5,5.0,-1.6,0.5,5.0,0.0,0.5,5.0,1.6,0.5,5.0,3.3,0.5,5.0,5.0,0.5,nan,nan,nan,nan,nan,nan
1750612343.716007,15.536837100982666,6.682311849711249,0.05729403863420757,-0.6788163441736461,10.0,0.0,0.0,0.979563248302031,-0.01691634130366252,0.20042374745787522,0.979563246189826,-0.016916338274977023,0.20042376159881012,0.9795632504143725,-0.016916344332346123,0.20042373331696783,inf,nan,nan,nan,nan,nan,nan,5.0,-5.0,0.5,5.0,-3.3,0.5,5.0,-1.6,0.5,5.0,0.0,0.5,5.0,1.6,0.5,5.0,3.3,0.5,5.0,5.0,0.5,nan,nan,nan,nan,nan,nan
1750612343.8209567,15.641786813735962,6.780268174577383,0.05560240445235352,-0.6587739696682537,10.0,0.0,0.0,0.9795632471557756,-0.016916339691816155,0.20042375497719134,0.9795632460095203,-0.016916338079969787,0.20042376249650742,0.9795632483022843,-0.01691634130366465,0.2004237474578785,inf,nan,nan,nan,nan,nan,nan,5.0,-5.0,0.5,5.0,-3.3,0.5,5.0,-1.6,0.5,5.0,0.0,0.5,5.0,1.6,0.5,5.0,3.3,0.5,5.0,5.0,0.5,nan,nan,nan,nan,nan,nan
1750612343.9228141,15.74364423751831,6.878224499312441,0.053910770455770564,-0.6387315942983625,10.0,0.0,0.0,0.9795632465362086,-0.016916338835667462,0.2004237589680583,0.9795632459166417,-0.016916337979518768,0.20042376295892528,0.9795632471556459,-0.016916339691815108,0.200423754977197,inf,nan,nan,nan,nan,nan,nan,5.0,-5.0,0.5,5.0,-3.3,0.5,5.0,-1.6,0.5,5.0,0.0,0.5,5.0,1.6,0.5,5.0,3.3,0.5,5.0,5.0,0.5,nan,nan,nan,nan,nan,nan
1750612344.0259259,15.846755981445312,6.976180823974766,0.05221913656021782,-0.6186892184574333,10.0,0.0,0.0,0.9795632461997772,-0.016916338378772253,0.2004237610961655,0.9795632458633458,-0.016916337921877043,0.20042376322427272,0.9795632465365856,-0.016916338835666622,0.20042375896800468,inf,nan,nan,nan,nan,nan,nan,5.0,-5.0,0.5,5.0,-3.3,0.5,5.0,-1.6,0.5,5.0,0.0,0.5,5.0,1.6,0.5,5.0,3.3,0.5,5.0,5.0,0.5,nan,nan,nan,nan,nan,nan
1750612344.1286724,15.94950246810913,7.074137148597456,0.050527502718685176,-0.5986468423648397,10.0,0.0,0.0,0.9795632460170911,-0.016916338134674906,0.2004237622322633,0.979563245834405,-0.016916337890577556,0.2004237633683611,0.9795632461999659,-0.016916338378775153,0.2004237610961912,inf,nan,nan,nan,nan,nan,nan,5.0,-5.0,0.5,5.0,-3.3,0.5,5.0,-1.6,0.5,5.0,0.0,0.5,5.0,1.6,0.5,5.0,3.3,0.5,5.0,5.0,0.5,nan,nan,nan,nan,nan,nan
1750612344.2301118,16.050941944122314,7.172093473200436,0.04883586890350927,-0.5786044661495641,10.0,0.0,0.0,0.9795632459178596,-0.016916338004094658,0.2004237628395869,0.9795632458098937,-0.016916337864067592,0.20042376349039734,0.9795632460170012,-0.016916338134671804,0.20042376223228242,inf,nan,nan,nan,nan,nan,nan,5.0,-5.0,0.5,5.0,-3.3,0.5,5.0,-1.6,0.5,5.0,0.0,0.5,5.0,1.6,0.5,5.0,3.3,0.5,5.0,5.0,0.5,nan,nan,nan,nan,nan,nan
1750612344.3327262,16.15355634689331,7.270049797792587,0.0471442351025774,-0.5585620898680358,10.0,0.0,0.0,0.9795632459178596,-0.016916338004094658,0.2004237628395869,0.9795632458051121,-0.016916337858895618,0.20042376351420318,0.9795632459175252,-0.0169163380040957,0.20042376283957442,inf,nan,nan,nan,nan,nan,nan,5.0,-5.0,0.5,5.0,-3.3,0.5,5.0,-1.6,0.5,5.0,0.0,0.5,5.0,1.6,0.5,5.0,3.3,0.5,5.0,5.0,0.5,nan,nan,nan,nan,nan,nan
1750612344.4356098,16.256439924240112,7.368006122384339,0.04545260130216783,-0.5385197135840784,10.0,0.0,0.0,0.9795632458614858,-0.016916337931495138,0.20042376317689503,0.9795632458003158,-0.016916337853707622,0.20042376353808256,0.9795632459175252,-0.0169163380040957,0.20042376283957442,inf,nan,nan,nan,nan,nan,nan,5.0,-5.0,0.5,5.0,-3.3,0.5,5.0,-1.6,0.5,5.0,0.0,0.5,5.0,1.6,0.5,5.0,3.3,0.5,5.0,5.0,0.5,nan,nan,nan,nan,nan,nan
1750612344.537911,16.35874104499817,7.465962446970552,0.04376096750894582,-0.5184773372667296,10.0,0.0,0.0,0.9795632458309008,-0.01691633789260138,0.2004237633574888,0.9795632457973864,-0.01691633785053963,0.2004237635526678,0.97956324586157,-0.016916337931494052,0.20042376317686017,inf,nan,nan,nan,nan,nan,nan,5.0,-5.0,0.5,5.0,-3.3,0.5,5.0,-1.6,0.5,5.0,0.0,0.5,5.0,1.6,0.5,5.0,3.3,0.5,5.0,5.0,0.5,nan,nan,nan,nan,nan,nan
1750612344.6412914,16.46212148666382,7.563918771553663,0.04206933371960788,-0.49843496093134154,10.0,0.0,0.0,0.9795632458309008,-0.01691633789260138,0.2004237633574888,0.9795632457957314,-0.016916337848748984,0.20042376356090702,0.9795632458304837,-0.016916337892601552,0.20042376335749346,inf,nan,nan,nan,nan,nan,nan,5.0,-5.0,0.5,5.0,-3.3,0.5,5.0,-1.6,0.5,5.0,0.0,0.5,5.0,1.6,0.5,5.0,3.3,0.5,5.0,5.0,0.5,nan,nan,nan,nan,nan,nan
1750612344.744436,16.565266132354736,7.661875096136627,0.04037769993045736,-0.4783925845950837,10.0,0.0,0.0,0.9795632458133161,-0.01691633787067518,0.2004237634591979,0.979563245794085,-0.016916337846967073,0.20042376356910502,0.979563245822046,-0.0169163378816381,0.20042376340834167,inf,nan,nan,nan,nan,nan,nan,5.0,-5.0,0.5,5.0,-3.3,0.5,5.0,-1.6,0.5,5.0,0.0,0.5,5.0,1.6,0.5,5.0,3.3,0.5,5.0,5.0,0.5,nan,nan,nan,nan,nan,nan
1750612344.8471105,16.667940616607666,7.759831420717988,0.038686066143389895,-0.4583502082491647,10.0,0.0,0.0,0.9795632458133161,-0.01691633787067518,0.2004237634591979,0.9795632457930611,-0.016916337845860267,0.20042376357420252,0.9795632458136083,-0.016916337870674647,0.20042376345918989,inf,nan,nan,nan,nan,nan,nan,5.0,-5.0,0.5,5.0,-3.3,0.5,5.0,-1.6,0.5,5.0,0.0,0.5,5.0,1.6,0.5,5.0,3.3,0.5,5.0,5.0,0.5,nan,nan,nan,nan,nan,nan
1750612344.9509697,16.77179980278015,7.857787745299189,0.03699443235650853,-0.4383078319023831,10.0,0.0,0.0,0.9795632458031887,-0.016916337858267724,0.20042376351670022,0.9795632457920613,-0.01691633784477998,0.2004237635791792,0.9795632458029502,-0.016916337858267905,0.20042376351669944,inf,nan,nan,nan,nan,nan,nan,5.0,-5.0,0.5,5.0,-3.3,0.5,5.0,-1.6,0.5,5.0,0.0,0.5,5.0,1.6,0.5,5.0,3.3,0.5,5.0,5.0,0.5,nan,nan,nan,nan,nan,nan
1750612345.0538235,16.874653577804565,7.955744069879382,0.03530279857080989,-0.41826545555011935,10.0,0.0,0.0,0.979563245797625,-0.01691633785152385,0.20042376354793973,0.9795632457914515,-0.01691633784411981,0.20042376358221586,0.9795632457976211,-0.0169163378515233,0.20042376354795222,inf,nan,nan,nan,nan,nan,nan,5.0,-5.0,0.5,5.0,-3.3,0.5,5.0,-1.6,0.5,5.0,0.0,0.5,5.0,1.6,0.5,5.0,3.3,0.5,5.0,5.0,0.5,nan,nan,nan,nan,nan,nan
1750612345.1581612,16.978991270065308,8.053700394459067,0.033611164785738924,-0.39822307919494676,10.0,0.0,0.0,0.9795632457945382,-0.01691633784782183,0.2004237635650778,0.9795632457911068,-0.01691633784374674,0.2004237635839326,0.9795632457940684,-0.01691633784782487,0.20042376356510516,inf,nan,nan,nan,nan,nan,nan,5.0,-5.0,0.5,5.0,-3.3,0.5,5.0,-1.6,0.5,5.0,0.0,0.5,5.0,1.6,0.5,5.0,3.3,0.5,5.0,5.0,0.5,nan,nan,nan,nan,nan,nan
1750612345.2615068,17.082336902618408,8.171247983954355,0.03158120424399994,-0.37417222756713414,10.0,0.0,0.0,0.9795632457945382,-0.01691633784782183,0.2004237635650778,0.9395647772003839,-0.016225593666658322,0.19223986770381263,0.9795632457940684,-0.01691633784782487,0.20042376356510516,inf,nan,nan,nan,nan,nan,nan,5.0,-5.0,0.5,5.0,-3.3,0.5,5.0,-1.6,0.5,5.0,0.0,0.5,5.0,1.6,0.5,5.0,3.3,0.5,5.0,5.0,0.5,nan,nan,nan,nan,nan,nan
1750612345.3638523,17.184682369232178,8.249113062760454,0.030236531518438733,-0.3582406251801923,10.0,0.0,0.0,0.9595640114974611,-0.016570965757240076,0.1963318156344452,0.8913737710766716,-0.015393370383155395,0.18237973579422645,0.9595640114969939,-0.016570965757238543,0.1963318156344429,inf,nan,nan,nan,nan,nan,nan,5.0,-5.0,0.5,5.0,-3.3,0.5,5.0,-1.6,0.5,5.0,0.0,0.5,5.0,1.6,0.5,5.0,3.3,0.5,5.0,5.0,0.5,nan,nan,nan,nan,nan,nan
1750612345.4660974,17.286927461624146,8.34408070542407,0.02859651007563906,-0.3388097487744313,10.0,0.0,0.0,0.9254688912870663,-0.015982168070197734,0.18935577571433582,0.8452402164637594,-0.014596677776305104,0.17294056922455725,0.9254688912871956,-0.01598216807019784,0.18935577571432827,inf,nan,nan,nan,nan,nan,nan,5.0,-5.0,0.5,5.0,-3.3,0.5,5.0,-1.6,0.5,5.0,0.0,0.5,5.0,1.6,0.5,5.0,3.3,0.5,5.0,5.0,0.5,nan,nan,nan,nan,nan,nan
1750612345.5692673,17.39009737968445,8.435424164430462,0.027019075623027706,-0.3201203993003449,10.0,0.0,0.0,0.8853545538754128,-0.01528942292325142,0.18114817246944653,0.799742874688059,-0.013810972097965233,0.16363157512873988,0.885354553876283,-0.015289422923250168,0.18114817246944748,inf,nan,nan,nan,nan,nan,nan,5.0,-5.0,0.5,5.0,-3.3,0.5,5.0,-1.6,0.5,5.0,0.0,0.5,5.0,1.6,0.5,5.0,3.3,0.5,5.0,5.0,0.5,nan,nan,nan,nan,nan,nan
1750612345.6724572,17.493287324905396,8.522547027111465,0.02551452776931991,-0.3022946059095222,10.0,0.0,0.0,0.8425487142817359,-0.014550197510608327,0.1723898737990932,0.7571252094114431,-0.01307499631790569,0.15491177790630395,0.8425487142815768,-0.014550197510607155,0.17238987379908366,inf,nan,nan,nan,nan,nan,nan,5.0,-5.0,0.5,5.0,-3.3,0.5,5.0,-1.6,0.5,5.0,0.0,0.5,5.0,1.6,0.5,5.0,3.3,0.5,5.0,5.0,0.5,nan,nan,nan,nan,nan,nan
1750612345.776985,17.59781503677368,8.605392410709257,0.02408384883793878,-0.28534400711184515,10.0,0.0,0.0,0.7998369618465895,-0.013812596914257009,0.16365082585269858,0.716398945515806,-0.012371683650628865,0.14657897129908537,0.7998369618462675,-0.01381259691425607,0.1636508258526792,inf,nan,nan,nan,nan,nan,nan,5.0,-5.0,0.5,5.0,-3.3,0.5,5.0,-1.6,0.5,5.0,0.0,0.5,5.0,1.6,0.5,5.0,3.3,0.5,5.0,5.0,0.5,nan,nan,nan,nan,nan,nan
1750612345.8798974,17.700727462768555,8.683915941608126,0.02272780512862657,-0.2692776819812648,10.0,0.0,0.0,0.7581179536811977,-0.013092140282442936,0.15511489857589197,0.6773078705992148,-0.011696609496112988,0.1385807329096056,0.7581179536817473,-0.013092140282444653,0.1551148985758921,inf,nan,nan,nan,nan,nan,nan,5.0,-5.0,0.5,5.0,-3.3,0.5,5.0,-1.6,0.5,5.0,0.0,0.5,5.0,1.6,0.5,5.0,3.3,0.5,5.0,5.0,0.5,nan,nan,nan,nan,nan,nan
1750612345.983027,17.80385708808899,8.757909510106915,0.021449990543074594,-0.25413821085116667,10.0,0.0,0.0,0.7177129121402063,-0.012394374889277962,0.1468478157427488,0.6402616116957649,-0.011056847812394856,0.1310008745715779,0.7177129121398451,-0.012394374889278248,0.14684781574275663,inf,nan,nan,nan,nan,nan,nan,5.0,-5.0,0.5,5.0,-3.3,0.5,5.0,-1.6,0.5,5.0,0.0,0.5,5.0,1.6,0.5,5.0,3.3,0.5,5.0,5.0,0.5,nan,nan,nan,nan,nan,nan
1750612346.0854437,17.90627384185791,8.827783244459994,0.02024332246753048,-0.23984167933558498,10.0,0.0,0.0,0.6789872619179855,-0.011725611350836409,0.13892434515716334,0.6052904139646662,-0.010452920911157775,0.12384558460276972,0.6789872619172854,-0.011725611350835163,0.13892434515716534,inf,nan,nan,nan,nan,nan,nan,5.0,-5.0,0.5,5.0,-3.3,0.5,5.0,-1.6,0.5,5.0,0.0,0.5,5.0,1.6,0.5,5.0,3.3,0.5,5.0,5.0,0.5,nan,nan,nan,nan,nan,nan
1750612346.1887717,18.009601831436157,8.893876397876893,0.019101942248218984,-0.22631867445345122,10.0,0.0,0.0,0.6421388379413259,-0.011089266130997092,0.13138496487996654,0.5718662270605295,-0.009875709750746628,0.11700682114061677,0.6421388379411752,-0.011089266130998032,0.13138496487996587,inf,nan,nan,nan,nan,nan,nan,5.0,-5.0,0.5,5.0,-3.3,0.5,5.0,-1.6,0.5,5.0,0.0,0.5,5.0,1.6,0.5,5.0,3.3,0.5,5.0,5.0,0.5,nan,nan,nan,nan,nan,nan
1750612346.291903,18.112733125686646,8.956368602704437,0.01802274776643541,-0.21353244248706835,10.0,0.0,0.0,0.6070025325009276,-0.01048248794087186,0.12419589301029166,0.5408611631406712,-0.00934027506762053,0.11066302289400626,0.6070025325008999,-0.010482487940870894,0.12419589301029821,inf,nan,nan,nan,nan,nan,nan,5.0,-5.0,0.5,5.0,-3.3,0.5,5.0,-1.6,0.5,5.0,0.0,0.5,5.0,1.6,0.5,5.0,3.3,0.5,5.0,5.0,0.5,nan,nan,nan,nan,nan,nan
1750612346.3949754,18.215805530548096,9.015183826927789,0.01700705203923593,-0.20149853998435294,10.0,0.0,0.0,0.5739318478207994,-0.009911381504246194,0.11742945795214896,0.5108896530627653,-0.008822689100282029,0.1045306951693488,0.5739318478212851,-0.009911381504246197,0.11742945795215065,inf,nan,nan,nan,nan,nan,nan,5.0,-5.0,0.5,5.0,-3.3,0.5,5.0,-1.6,0.5,5.0,0.0,0.5,5.0,1.6,0.5,5.0,3.3,0.5,5.0,5.0,0.5,nan,nan,nan,nan,nan,nan
1750612346.4964721,18.317302227020264,9.070717266964483,0.01604803031472824,-0.19013610769123107,10.0,0.0,0.0,0.5424107504417823,-0.009367035302264112,0.11098007656074887,0.48293821104705437,-0.008339988224797902,0.09881168393596598,0.5424107504410358,-0.009367035302264293,0.11098007656074049,inf,nan,nan,nan,nan,nan,nan,5.0,-5.0,0.5,5.0,-3.3,0.5,5.0,-1.6,0.5,5.0,0.0,0.5,5.0,1.6,0.5,5.0,3.3,0.5,5.0,5.0,0.5,nan,nan,nan,nan,nan,nan
1750612346.5993016,18.42013168334961,9.123203902096447,0.015141624673287106,-0.179397067617587,10.0,0.0,0.0,0.5126744807444183,-0.008853511763531007,0.10489588024835743,0.4562339998859226,-0.007878826110179024,0.09334786265892406,0.5126744807437689,-0.008853511763530497,0.10489588024836793,inf,nan,nan,nan,nan,nan,nan,5.0,-5.0,0.5,5.0,-3.3,0.5,5.0,-1.6,0.5,5.0,0.0,0.5,5.0,1.6,0.5,5.0,3.3,0.5,5.0,5.0,0.5,nan,nan,nan,nan,nan,nan
1750612346.701949,18.52277898788452,9.172891016706805,0.01428356469522788,-0.16923082408525503,10.0,0.0,0.0,0.4844542403151705,-0.008366168936855016,0.09912187145364074,0.43138250342580875,-0.0074496590177741875,0.08826311650013162,0.48445424031484663,-0.008366168936855059,0.09912187145363904,inf,nan,nan,nan,nan,nan,nan,5.0,-5.0,0.5,5.0,-3.3,0.5,5.0,-1.6,0.5,5.0,0.0,0.5,5.0,1.6,0.5,5.0,3.3,0.5,5.0,5.0,0.5,nan,nan,nan,nan,nan,nan
1750612346.8048089,18.625638961791992,9.219638145157822,0.013476276118952912,-0.15966611709840284,10.0,0.0,0.0,0.4579183718704896,-0.007907913977314602,0.09369249397688617,0.4072725080435724,-0.007033297104410547,0.08333008534021624,0.45791837187003637,-0.007907913977315412,0.0936924939768935,inf,nan,nan,nan,nan,nan,nan,5.0,-5.0,0.5,5.0,-3.3,0.5,5.0,-1.6,0.5,5.0,0.0,0.5,5.0,1.6,0.5,5.0,3.3,0.5,5.0,5.0,0.5,nan,nan,nan,nan,nan,nan
1750612346.9079788,18.728808879852295,9.263758668838557,0.012714347078027231,-0.15063882718572347,10.0,0.0,0.0,0.432595439957031,-0.007470605540862574,0.0885112896585512,0.385127721078919,-0.0066508728971281655,0.0787991461013468,0.4325954399568843,-0.0074706055408629846,0.08851128965856048,inf,nan,nan,nan,nan,nan,nan,5.0,-5.0,0.5,5.0,-3.3,0.5,5.0,-1.6,0.5,5.0,0.0,0.5,5.0,1.6,0.5,5.0,3.3,0.5,5.0,5.0,0.5,nan,nan,nan,nan,nan,nan
1750612347.0096407,18.83047080039978,9.305333108814038,0.011996387032793578,-0.1421324793161486,10.0,0.0,0.0,0.408861580517975,-0.00706073921899537,0.083655217879949,0.36358494027251975,-0.006278844894073068,0.07439138047118597,0.408861580517339,-0.007060739218994749,0.08365521787995212,inf,nan,nan,nan,nan,nan,nan,5.0,-5.0,0.5,5.0,-3.3,0.5,5.0,-1.6,0.5,5.0,0.0,0.5,5.0,1.6,0.5,5.0,3.3,0.5,5.0,5.0,0.5,nan,nan,nan,nan,nan,nan
1750612347.114552,18.93538212776184,9.352245858064565,0.011186238306947977,-0.1325338854474719,10.0,0.0,0.0,0.38622326039524735,-0.006669792056534219,0.0790232991755675,0.34344926057806635,-0.005931116493816339,0.07027151508821476,0.38622326039572386,-0.006669792056534021,0.07902329917555684,inf,nan,nan,nan,nan,nan,nan,5.0,-5.0,0.5,5.0,-3.3,0.5,5.0,-1.6,0.5,5.0,0.0,0.5,5.0,1.6,0.5,5.0,3.3,0.5,5.0,5.0,0.5,nan,nan,nan,nan,nan,nan
1750612347.2168238,19.037653923034668,9.381496919903174,0.01068109395158986,-0.12654896520078934,10.0,0.0,0.0,0.36483626048665685,-0.006300454275175279,0.07464740713189114,0.32484262911870676,-0.0056097936336153235,0.06646450097167485,0.36483626048600115,-0.006300454275175518,0.07464740713189477,inf,nan,nan,nan,nan,nan,nan,5.0,-5.0,0.5,5.0,-3.3,0.5,5.0,-1.6,0.5,5.0,0.0,0.5,5.0,1.6,0.5,5.0,3.3,0.5,5.0,5.0,0.5,nan,nan,nan,nan,nan,nan
1750612347.3189504,19.139780521392822,9.416500781591274,0.010076602967810025,-0.11938699201552821,10.0,0.0,0.0,0.3258597745789678,-0.0056273589887007956,0.06667261425291018,0.3068801043552538,-0.005299594023006289,0.06278927445403736,0.34483944480356854,-0.005955123954395555,0.07055595405178194,inf,nan,nan,nan,nan,nan,nan,5.0,-5.0,0.5,5.0,-3.3,0.5,5.0,-1.6,0.5,5.0,0.0,0.5,5.0,1.6,0.5,5.0,3.3,0.5,5.0,5.0,0.5,nan,nan,nan,nan,nan,nan
1750612347.4215124,19.242342472076416,9.449390433772749,0.009508622829488814,-0.11265759715345475,10.0,0.0,0.0,0.30808670555322604,-0.005320431139542364,0.06303615137014344,0.2903136365274843,-0.005013503290383932,0.0593996884873767,0.3258597745787739,-0.005627358988700981,0.06667261425291615,inf,nan,nan,nan,nan,nan,nan,5.0,-5.0,0.5,5.0,-3.3,0.5,5.0,-1.6,0.5,5.0,0.0,0.5,5.0,1.6,0.5,5.0,3.3,0.5,5.0,5.0,0.5,nan,nan,nan,nan,nan,nan
1750612347.5256958,19.34652590751648,9.480501246501518,0.008971361942098903,-0.10629216214743346,10.0,0.0,0.0,0.2911301551585322,-0.005027603967473563,0.05956675246999953,0.27417360476383834,-0.0047347767954047625,0.056097353569855624,0.3080867055533787,-0.0053204311395421006,0.06303615137014107,inf,nan,nan,nan,nan,nan,nan,5.0,-5.0,0.5,5.0,-3.3,0.5,5.0,-1.6,0.5,5.0,0.0,0.5,5.0,1.6,0.5,5.0,3.3,0.5,5.0,5.0,0.5,nan,nan,nan,nan,nan,nan
1750612347.6288292,19.44965934753418,9.509834697172499,0.00846479479211473,-0.10029038471473163,10.0,0.0,0.0,0.27521315201920027,-0.004752729013039519,0.05631005037554181,0.2452212848209685,-0.0042347914931847325,0.05017355747758962,0.29113015515846996,-0.0050276039674727185,0.059566752469999984,inf,nan,nan,nan,nan,nan,nan,5.0,-5.0,0.5,5.0,-3.3,0.5,5.0,-1.6,0.5,5.0,0.0,0.5,5.0,1.6,0.5,5.0,3.3,0.5,5.0,5.0,0.5,nan,nan,nan,nan,nan,nan
1750612347.7320688,19.55289888381958,9.537626601427766,0.007984849016585423,-0.09460401574157173,10.0,0.0,0.0,0.2602172184200844,-0.004493760253112126,0.05324180392656572,0.23159951901414555,-0.0039995536018122705,0.04738647294634918,0.27521315201894936,-0.0047527290130394,0.05631005037554093,inf,nan,nan,nan,nan,nan,nan,5.0,-5.0,0.5,5.0,-3.3,0.5,5.0,-1.6,0.5,5.0,0.0,0.5,5.0,1.6,0.5,5.0,3.3,0.5,5.0,5.0,0.5,nan,nan,nan,nan,nan,nan
1750612347.8364756,19.65730571746826,9.563693311070569,0.0075346960849944685,-0.08927063060956882,10.0,0.0,0.0,0.24590836871711497,-0.004246656927462199,0.05031413843645745,0.2190641047291857,-0.0037830762033831252,0.04482166161852737,0.26021721842006684,-0.004493760253111712,0.05324180392655975,inf,nan,nan,nan,nan,nan,nan,5.0,-5.0,0.5,5.0,-3.3,0.5,5.0,-1.6,0.5,5.0,0.0,0.5,5.0,1.6,0.5,5.0,3.3,0.5,5.0,5.0,0.5,nan,nan,nan,nan,nan,nan
1750612347.9394236,19.76025366783142,9.588272499245667,0.007110231556683052,-0.08424160015017022,10.0,0.0,0.0,0.23248623672315033,-0.004014866565422662,0.04756790002749241,0.20708322562175496,-0.003576175220207308,0.042370311088460656,0.24188172911845385,-0.004177119818850501,0.049490266913765346,inf,nan,nan,nan,nan,nan,nan,5.0,-5.0,0.5,5.0,-3.3,0.5,5.0,-1.6,0.5,5.0,0.0,0.5,5.0,1.6,0.5,5.0,3.3,0.5,5.0,5.0,0.5,nan,nan,nan,nan,nan,nan
1750612348.0450718,19.865901947021484,9.611406809367958,0.00671071901119424,-0.07950819929764641,10.0,0.0,0.0,0.21978473117245265,-0.0037955208928149853,0.044969105557976535,0.19588398923059458,-0.003382772632686365,0.04007888874643667,0.22105488172705634,-0.0038174554600757873,0.045228985004923394,inf,nan,nan,nan,nan,nan,nan,5.0,-5.0,0.5,5.0,-3.3,0.5,5.0,-1.6,0.5,5.0,0.0,0.5,5.0,1.6,0.5,5.0,3.3,0.5,5.0,5.0,0.5,nan,nan,nan,nan,nan,nan
1750612348.1468408,19.967670917510986,9.633241878033518,0.006333643411473515,-0.07504063004271844,10.0,0.0,0.0,0.20783436020152363,-0.003589146762750675,0.0425239971522066,0.18539330369619833,-0.0032016061980872697,0.037932439615707254,0.20783436020188617,-0.003589146762750413,0.04252399715221067,inf,nan,nan,nan,nan,nan,nan,5.0,-5.0,0.5,5.0,-3.3,0.5,5.0,-1.6,0.5,5.0,0.0,0.5,5.0,1.6,0.5,5.0,3.3,0.5,5.0,5.0,0.5,nan,nan,nan,nan,nan,nan
1750612348.2504904,20.07132053375244,9.653857006129922,0.00597763528943345,-0.07082266700902123,10.0,0.0,0.0,0.19661383194886098,-0.0033953764804189723,0.04022821838395693,0.17516960375526658,-0.003025050408608116,0.0358406171338469,0.19661383194957693,-0.0033953764804186756,0.040228218383953074,inf,nan,nan,nan,nan,nan,nan,5.0,-5.0,0.5,5.0,-3.3,0.5,5.0,-1.6,0.5,5.0,0.0,0.5,5.0,1.6,0.5,5.0,3.3,0.5,5.0,5.0,0.5,nan,nan,nan,nan,nan,nan
