time_elapsed,pos_x,pos_y,pos_z,vel_x,vel_y,vel_z,cmd_vel_x,cmd_vel_y,cmd_vel_z,cmd_vel_unfiltered_x,cmd_vel_unfiltered_y,cmd_vel_unfiltered_z,desired_vel_x,desired_vel_y,desired_vel_z,obs_1_pos_x,obs_1_pos_y,obs_1_pos_z,obs_1_vel_x,obs_1_vel_y,obs_1_vel_z,obs_2_pos_x,obs_2_pos_y,obs_2_pos_z,obs_2_vel_x,obs_2_vel_y,obs_2_vel_z,obs_3_pos_x,obs_3_pos_y,obs_3_pos_z,obs_3_vel_x,obs_3_vel_y,obs_3_vel_z,obs_4_pos_x,obs_4_pos_y,obs_4_pos_z,obs_4_vel_x,obs_4_vel_y,obs_4_vel_z,obs_5_pos_x,obs_5_pos_y,obs_5_pos_z,obs_5_vel_x,obs_5_vel_y,obs_5_vel_z,obs_6_pos_x,obs_6_pos_y,obs_6_pos_z,obs_6_vel_x,obs_6_vel_y,obs_6_vel_z,obs_7_pos_x,obs_7_pos_y,obs_7_pos_z,obs_7_vel_x,obs_7_vel_y,obs_7_vel_z,obs_8_pos_x,obs_8_pos_y,obs_8_pos_z,obs_8_vel_x,obs_8_vel_y,obs_8_vel_z,obs_9_pos_x,obs_9_pos_y,obs_9_pos_z,obs_9_vel_x,obs_9_vel_y,obs_9_vel_z,obs_10_pos_x,obs_10_pos_y,obs_10_pos_z,obs_10_vel_x,obs_10_vel_y,obs_10_vel_z,obs_11_pos_x,obs_11_pos_y,obs_11_pos_z,obs_11_vel_x,obs_11_vel_y,obs_11_vel_z,obs_12_pos_x,obs_12_pos_y,obs_12_pos_z,obs_12_vel_x,obs_12_vel_y,obs_12_vel_z,obs_13_pos_x,obs_13_pos_y,obs_13_pos_z,obs_13_vel_x,obs_13_vel_y,obs_13_vel_z,obs_14_pos_x,obs_14_pos_y,obs_14_pos_z,obs_14_vel_x,obs_14_vel_y,obs_14_vel_z,obs_15_pos_x,obs_15_pos_y,obs_15_pos_z,obs_15_vel_x,obs_15_vel_y,obs_15_vel_z,obs_16_pos_x,obs_16_pos_y,obs_16_pos_z,obs_16_vel_x,obs_16_vel_y,obs_16_vel_z,obs_17_pos_x,obs_17_pos_y,obs_17_pos_z,obs_17_vel_x,obs_17_vel_y,obs_17_vel_z,obs_18_pos_x,obs_18_pos_y,obs_18_pos_z,obs_18_vel_x,obs_18_vel_y,obs_18_vel_z,obs_19_pos_x,obs_19_pos_y,obs_19_pos_z,obs_19_vel_x,obs_19_vel_y,obs_19_vel_z,obs_20_pos_x,obs_20_pos_y,obs_20_pos_z,obs_20_vel_x,obs_20_vel_y,obs_20_vel_z,obs_21_pos_x,obs_21_pos_y,obs_21_pos_z,obs_21_vel_x,obs_21_vel_y,obs_21_vel_z,obs_22_pos_x,obs_22_pos_y,obs_22_pos_z,obs_22_vel_x,obs_22_vel_y,obs_22_vel_z,obs_23_pos_x,obs_23_pos_y,obs_23_pos_z,obs_23_vel_x,obs_23_vel_y,obs_23_vel_z,obs_24_pos_x,obs_24_pos_y,obs_24_pos_z,obs_24_vel_x,obs_24_vel_y,obs_24_vel_z,obs_25_pos_x,obs_25_pos_y,obs_25_pos_z,obs_25_vel_x,obs_25_vel_y,obs_25_vel_z,obs_26_pos_x,obs_26_pos_y,obs_26_pos_z,obs_26_vel_x,obs_26_vel_y,obs_26_vel_z,obs_27_pos_x,obs_27_pos_y,obs_27_pos_z,obs_27_vel_x,obs_27_vel_y,obs_27_vel_z,obs_28_pos_x,obs_28_pos_y,obs_28_pos_z,obs_28_vel_x,obs_28_vel_y,obs_28_vel_z,obs_29_pos_x,obs_29_pos_y,obs_29_pos_z,obs_29_vel_x,obs_29_vel_y,obs_29_vel_z,obs_30_pos_x,obs_30_pos_y,obs_30_pos_z,obs_30_vel_x,obs_30_vel_y,obs_30_vel_z,obs_31_pos_x,obs_31_pos_y,obs_31_pos_z,obs_31_vel_x,obs_31_vel_y,obs_31_vel_z,obs_32_pos_x,obs_32_pos_y,obs_32_pos_z,obs_32_vel_x,obs_32_vel_y,obs_32_vel_z,obs_33_pos_x,obs_33_pos_y,obs_33_pos_z,obs_33_vel_x,obs_33_vel_y,obs_33_vel_z,obs_34_pos_x,obs_34_pos_y,obs_34_pos_z,obs_34_vel_x,obs_34_vel_y,obs_34_vel_z,obs_35_pos_x,obs_35_pos_y,obs_35_pos_z,obs_35_vel_x,obs_35_vel_y,obs_35_vel_z,obs_36_pos_x,obs_36_pos_y,obs_36_pos_z,obs_36_vel_x,obs_36_vel_y,obs_36_vel_z,obs_37_pos_x,obs_37_pos_y,obs_37_pos_z,obs_37_vel_x,obs_37_vel_y,obs_37_vel_z,obs_38_pos_x,obs_38_pos_y,obs_38_pos_z,obs_38_vel_x,obs_38_vel_y,obs_38_vel_z,obs_39_pos_x,obs_39_pos_y,obs_39_pos_z,obs_39_vel_x,obs_39_vel_y,obs_39_vel_z,obs_40_pos_x,obs_40_pos_y,obs_40_pos_z,obs_40_vel_x,obs_40_vel_y,obs_40_vel_z,obs_41_pos_x,obs_41_pos_y,obs_41_pos_z,obs_41_vel_x,obs_41_vel_y,obs_41_vel_z,obs_42_pos_x,obs_42_pos_y,obs_42_pos_z,obs_42_vel_x,obs_42_vel_y,obs_42_vel_z,obs_43_pos_x,obs_43_pos_y,obs_43_pos_z,obs_43_vel_x,obs_43_vel_y,obs_43_vel_z,obs_44_pos_x,obs_44_pos_y,obs_44_pos_z,obs_44_vel_x,obs_44_vel_y,obs_44_vel_z,obs_45_pos_x,obs_45_pos_y,obs_45_pos_z,obs_45_vel_x,obs_45_vel_y,obs_45_vel_z,obs_46_pos_x,obs_46_pos_y,obs_46_pos_z,obs_46_vel_x,obs_46_vel_y,obs_46_vel_z,obs_47_pos_x,obs_47_pos_y,obs_47_pos_z,obs_47_vel_x,obs_47_vel_y,obs_47_vel_z,obs_48_pos_x,obs_48_pos_y,obs_48_pos_z,obs_48_vel_x,obs_48_vel_y,obs_48_vel_z,obs_49_pos_x,obs_49_pos_y,obs_49_pos_z,obs_49_vel_x,obs_49_vel_y,obs_49_vel_z,obs_50_pos_x,obs_50_pos_y,obs_50_pos_z,obs_50_vel_x,obs_50_vel_y,obs_50_vel_z
2.800574542,-10.0,0.0,0.0,0.0,0.0,0.0,0,0,0,0,0,0,5.0,0.0,0.0,-1.18,2.09,-1.0,0.0,0.0,0.0,-1.18,4.09,-1.0,0.0,0.0,0.0,-1.18,6.09,-1.0,0.0,0.0,0.0,-1.18,2.09,1.0,0.0,0.0,0.0,-1.18,4.09,1.0,0.0,0.0,0.0,-1.18,6.09,1.0,0.0,0.0,0.0,3.57,-3.09,-1.0,0.0,0.0,0.0,3.57,-1.09,-1.0,0.0,0.0,0.0,3.57,-3.09,1.0,0.0,0.0,0.0,3.57,-1.09,1.0,0.0,0.0,0.0,-2.11,2.45,-1.0,0.0,0.0,0.0,-2.11,4.45,-1.0,0.0,0.0,0.0,-2.11,2.45,1.0,0.0,0.0,0.0,-2.11,4.45,1.0,0.0,0.0,0.0,8.69,3.753599999999999,0.8560000000000004,0.0,-0.8200000000000429,-0.19999999999997797,0,0,0,0,0,0,0,0,0,0,0,0,0,0,0,0,0,0,0,0,0,0,0,0,0,0,0,0,0,0,0,0,0,0,0,0,0,0,0,0,0,0,0,0,0,0,0,0,0,0,0,0,0,0,0,0,0,0,0,0,0,0,0,0,0,0,0,0,0,0,0,0,0,0,0,0,0,0,0,0,0,0,0,0,0,0,0,0,0,0,0,0,0,0,0,0,0,0,0,0,0,0,0,0,0,0,0,0,0,0,0,0,0,0,0,0,0,0,0,0,0,0,0,0,0,0,0,0,0,0,0,0,0,0,0,0,0,0,0,0,0,0,0,0,0,0,0,0,0,0,0,0,0,0,0,0,0,0,0,0,0,0,0,0,0,0,0,0,0,0,0,0,0,0,0,0,0,0,0,0,0,0,0,0,0,0,0,0,0,0,0,0,0,0,0,0,0,0,0,0,0,0,0,0,0,0,0,0,0,0
2.900591087,-10.0,0.0,0.0,0.0,0.0,0.0,0,0,0,0,0,0,5.0,0.0,0.0,-1.18,2.09,-1.0,0.0,0.0,0.0,-1.18,4.09,-1.0,0.0,0.0,0.0,-1.18,6.09,-1.0,0.0,0.0,0.0,-1.18,2.09,1.0,0.0,0.0,0.0,-1.18,4.09,1.0,0.0,0.0,0.0,-1.18,6.09,1.0,0.0,0.0,0.0,3.57,-3.09,-1.0,0.0,0.0,0.0,3.57,-1.09,-1.0,0.0,0.0,0.0,3.57,-3.09,1.0,0.0,0.0,0.0,3.57,-1.09,1.0,0.0,0.0,0.0,-2.11,2.45,-1.0,0.0,0.0,0.0,-2.11,4.45,-1.0,0.0,0.0,0.0,-2.11,2.45,1.0,0.0,0.0,0.0,-2.11,4.45,1.0,0.0,0.0,0.0,8.69,3.6879999999999957,0.8400000000000022,0.0,-0.8200000000000429,-0.19999999999997797,0,0,0,0,0,0,0,0,0,0,0,0,0,0,0,0,0,0,0,0,0,0,0,0,0,0,0,0,0,0,0,0,0,0,0,0,0,0,0,0,0,0,0,0,0,0,0,0,0,0,0,0,0,0,0,0,0,0,0,0,0,0,0,0,0,0,0,0,0,0,0,0,0,0,0,0,0,0,0,0,0,0,0,0,0,0,0,0,0,0,0,0,0,0,0,0,0,0,0,0,0,0,0,0,0,0,0,0,0,0,0,0,0,0,0,0,0,0,0,0,0,0,0,0,0,0,0,0,0,0,0,0,0,0,0,0,0,0,0,0,0,0,0,0,0,0,0,0,0,0,0,0,0,0,0,0,0,0,0,0,0,0,0,0,0,0,0,0,0,0,0,0,0,0,0,0,0,0,0,0,0,0,0,0,0,0,0,0,0,0,0,0,0,0,0,0,0,0,0,0,0,0,0,0,0,0,0,0,0,0
3.004639774,-10.0,0.0,0.0,0.0,0.0,0.0,0,0,0,0,0,0,5.0,0.0,0.0,-1.18,2.09,-1.0,0.0,0.0,0.0,-1.18,4.09,-1.0,0.0,0.0,0.0,-1.18,6.09,-1.0,0.0,0.0,0.0,-1.18,2.09,1.0,0.0,0.0,0.0,-1.18,4.09,1.0,0.0,0.0,0.0,-1.18,6.09,1.0,0.0,0.0,0.0,3.57,-3.09,-1.0,0.0,0.0,0.0,3.57,-1.09,-1.0,0.0,0.0,0.0,3.57,-3.09,1.0,0.0,0.0,0.0,3.57,-1.09,1.0,0.0,0.0,0.0,-2.11,2.45,-1.0,0.0,0.0,0.0,-2.11,4.45,-1.0,0.0,0.0,0.0,-2.11,2.45,1.0,0.0,0.0,0.0,-2.11,4.45,1.0,0.0,0.0,0.0,8.69,3.6059999999999914,0.8200000000000044,0.0,-0.8200000000000429,-0.19999999999997797,0,0,0,0,0,0,0,0,0,0,0,0,0,0,0,0,0,0,0,0,0,0,0,0,0,0,0,0,0,0,0,0,0,0,0,0,0,0,0,0,0,0,0,0,0,0,0,0,0,0,0,0,0,0,0,0,0,0,0,0,0,0,0,0,0,0,0,0,0,0,0,0,0,0,0,0,0,0,0,0,0,0,0,0,0,0,0,0,0,0,0,0,0,0,0,0,0,0,0,0,0,0,0,0,0,0,0,0,0,0,0,0,0,0,0,0,0,0,0,0,0,0,0,0,0,0,0,0,0,0,0,0,0,0,0,0,0,0,0,0,0,0,0,0,0,0,0,0,0,0,0,0,0,0,0,0,0,0,0,0,0,0,0,0,0,0,0,0,0,0,0,0,0,0,0,0,0,0,0,0,0,0,0,0,0,0,0,0,0,0,0,0,0,0,0,0,0,0,0,0,0,0,0,0,0,0,0,0,0,0
3.100764826,-10.0,0.0,0.0,0.0,0.0,0.0,0,0,0,0,0,0,5.0,0.0,0.0,-1.18,2.09,-1.0,0.0,0.0,0.0,-1.18,4.09,-1.0,0.0,0.0,0.0,-1.18,6.09,-1.0,0.0,0.0,0.0,-1.18,2.09,1.0,0.0,0.0,0.0,-1.18,4.09,1.0,0.0,0.0,0.0,-1.18,6.09,1.0,0.0,0.0,0.0,3.57,-3.09,-1.0,0.0,0.0,0.0,3.57,-1.09,-1.0,0.0,0.0,0.0,3.57,-3.09,1.0,0.0,0.0,0.0,3.57,-1.09,1.0,0.0,0.0,0.0,-2.11,2.45,-1.0,0.0,0.0,0.0,-2.11,4.45,-1.0,0.0,0.0,0.0,-2.11,2.45,1.0,0.0,0.0,0.0,-2.11,4.45,1.0,0.0,0.0,0.0,8.69,3.540399999999988,0.8040000000000062,0.0,-0.8200000000000429,-0.19999999999997797,0,0,0,0,0,0,0,0,0,0,0,0,0,0,0,0,0,0,0,0,0,0,0,0,0,0,0,0,0,0,0,0,0,0,0,0,0,0,0,0,0,0,0,0,0,0,0,0,0,0,0,0,0,0,0,0,0,0,0,0,0,0,0,0,0,0,0,0,0,0,0,0,0,0,0,0,0,0,0,0,0,0,0,0,0,0,0,0,0,0,0,0,0,0,0,0,0,0,0,0,0,0,0,0,0,0,0,0,0,0,0,0,0,0,0,0,0,0,0,0,0,0,0,0,0,0,0,0,0,0,0,0,0,0,0,0,0,0,0,0,0,0,0,0,0,0,0,0,0,0,0,0,0,0,0,0,0,0,0,0,0,0,0,0,0,0,0,0,0,0,0,0,0,0,0,0,0,0,0,0,0,0,0,0,0,0,0,0,0,0,0,0,0,0,0,0,0,0,0,0,0,0,0,0,0,0,0,0,0,0
3.200392647,-10.0,0.0,0.0,0.0,0.0,0.0,0,0,0,0,0,0,5.0,0.0,0.0,-1.18,2.09,-1.0,0.0,0.0,0.0,-1.18,4.09,-1.0,0.0,0.0,0.0,-1.18,6.09,-1.0,0.0,0.0,0.0,-1.18,2.09,1.0,0.0,0.0,0.0,-1.18,4.09,1.0,0.0,0.0,0.0,-1.18,6.09,1.0,0.0,0.0,0.0,3.57,-3.09,-1.0,0.0,0.0,0.0,3.57,-1.09,-1.0,0.0,0.0,0.0,3.57,-3.09,1.0,0.0,0.0,0.0,3.57,-1.09,1.0,0.0,0.0,0.0,-2.11,2.45,-1.0,0.0,0.0,0.0,-2.11,4.45,-1.0,0.0,0.0,0.0,-2.11,2.45,1.0,0.0,0.0,0.0,-2.11,4.45,1.0,0.0,0.0,0.0,8.69,3.4583999999999837,0.7840000000000084,0.0,-0.8200000000000429,-0.19999999999997797,0,0,0,0,0,0,0,0,0,0,0,0,0,0,0,0,0,0,0,0,0,0,0,0,0,0,0,0,0,0,0,0,0,0,0,0,0,0,0,0,0,0,0,0,0,0,0,0,0,0,0,0,0,0,0,0,0,0,0,0,0,0,0,0,0,0,0,0,0,0,0,0,0,0,0,0,0,0,0,0,0,0,0,0,0,0,0,0,0,0,0,0,0,0,0,0,0,0,0,0,0,0,0,0,0,0,0,0,0,0,0,0,0,0,0,0,0,0,0,0,0,0,0,0,0,0,0,0,0,0,0,0,0,0,0,0,0,0,0,0,0,0,0,0,0,0,0,0,0,0,0,0,0,0,0,0,0,0,0,0,0,0,0,0,0,0,0,0,0,0,0,0,0,0,0,0,0,0,0,0,0,0,0,0,0,0,0,0,0,0,0,0,0,0,0,0,0,0,0,0,0,0,0,0,0,0,0,0,0,0
3.301292111,-10.0,0.0,0.0,0.0,0.0,0.0,0,0,0,0,0,0,5.0,0.0,0.0,-1.18,2.09,-1.0,0.0,0.0,0.0,-1.18,4.09,-1.0,0.0,0.0,0.0,-1.18,6.09,-1.0,0.0,0.0,0.0,-1.18,2.09,1.0,0.0,0.0,0.0,-1.18,4.09,1.0,0.0,0.0,0.0,-1.18,6.09,1.0,0.0,0.0,0.0,3.57,-3.09,-1.0,0.0,0.0,0.0,3.57,-1.09,-1.0,0.0,0.0,0.0,3.57,-3.09,1.0,0.0,0.0,0.0,3.57,-1.09,1.0,0.0,0.0,0.0,-2.11,2.45,-1.0,0.0,0.0,0.0,-2.11,4.45,-1.0,0.0,0.0,0.0,-2.11,2.45,1.0,0.0,0.0,0.0,-2.11,4.45,1.0,0.0,0.0,0.0,8.69,3.3927999999999803,0.7680000000000101,0.0,-0.8200000000000429,-0.19999999999997797,0,0,0,0,0,0,0,0,0,0,0,0,0,0,0,0,0,0,0,0,0,0,0,0,0,0,0,0,0,0,0,0,0,0,0,0,0,0,0,0,0,0,0,0,0,0,0,0,0,0,0,0,0,0,0,0,0,0,0,0,0,0,0,0,0,0,0,0,0,0,0,0,0,0,0,0,0,0,0,0,0,0,0,0,0,0,0,0,0,0,0,0,0,0,0,0,0,0,0,0,0,0,0,0,0,0,0,0,0,0,0,0,0,0,0,0,0,0,0,0,0,0,0,0,0,0,0,0,0,0,0,0,0,0,0,0,0,0,0,0,0,0,0,0,0,0,0,0,0,0,0,0,0,0,0,0,0,0,0,0,0,0,0,0,0,0,0,0,0,0,0,0,0,0,0,0,0,0,0,0,0,0,0,0,0,0,0,0,0,0,0,0,0,0,0,0,0,0,0,0,0,0,0,0,0,0,0,0,0,0
3.400397652,-10.0,0.0,0.0,0.0,0.0,0.0,0,0,0,0,0,0,5.0,0.0,0.0,-1.18,2.09,-1.0,0.0,0.0,0.0,-1.18,4.09,-1.0,0.0,0.0,0.0,-1.18,6.09,-1.0,0.0,0.0,0.0,-1.18,2.09,1.0,0.0,0.0,0.0,-1.18,4.09,1.0,0.0,0.0,0.0,-1.18,6.09,1.0,0.0,0.0,0.0,3.57,-3.09,-1.0,0.0,0.0,0.0,3.57,-1.09,-1.0,0.0,0.0,0.0,3.57,-3.09,1.0,0.0,0.0,0.0,3.57,-1.09,1.0,0.0,0.0,0.0,-2.11,2.45,-1.0,0.0,0.0,0.0,-2.11,4.45,-1.0,0.0,0.0,0.0,-2.11,2.45,1.0,0.0,0.0,0.0,-2.11,4.45,1.0,0.0,0.0,0.0,8.69,3.327199999999977,0.7520000000000119,0.0,-0.8200000000000429,-0.19999999999997797,0,0,0,0,0,0,0,0,0,0,0,0,0,0,0,0,0,0,0,0,0,0,0,0,0,0,0,0,0,0,0,0,0,0,0,0,0,0,0,0,0,0,0,0,0,0,0,0,0,0,0,0,0,0,0,0,0,0,0,0,0,0,0,0,0,0,0,0,0,0,0,0,0,0,0,0,0,0,0,0,0,0,0,0,0,0,0,0,0,0,0,0,0,0,0,0,0,0,0,0,0,0,0,0,0,0,0,0,0,0,0,0,0,0,0,0,0,0,0,0,0,0,0,0,0,0,0,0,0,0,0,0,0,0,0,0,0,0,0,0,0,0,0,0,0,0,0,0,0,0,0,0,0,0,0,0,0,0,0,0,0,0,0,0,0,0,0,0,0,0,0,0,0,0,0,0,0,0,0,0,0,0,0,0,0,0,0,0,0,0,0,0,0,0,0,0,0,0,0,0,0,0,0,0,0,0,0,0,0,0
3.502979575,-10.0,0.0,0.0,0.0,0.0,0.0,0,0,0,0,0,0,5.0,0.0,0.0,-1.18,2.09,-1.0,0.0,0.0,0.0,-1.18,4.09,-1.0,0.0,0.0,0.0,-1.18,6.09,-1.0,0.0,0.0,0.0,-1.18,2.09,1.0,0.0,0.0,0.0,-1.18,4.09,1.0,0.0,0.0,0.0,-1.18,6.09,1.0,0.0,0.0,0.0,3.57,-3.09,-1.0,0.0,0.0,0.0,3.57,-1.09,-1.0,0.0,0.0,0.0,3.57,-3.09,1.0,0.0,0.0,0.0,3.57,-1.09,1.0,0.0,0.0,0.0,-2.11,2.45,-1.0,0.0,0.0,0.0,-2.11,4.45,-1.0,0.0,0.0,0.0,-2.11,2.45,1.0,0.0,0.0,0.0,-2.11,4.45,1.0,0.0,0.0,0.0,8.69,3.2615999999999734,0.7360000000000136,0.0,-0.8200000000000429,-0.19999999999997797,0,0,0,0,0,0,0,0,0,0,0,0,0,0,0,0,0,0,0,0,0,0,0,0,0,0,0,0,0,0,0,0,0,0,0,0,0,0,0,0,0,0,0,0,0,0,0,0,0,0,0,0,0,0,0,0,0,0,0,0,0,0,0,0,0,0,0,0,0,0,0,0,0,0,0,0,0,0,0,0,0,0,0,0,0,0,0,0,0,0,0,0,0,0,0,0,0,0,0,0,0,0,0,0,0,0,0,0,0,0,0,0,0,0,0,0,0,0,0,0,0,0,0,0,0,0,0,0,0,0,0,0,0,0,0,0,0,0,0,0,0,0,0,0,0,0,0,0,0,0,0,0,0,0,0,0,0,0,0,0,0,0,0,0,0,0,0,0,0,0,0,0,0,0,0,0,0,0,0,0,0,0,0,0,0,0,0,0,0,0,0,0,0,0,0,0,0,0,0,0,0,0,0,0,0,0,0,0,0,0
3.60174105,-10.0,0.0,0.0,0.0,0.0,0.0,0,0,0,0,0,0,5.0,0.0,0.0,-1.18,2.09,-1.0,0.0,0.0,0.0,-1.18,4.09,-1.0,0.0,0.0,0.0,-1.18,6.09,-1.0,0.0,0.0,0.0,-1.18,2.09,1.0,0.0,0.0,0.0,-1.18,4.09,1.0,0.0,0.0,0.0,-1.18,6.09,1.0,0.0,0.0,0.0,3.57,-3.09,-1.0,0.0,0.0,0.0,3.57,-1.09,-1.0,0.0,0.0,0.0,3.57,-3.09,1.0,0.0,0.0,0.0,3.57,-1.09,1.0,0.0,0.0,0.0,-2.11,2.45,-1.0,0.0,0.0,0.0,-2.11,4.45,-1.0,0.0,0.0,0.0,-2.11,2.45,1.0,0.0,0.0,0.0,-2.11,4.45,1.0,0.0,0.0,0.0,8.69,3.19599999999997,0.7200000000000154,0.0,-0.8200000000000429,-0.19999999999997797,0,0,0,0,0,0,0,0,0,0,0,0,0,0,0,0,0,0,0,0,0,0,0,0,0,0,0,0,0,0,0,0,0,0,0,0,0,0,0,0,0,0,0,0,0,0,0,0,0,0,0,0,0,0,0,0,0,0,0,0,0,0,0,0,0,0,0,0,0,0,0,0,0,0,0,0,0,0,0,0,0,0,0,0,0,0,0,0,0,0,0,0,0,0,0,0,0,0,0,0,0,0,0,0,0,0,0,0,0,0,0,0,0,0,0,0,0,0,0,0,0,0,0,0,0,0,0,0,0,0,0,0,0,0,0,0,0,0,0,0,0,0,0,0,0,0,0,0,0,0,0,0,0,0,0,0,0,0,0,0,0,0,0,0,0,0,0,0,0,0,0,0,0,0,0,0,0,0,0,0,0,0,0,0,0,0,0,0,0,0,0,0,0,0,0,0,0,0,0,0,0,0,0,0,0,0,0,0,0,0
3.701756704,-10.0,0.0,0.0,0.0,0.0,0.0,0,0,0,0,0,0,5.0,0.0,0.0,-1.18,2.09,-1.0,0.0,0.0,0.0,-1.18,4.09,-1.0,0.0,0.0,0.0,-1.18,6.09,-1.0,0.0,0.0,0.0,-1.18,2.09,1.0,0.0,0.0,0.0,-1.18,4.09,1.0,0.0,0.0,0.0,-1.18,6.09,1.0,0.0,0.0,0.0,3.57,-3.09,-1.0,0.0,0.0,0.0,3.57,-1.09,-1.0,0.0,0.0,0.0,3.57,-3.09,1.0,0.0,0.0,0.0,3.57,-1.09,1.0,0.0,0.0,0.0,-2.11,2.45,-1.0,0.0,0.0,0.0,-2.11,4.45,-1.0,0.0,0.0,0.0,-2.11,2.45,1.0,0.0,0.0,0.0,-2.11,4.45,1.0,0.0,0.0,0.0,8.69,3.1303999999999665,0.7040000000000172,0.0,-0.8200000000000429,-0.19999999999997797,0,0,0,0,0,0,0,0,0,0,0,0,0,0,0,0,0,0,0,0,0,0,0,0,0,0,0,0,0,0,0,0,0,0,0,0,0,0,0,0,0,0,0,0,0,0,0,0,0,0,0,0,0,0,0,0,0,0,0,0,0,0,0,0,0,0,0,0,0,0,0,0,0,0,0,0,0,0,0,0,0,0,0,0,0,0,0,0,0,0,0,0,0,0,0,0,0,0,0,0,0,0,0,0,0,0,0,0,0,0,0,0,0,0,0,0,0,0,0,0,0,0,0,0,0,0,0,0,0,0,0,0,0,0,0,0,0,0,0,0,0,0,0,0,0,0,0,0,0,0,0,0,0,0,0,0,0,0,0,0,0,0,0,0,0,0,0,0,0,0,0,0,0,0,0,0,0,0,0,0,0,0,0,0,0,0,0,0,0,0,0,0,0,0,0,0,0,0,0,0,0,0,0,0,0,0,0,0,0,0
3.801118619,-10.0,0.0,0.0,0.0,0.0,0.0,0,0,0,0,0,0,5.0,0.0,0.0,-1.18,2.09,-1.0,0.0,0.0,0.0,-1.18,4.09,-1.0,0.0,0.0,0.0,-1.18,6.09,-1.0,0.0,0.0,0.0,-1.18,2.09,1.0,0.0,0.0,0.0,-1.18,4.09,1.0,0.0,0.0,0.0,-1.18,6.09,1.0,0.0,0.0,0.0,3.57,-3.09,-1.0,0.0,0.0,0.0,3.57,-1.09,-1.0,0.0,0.0,0.0,3.57,-3.09,1.0,0.0,0.0,0.0,3.57,-1.09,1.0,0.0,0.0,0.0,-2.11,2.45,-1.0,0.0,0.0,0.0,-2.11,4.45,-1.0,0.0,0.0,0.0,-2.11,2.45,1.0,0.0,0.0,0.0,-2.11,4.45,1.0,0.0,0.0,0.0,8.69,3.064799999999963,0.6880000000000189,0.0,-0.8200000000000429,-0.19999999999997797,0,0,0,0,0,0,0,0,0,0,0,0,0,0,0,0,0,0,0,0,0,0,0,0,0,0,0,0,0,0,0,0,0,0,0,0,0,0,0,0,0,0,0,0,0,0,0,0,0,0,0,0,0,0,0,0,0,0,0,0,0,0,0,0,0,0,0,0,0,0,0,0,0,0,0,0,0,0,0,0,0,0,0,0,0,0,0,0,0,0,0,0,0,0,0,0,0,0,0,0,0,0,0,0,0,0,0,0,0,0,0,0,0,0,0,0,0,0,0,0,0,0,0,0,0,0,0,0,0,0,0,0,0,0,0,0,0,0,0,0,0,0,0,0,0,0,0,0,0,0,0,0,0,0,0,0,0,0,0,0,0,0,0,0,0,0,0,0,0,0,0,0,0,0,0,0,0,0,0,0,0,0,0,0,0,0,0,0,0,0,0,0,0,0,0,0,0,0,0,0,0,0,0,0,0,0,0,0,0,0
3.901098355,-10.0,0.0,0.0,0.0,0.0,0.0,0,0,0,0,0,0,5.0,0.0,0.0,-1.18,2.09,-1.0,0.0,0.0,0.0,-1.18,4.09,-1.0,0.0,0.0,0.0,-1.18,6.09,-1.0,0.0,0.0,0.0,-1.18,2.09,1.0,0.0,0.0,0.0,-1.18,4.09,1.0,0.0,0.0,0.0,-1.18,6.09,1.0,0.0,0.0,0.0,3.57,-3.09,-1.0,0.0,0.0,0.0,3.57,-1.09,-1.0,0.0,0.0,0.0,3.57,-3.09,1.0,0.0,0.0,0.0,3.57,-1.09,1.0,0.0,0.0,0.0,-2.11,2.45,-1.0,0.0,0.0,0.0,-2.11,4.45,-1.0,0.0,0.0,0.0,-2.11,2.45,1.0,0.0,0.0,0.0,-2.11,4.45,1.0,0.0,0.0,0.0,8.69,2.982799999999959,0.6680000000000211,0.0,-0.8200000000000429,-0.19999999999997797,0,0,0,0,0,0,0,0,0,0,0,0,0,0,0,0,0,0,0,0,0,0,0,0,0,0,0,0,0,0,0,0,0,0,0,0,0,0,0,0,0,0,0,0,0,0,0,0,0,0,0,0,0,0,0,0,0,0,0,0,0,0,0,0,0,0,0,0,0,0,0,0,0,0,0,0,0,0,0,0,0,0,0,0,0,0,0,0,0,0,0,0,0,0,0,0,0,0,0,0,0,0,0,0,0,0,0,0,0,0,0,0,0,0,0,0,0,0,0,0,0,0,0,0,0,0,0,0,0,0,0,0,0,0,0,0,0,0,0,0,0,0,0,0,0,0,0,0,0,0,0,0,0,0,0,0,0,0,0,0,0,0,0,0,0,0,0,0,0,0,0,0,0,0,0,0,0,0,0,0,0,0,0,0,0,0,0,0,0,0,0,0,0,0,0,0,0,0,0,0,0,0,0,0,0,0,0,0,0,0
4.000575426,-10.0,0.0,0.0,0.0,0.0,0.0,0.1,-0.1,0.1,2.989340847644355,-2.8322424198193747,2.549669966410674,5.0,0.0,0.0,-1.18,2.09,-1.0,0.0,0.0,0.0,-1.18,4.09,-1.0,0.0,0.0,0.0,-1.18,6.09,-1.0,0.0,0.0,0.0,-1.18,2.09,1.0,0.0,0.0,0.0,-1.18,4.09,1.0,0.0,0.0,0.0,-1.18,6.09,1.0,0.0,0.0,0.0,3.57,-3.09,-1.0,0.0,0.0,0.0,3.57,-1.09,-1.0,0.0,0.0,0.0,3.57,-3.09,1.0,0.0,0.0,0.0,3.57,-1.09,1.0,0.0,0.0,0.0,-2.11,2.45,-1.0,0.0,0.0,0.0,-2.11,4.45,-1.0,0.0,0.0,0.0,-2.11,2.45,1.0,0.0,0.0,0.0,-2.11,4.45,1.0,0.0,0.0,0.0,8.69,2.9171999999999554,0.6520000000000229,0.0,-0.8200000000000429,-0.19999999999997797,0,0,0,0,0,0,0,0,0,0,0,0,0,0,0,0,0,0,0,0,0,0,0,0,0,0,0,0,0,0,0,0,0,0,0,0,0,0,0,0,0,0,0,0,0,0,0,0,0,0,0,0,0,0,0,0,0,0,0,0,0,0,0,0,0,0,0,0,0,0,0,0,0,0,0,0,0,0,0,0,0,0,0,0,0,0,0,0,0,0,0,0,0,0,0,0,0,0,0,0,0,0,0,0,0,0,0,0,0,0,0,0,0,0,0,0,0,0,0,0,0,0,0,0,0,0,0,0,0,0,0,0,0,0,0,0,0,0,0,0,0,0,0,0,0,0,0,0,0,0,0,0,0,0,0,0,0,0,0,0,0,0,0,0,0,0,0,0,0,0,0,0,0,0,0,0,0,0,0,0,0,0,0,0,0,0,0,0,0,0,0,0,0,0,0,0,0,0,0,0,0,0,0,0,0,0,0,0,0,0
4.100672849,-9.990954000000018,-0.009046000000000004,0.009046000000000004,0.15459999999993812,-0.15459999999999968,0.15459999999999968,0.178,-0.178,0.178,3.0362487121757664,-2.9069386945467404,2.453796805480748,4.9999999977420915,0.00010625225781249795,-0.00010625225781249795,-1.18,2.09,-1.0,0.0,0.0,0.0,-1.18,4.09,-1.0,0.0,0.0,0.0,-1.18,6.09,-1.0,0.0,0.0,0.0,-1.18,2.09,1.0,0.0,0.0,0.0,-1.18,4.09,1.0,0.0,0.0,0.0,-1.18,6.09,1.0,0.0,0.0,0.0,3.57,-3.09,-1.0,0.0,0.0,0.0,3.57,-1.09,-1.0,0.0,0.0,0.0,3.57,-3.09,1.0,0.0,0.0,0.0,3.57,-1.09,1.0,0.0,0.0,0.0,-2.11,2.45,-1.0,0.0,0.0,0.0,-2.11,4.45,-1.0,0.0,0.0,0.0,-2.11,2.45,1.0,0.0,0.0,0.0,-2.11,4.45,1.0,0.0,0.0,0.0,8.69,2.835199999999951,0.6320000000000251,0.0,-0.8200000000000429,-0.19999999999997797,0,0,0,0,0,0,0,0,0,0,0,0,0,0,0,0,0,0,0,0,0,0,0,0,0,0,0,0,0,0,0,0,0,0,0,0,0,0,0,0,0,0,0,0,0,0,0,0,0,0,0,0,0,0,0,0,0,0,0,0,0,0,0,0,0,0,0,0,0,0,0,0,0,0,0,0,0,0,0,0,0,0,0,0,0,0,0,0,0,0,0,0,0,0,0,0,0,0,0,0,0,0,0,0,0,0,0,0,0,0,0,0,0,0,0,0,0,0,0,0,0,0,0,0,0,0,0,0,0,0,0,0,0,0,0,0,0,0,0,0,0,0,0,0,0,0,0,0,0,0,0,0,0,0,0,0,0,0,0,0,0,0,0,0,0,0,0,0,0,0,0,0,0,0,0,0,0,0,0,0,0,0,0,0,0,0,0,0,0,0,0,0,0,0,0,0,0,0,0,0,0,0,0,0,0,0,0,0,0,0
4.200775054,-9.976714000000017,-0.023286000000000025,0.023286000000000025,0.17800000000001148,-0.17800000000000107,0.17800000000000107,0.275,-0.275,0.275,3.0800331716176395,-2.7578213913512215,2.849801593012219,4.999998851695583,0.0023961472044731254,-0.0023961472044731254,-1.18,2.09,-1.0,0.0,0.0,0.0,-1.18,4.09,-1.0,0.0,0.0,0.0,-1.18,6.09,-1.0,0.0,0.0,0.0,-1.18,2.09,1.0,0.0,0.0,0.0,-1.18,4.09,1.0,0.0,0.0,0.0,-1.18,6.09,1.0,0.0,0.0,0.0,3.57,-3.09,-1.0,0.0,0.0,0.0,3.57,-1.09,-1.0,0.0,0.0,0.0,3.57,-3.09,1.0,0.0,0.0,0.0,3.57,-1.09,1.0,0.0,0.0,0.0,-2.11,2.45,-1.0,0.0,0.0,0.0,-2.11,4.45,-1.0,0.0,0.0,0.0,-2.11,2.45,1.0,0.0,0.0,0.0,-2.11,4.45,1.0,0.0,0.0,0.0,8.69,2.7695999999999477,0.6160000000000269,0.0,-0.8200000000000429,-0.19999999999997797,0,0,0,0,0,0,0,0,0,0,0,0,0,0,0,0,0,0,0,0,0,0,0,0,0,0,0,0,0,0,0,0,0,0,0,0,0,0,0,0,0,0,0,0,0,0,0,0,0,0,0,0,0,0,0,0,0,0,0,0,0,0,0,0,0,0,0,0,0,0,0,0,0,0,0,0,0,0,0,0,0,0,0,0,0,0,0,0,0,0,0,0,0,0,0,0,0,0,0,0,0,0,0,0,0,0,0,0,0,0,0,0,0,0,0,0,0,0,0,0,0,0,0,0,0,0,0,0,0,0,0,0,0,0,0,0,0,0,0,0,0,0,0,0,0,0,0,0,0,0,0,0,0,0,0,0,0,0,0,0,0,0,0,0,0,0,0,0,0,0,0,0,0,0,0,0,0,0,0,0,0,0,0,0,0,0,0,0,0,0,0,0,0,0,0,0,0,0,0,0,0,0,0,0,0,0,0,0,0,0
4.301074467,-9.955781,-0.04421899999999994,0.04421899999999994,0.27500000000024727,-0.2749999999999975,0.2749999999999975,0.275,-0.275,0.275,3.0800331716176395,-2.7578213913512215,2.849801593012219,4.999990976106211,0.006717099688647905,-0.006717099688647905,-1.18,2.09,-1.0,0.0,0.0,0.0,-1.18,4.09,-1.0,0.0,0.0,0.0,-1.18,6.09,-1.0,0.0,0.0,0.0,-1.18,2.09,1.0,0.0,0.0,0.0,-1.18,4.09,1.0,0.0,0.0,0.0,-1.18,6.09,1.0,0.0,0.0,0.0,3.57,-3.09,-1.0,0.0,0.0,0.0,3.57,-1.09,-1.0,0.0,0.0,0.0,3.57,-3.09,1.0,0.0,0.0,0.0,3.57,-1.09,1.0,0.0,0.0,0.0,-2.11,2.45,-1.0,0.0,0.0,0.0,-2.11,4.45,-1.0,0.0,0.0,0.0,-2.11,2.45,1.0,0.0,0.0,0.0,-2.11,4.45,1.0,0.0,0.0,0.0,8.69,2.6875999999999434,0.5960000000000291,0.0,-0.8200000000000429,-0.19999999999997797,0,0,0,0,0,0,0,0,0,0,0,0,0,0,0,0,0,0,0,0,0,0,0,0,0,0,0,0,0,0,0,0,0,0,0,0,0,0,0,0,0,0,0,0,0,0,0,0,0,0,0,0,0,0,0,0,0,0,0,0,0,0,0,0,0,0,0,0,0,0,0,0,0,0,0,0,0,0,0,0,0,0,0,0,0,0,0,0,0,0,0,0,0,0,0,0,0,0,0,0,0,0,0,0,0,0,0,0,0,0,0,0,0,0,0,0,0,0,0,0,0,0,0,0,0,0,0,0,0,0,0,0,0,0,0,0,0,0,0,0,0,0,0,0,0,0,0,0,0,0,0,0,0,0,0,0,0,0,0,0,0,0,0,0,0,0,0,0,0,0,0,0,0,0,0,0,0,0,0,0,0,0,0,0,0,0,0,0,0,0,0,0,0,0,0,0,0,0,0,0,0,0,0,0,0,0,0,0,0,0
4.403768575,-9.92112,-0.07887999999999959,0.07887999999999959,0.36799999999992394,-0.3679999999999933,0.3679999999999933,0.447,-0.447,0.447,3.3271430667969057,-2.533762037945186,2.7255699548847034,4.999968946347105,0.012460649353431724,-0.012460649353431724,-1.18,2.09,-1.0,0.0,0.0,0.0,-1.18,4.09,-1.0,0.0,0.0,0.0,-1.18,6.09,-1.0,0.0,0.0,0.0,-1.18,2.09,1.0,0.0,0.0,0.0,-1.18,4.09,1.0,0.0,0.0,0.0,-1.18,6.09,1.0,0.0,0.0,0.0,3.57,-3.09,-1.0,0.0,0.0,0.0,3.57,-1.09,-1.0,0.0,0.0,0.0,3.57,-3.09,1.0,0.0,0.0,0.0,3.57,-1.09,1.0,0.0,0.0,0.0,-2.11,2.45,-1.0,0.0,0.0,0.0,-2.11,4.45,-1.0,0.0,0.0,0.0,-2.11,2.45,1.0,0.0,0.0,0.0,-2.11,4.45,1.0,0.0,0.0,0.0,8.69,2.62199999999994,0.5800000000000308,0.0,-0.8200000000000429,-0.19999999999997797,0,0,0,0,0,0,0,0,0,0,0,0,0,0,0,0,0,0,0,0,0,0,0,0,0,0,0,0,0,0,0,0,0,0,0,0,0,0,0,0,0,0,0,0,0,0,0,0,0,0,0,0,0,0,0,0,0,0,0,0,0,0,0,0,0,0,0,0,0,0,0,0,0,0,0,0,0,0,0,0,0,0,0,0,0,0,0,0,0,0,0,0,0,0,0,0,0,0,0,0,0,0,0,0,0,0,0,0,0,0,0,0,0,0,0,0,0,0,0,0,0,0,0,0,0,0,0,0,0,0,0,0,0,0,0,0,0,0,0,0,0,0,0,0,0,0,0,0,0,0,0,0,0,0,0,0,0,0,0,0,0,0,0,0,0,0,0,0,0,0,0,0,0,0,0,0,0,0,0,0,0,0,0,0,0,0,0,0,0,0,0,0,0,0,0,0,0,0,0,0,0,0,0,0,0,0,0,0,0,0
4.50205515,-9.885447000000044,-0.11455299999999978,0.11455299999999978,0.46199999999956276,-0.46200000000000124,0.46200000000000124,0.522,-0.522,0.522,3.4366106897978037,-1.9166641906223476,2.7172529596325434,4.999918097005984,0.020236393355280866,-0.020236393355280866,-1.18,2.09,-1.0,0.0,0.0,0.0,-1.18,4.09,-1.0,0.0,0.0,0.0,-1.18,6.09,-1.0,0.0,0.0,0.0,-1.18,2.09,1.0,0.0,0.0,0.0,-1.18,4.09,1.0,0.0,0.0,0.0,-1.18,6.09,1.0,0.0,0.0,0.0,3.57,-3.09,-1.0,0.0,0.0,0.0,3.57,-1.09,-1.0,0.0,0.0,0.0,3.57,-3.09,1.0,0.0,0.0,0.0,3.57,-1.09,1.0,0.0,0.0,0.0,-2.11,2.45,-1.0,0.0,0.0,0.0,-2.11,4.45,-1.0,0.0,0.0,0.0,-2.11,2.45,1.0,0.0,0.0,0.0,-2.11,4.45,1.0,0.0,0.0,0.0,8.69,2.5563999999999365,0.5640000000000326,0.0,-0.8200000000000429,-0.19999999999997797,0,0,0,0,0,0,0,0,0,0,0,0,0,0,0,0,0,0,0,0,0,0,0,0,0,0,0,0,0,0,0,0,0,0,0,0,0,0,0,0,0,0,0,0,0,0,0,0,0,0,0,0,0,0,0,0,0,0,0,0,0,0,0,0,0,0,0,0,0,0,0,0,0,0,0,0,0,0,0,0,0,0,0,0,0,0,0,0,0,0,0,0,0,0,0,0,0,0,0,0,0,0,0,0,0,0,0,0,0,0,0,0,0,0,0,0,0,0,0,0,0,0,0,0,0,0,0,0,0,0,0,0,0,0,0,0,0,0,0,0,0,0,0,0,0,0,0,0,0,0,0,0,0,0,0,0,0,0,0,0,0,0,0,0,0,0,0,0,0,0,0,0,0,0,0,0,0,0,0,0,0,0,0,0,0,0,0,0,0,0,0,0,0,0,0,0,0,0,0,0,0,0,0,0,0,0,0,0,0,0
4.600528049,-9.843687000000033,-0.15631299999999937,0.15631299999999937,0.5220000000001335,-0.5219999999999948,0.5219999999999948,0.608,-0.608,0.608,3.4959835025521917,-1.9731871412689364,2.8760899332477035,4.999832631577835,0.02892798134556038,-0.02892798134556038,-1.18,2.09,-1.0,0.0,0.0,0.0,-1.18,4.09,-1.0,0.0,0.0,0.0,-1.18,6.09,-1.0,0.0,0.0,0.0,-1.18,2.09,1.0,0.0,0.0,0.0,-1.18,4.09,1.0,0.0,0.0,0.0,-1.18,6.09,1.0,0.0,0.0,0.0,3.57,-3.09,-1.0,0.0,0.0,0.0,3.57,-1.09,-1.0,0.0,0.0,0.0,3.57,-3.09,1.0,0.0,0.0,0.0,3.57,-1.09,1.0,0.0,0.0,0.0,-2.11,2.45,-1.0,0.0,0.0,0.0,-2.11,4.45,-1.0,0.0,0.0,0.0,-2.11,2.45,1.0,0.0,0.0,0.0,-2.11,4.45,1.0,0.0,0.0,0.0,8.69,2.490799999999933,0.5480000000000343,0.0,-0.8200000000000429,-0.19999999999997797,0,0,0,0,0,0,0,0,0,0,0,0,0,0,0,0,0,0,0,0,0,0,0,0,0,0,0,0,0,0,0,0,0,0,0,0,0,0,0,0,0,0,0,0,0,0,0,0,0,0,0,0,0,0,0,0,0,0,0,0,0,0,0,0,0,0,0,0,0,0,0,0,0,0,0,0,0,0,0,0,0,0,0,0,0,0,0,0,0,0,0,0,0,0,0,0,0,0,0,0,0,0,0,0,0,0,0,0,0,0,0,0,0,0,0,0,0,0,0,0,0,0,0,0,0,0,0,0,0,0,0,0,0,0,0,0,0,0,0,0,0,0,0,0,0,0,0,0,0,0,0,0,0,0,0,0,0,0,0,0,0,0,0,0,0,0,0,0,0,0,0,0,0,0,0,0,0,0,0,0,0,0,0,0,0,0,0,0,0,0,0,0,0,0,0,0,0,0,0,0,0,0,0,0,0,0,0,0,0,0
4.702238073,-9.782605000000059,-0.21739499999999914,0.21739499999999914,0.6619999999998072,-0.6620000000000014,0.6620000000000014,0.698,-0.698,0.698,3.588832271927694,-2.011588953619387,2.733650098507517,4.999660542158583,0.04119747069018905,-0.04119747069018905,-1.18,2.09,-1.0,0.0,0.0,0.0,-1.18,4.09,-1.0,0.0,0.0,0.0,-1.18,6.09,-1.0,0.0,0.0,0.0,-1.18,2.09,1.0,0.0,0.0,0.0,-1.18,4.09,1.0,0.0,0.0,0.0,-1.18,6.09,1.0,0.0,0.0,0.0,3.57,-3.09,-1.0,0.0,0.0,0.0,3.57,-1.09,-1.0,0.0,0.0,0.0,3.57,-3.09,1.0,0.0,0.0,0.0,3.57,-1.09,1.0,0.0,0.0,0.0,-2.11,2.45,-1.0,0.0,0.0,0.0,-2.11,4.45,-1.0,0.0,0.0,0.0,-2.11,2.45,1.0,0.0,0.0,0.0,-2.11,4.45,1.0,0.0,0.0,0.0,8.69,2.4087999999999288,0.5280000000000366,0.0,-0.8200000000000429,-0.19999999999997797,0,0,0,0,0,0,0,0,0,0,0,0,0,0,0,0,0,0,0,0,0,0,0,0,0,0,0,0,0,0,0,0,0,0,0,0,0,0,0,0,0,0,0,0,0,0,0,0,0,0,0,0,0,0,0,0,0,0,0,0,0,0,0,0,0,0,0,0,0,0,0,0,0,0,0,0,0,0,0,0,0,0,0,0,0,0,0,0,0,0,0,0,0,0,0,0,0,0,0,0,0,0,0,0,0,0,0,0,0,0,0,0,0,0,0,0,0,0,0,0,0,0,0,0,0,0,0,0,0,0,0,0,0,0,0,0,0,0,0,0,0,0,0,0,0,0,0,0,0,0,0,0,0,0,0,0,0,0,0,0,0,0,0,0,0,0,0,0,0,0,0,0,0,0,0,0,0,0,0,0,0,0,0,0,0,0,0,0,0,0,0,0,0,0,0,0,0,0,0,0,0,0,0,0,0,0,0,0,0,0
4.800702568,-9.72676500000007,-0.27323499999999856,0.27323499999999856,0.6979999999998654,-0.6979999999999764,0.6979999999999764,0.7929999999999999,-0.7929999999999999,0.7929999999999999,3.6710526075788903,-1.43350268114509,3.065571921749451,4.999388433677109,0.05529597279886385,-0.05529597279886385,-1.18,2.09,-1.0,0.0,0.0,0.0,-1.18,4.09,-1.0,0.0,0.0,0.0,-1.18,6.09,-1.0,0.0,0.0,0.0,-1.18,2.09,1.0,0.0,0.0,0.0,-1.18,4.09,1.0,0.0,0.0,0.0,-1.18,6.09,1.0,0.0,0.0,0.0,3.57,-3.09,-1.0,0.0,0.0,0.0,3.57,-1.09,-1.0,0.0,0.0,0.0,3.57,-3.09,1.0,0.0,0.0,0.0,3.57,-1.09,1.0,0.0,0.0,0.0,-2.11,2.45,-1.0,0.0,0.0,0.0,-2.11,4.45,-1.0,0.0,0.0,0.0,-2.11,2.45,1.0,0.0,0.0,0.0,-2.11,4.45,1.0,0.0,0.0,0.0,8.69,2.3431999999999253,0.5120000000000383,0.0,-0.8200000000000429,-0.19999999999997797,0,0,0,0,0,0,0,0,0,0,0,0,0,0,0,0,0,0,0,0,0,0,0,0,0,0,0,0,0,0,0,0,0,0,0,0,0,0,0,0,0,0,0,0,0,0,0,0,0,0,0,0,0,0,0,0,0,0,0,0,0,0,0,0,0,0,0,0,0,0,0,0,0,0,0,0,0,0,0,0,0,0,0,0,0,0,0,0,0,0,0,0,0,0,0,0,0,0,0,0,0,0,0,0,0,0,0,0,0,0,0,0,0,0,0,0,0,0,0,0,0,0,0,0,0,0,0,0,0,0,0,0,0,0,0,0,0,0,0,0,0,0,0,0,0,0,0,0,0,0,0,0,0,0,0,0,0,0,0,0,0,0,0,0,0,0,0,0,0,0,0,0,0,0,0,0,0,0,0,0,0,0,0,0,0,0,0,0,0,0,0,0,0,0,0,0,0,0,0,0,0,0,0,0,0,0,0,0,0,0
4.90066391,-9.648225000000087,-0.3517749999999973,0.3517749999999973,0.7929999999998216,-0.7929999999999883,0.7929999999999883,0.8899999999999999,-0.8899999999999999,0.696,3.7841634241624718,-3.135272873540305,0.6007971432904662,4.998947478277341,0.0725400214523834,-0.0725400214523834,-1.18,2.09,-1.0,0.0,0.0,0.0,-1.18,4.09,-1.0,0.0,0.0,0.0,-1.18,6.09,-1.0,0.0,0.0,0.0,-1.18,2.09,1.0,0.0,0.0,0.0,-1.18,4.09,1.0,0.0,0.0,0.0,-1.18,6.09,1.0,0.0,0.0,0.0,3.57,-3.09,-1.0,0.0,0.0,0.0,3.57,-1.09,-1.0,0.0,0.0,0.0,3.57,-3.09,1.0,0.0,0.0,0.0,3.57,-1.09,1.0,0.0,0.0,0.0,-2.11,2.45,-1.0,0.0,0.0,0.0,-2.11,4.45,-1.0,0.0,0.0,0.0,-2.11,2.45,1.0,0.0,0.0,0.0,-2.11,4.45,1.0,0.0,0.0,0.0,8.69,2.261199999999921,0.4920000000000405,0.0,-0.8200000000000429,-0.19999999999997797,0,0,0,0,0,0,0,0,0,0,0,0,0,0,0,0,0,0,0,0,0,0,0,0,0,0,0,0,0,0,0,0,0,0,0,0,0,0,0,0,0,0,0,0,0,0,0,0,0,0,0,0,0,0,0,0,0,0,0,0,0,0,0,0,0,0,0,0,0,0,0,0,0,0,0,0,0,0,0,0,0,0,0,0,0,0,0,0,0,0,0,0,0,0,0,0,0,0,0,0,0,0,0,0,0,0,0,0,0,0,0,0,0,0,0,0,0,0,0,0,0,0,0,0,0,0,0,0,0,0,0,0,0,0,0,0,0,0,0,0,0,0,0,0,0,0,0,0,0,0,0,0,0,0,0,0,0,0,0,0,0,0,0,0,0,0,0,0,0,0,0,0,0,0,0,0,0,0,0,0,0,0,0,0,0,0,0,0,0,0,0,0,0,0,0,0,0,0,0,0,0,0,0,0,0,0,0,0,0,0
5.001001203,-9.559260000000082,-0.4407399999999973,0.42230999999999497,0.9350000000001302,-0.9349999999999914,0.7409999999999914,0.9799999999999999,-0.9799999999999999,0.7859999999999999,3.8432188528243705,-2.287066426193493,2.1964449674485778,4.99834611274922,0.09105841711474924,-0.09079923918906588,-1.18,2.09,-1.0,0.0,0.0,0.0,-1.18,4.09,-1.0,0.0,0.0,0.0,-1.18,6.09,-1.0,0.0,0.0,0.0,-1.18,2.09,1.0,0.0,0.0,0.0,-1.18,4.09,1.0,0.0,0.0,0.0,-1.18,6.09,1.0,0.0,0.0,0.0,3.57,-3.09,-1.0,0.0,0.0,0.0,3.57,-1.09,-1.0,0.0,0.0,0.0,3.57,-3.09,1.0,0.0,0.0,0.0,3.57,-1.09,1.0,0.0,0.0,0.0,-2.11,2.45,-1.0,0.0,0.0,0.0,-2.11,4.45,-1.0,0.0,0.0,0.0,-2.11,2.45,1.0,0.0,0.0,0.0,-2.11,4.45,1.0,0.0,0.0,0.0,8.69,2.1791999999999168,0.4720000000000427,0.0,-0.8200000000000429,-0.19999999999997797,0,0,0,0,0,0,0,0,0,0,0,0,0,0,0,0,0,0,0,0,0,0,0,0,0,0,0,0,0,0,0,0,0,0,0,0,0,0,0,0,0,0,0,0,0,0,0,0,0,0,0,0,0,0,0,0,0,0,0,0,0,0,0,0,0,0,0,0,0,0,0,0,0,0,0,0,0,0,0,0,0,0,0,0,0,0,0,0,0,0,0,0,0,0,0,0,0,0,0,0,0,0,0,0,0,0,0,0,0,0,0,0,0,0,0,0,0,0,0,0,0,0,0,0,0,0,0,0,0,0,0,0,0,0,0,0,0,0,0,0,0,0,0,0,0,0,0,0,0,0,0,0,0,0,0,0,0,0,0,0,0,0,0,0,0,0,0,0,0,0,0,0,0,0,0,0,0,0,0,0,0,0,0,0,0,0,0,0,0,0,0,0,0,0,0,0,0,0,0,0,0,0,0,0,0,0,0,0,0,0
5.100635732,-9.480860000000066,-0.5191399999999958,0.4851899999999957,0.9800000000002029,-0.9799999999999809,0.7860000000000088,1.071,-1.071,0.8769999999999999,3.9738912239759796,-2.444182464738338,1.8192192497654154,4.997556687232035,0.11286885860536364,-0.10811003033707928,-1.18,2.09,-1.0,0.0,0.0,0.0,-1.18,4.09,-1.0,0.0,0.0,0.0,-1.18,6.09,-1.0,0.0,0.0,0.0,-1.18,2.09,1.0,0.0,0.0,0.0,-1.18,4.09,1.0,0.0,0.0,0.0,-1.18,6.09,1.0,0.0,0.0,0.0,3.57,-3.09,-1.0,0.0,0.0,0.0,3.57,-1.09,-1.0,0.0,0.0,0.0,3.57,-3.09,1.0,0.0,0.0,0.0,3.57,-1.09,1.0,0.0,0.0,0.0,-2.11,2.45,-1.0,0.0,0.0,0.0,-2.11,4.45,-1.0,0.0,0.0,0.0,-2.11,2.45,1.0,0.0,0.0,0.0,-2.11,4.45,1.0,0.0,0.0,0.0,8.69,2.1135999999999133,0.4560000000000445,0.0,-0.8200000000000429,-0.19999999999997797,0,0,0,0,0,0,0,0,0,0,0,0,0,0,0,0,0,0,0,0,0,0,0,0,0,0,0,0,0,0,0,0,0,0,0,0,0,0,0,0,0,0,0,0,0,0,0,0,0,0,0,0,0,0,0,0,0,0,0,0,0,0,0,0,0,0,0,0,0,0,0,0,0,0,0,0,0,0,0,0,0,0,0,0,0,0,0,0,0,0,0,0,0,0,0,0,0,0,0,0,0,0,0,0,0,0,0,0,0,0,0,0,0,0,0,0,0,0,0,0,0,0,0,0,0,0,0,0,0,0,0,0,0,0,0,0,0,0,0,0,0,0,0,0,0,0,0,0,0,0,0,0,0,0,0,0,0,0,0,0,0,0,0,0,0,0,0,0,0,0,0,0,0,0,0,0,0,0,0,0,0,0,0,0,0,0,0,0,0,0,0,0,0,0,0,0,0,0,0,0,0,0,0,0,0,0,0,0,0,0
5.201382226,-9.374397000000101,-0.6256029999999998,0.5722529999999972,1.0709999999996,-1.0710000000000441,0.8770000000000167,1.167,-1.167,0.9729999999999999,4.055252581547954,-2.1443050777921457,1.7047465704533535,4.996508031147103,0.1367101640907145,-0.12734922738987875,-1.18,2.09,-1.0,0.0,0.0,0.0,-1.18,4.09,-1.0,0.0,0.0,0.0,-1.18,6.09,-1.0,0.0,0.0,0.0,-1.18,2.09,1.0,0.0,0.0,0.0,-1.18,4.09,1.0,0.0,0.0,0.0,-1.18,6.09,1.0,0.0,0.0,0.0,3.57,-3.09,-1.0,0.0,0.0,0.0,3.57,-1.09,-1.0,0.0,0.0,0.0,3.57,-3.09,1.0,0.0,0.0,0.0,3.57,-1.09,1.0,0.0,0.0,0.0,-2.11,2.45,-1.0,0.0,0.0,0.0,-2.11,4.45,-1.0,0.0,0.0,0.0,-2.11,2.45,1.0,0.0,0.0,0.0,-2.11,4.45,1.0,0.0,0.0,0.0,8.69,2.031599999999909,0.4360000000000467,0.0,-0.8200000000000429,-0.19999999999997797,0,0,0,0,0,0,0,0,0,0,0,0,0,0,0,0,0,0,0,0,0,0,0,0,0,0,0,0,0,0,0,0,0,0,0,0,0,0,0,0,0,0,0,0,0,0,0,0,0,0,0,0,0,0,0,0,0,0,0,0,0,0,0,0,0,0,0,0,0,0,0,0,0,0,0,0,0,0,0,0,0,0,0,0,0,0,0,0,0,0,0,0,0,0,0,0,0,0,0,0,0,0,0,0,0,0,0,0,0,0,0,0,0,0,0,0,0,0,0,0,0,0,0,0,0,0,0,0,0,0,0,0,0,0,0,0,0,0,0,0,0,0,0,0,0,0,0,0,0,0,0,0,0,0,0,0,0,0,0,0,0,0,0,0,0,0,0,0,0,0,0,0,0,0,0,0,0,0,0,0,0,0,0,0,0,0,0,0,0,0,0,0,0,0,0,0,0,0,0,0,0,0,0,0,0,0,0,0,0,0
5.301073817,-9.281325000000058,-0.7186750000000022,0.6498049999999974,1.1670000000005842,-1.1670000000000293,0.9730000000000019,1.2570000000000001,-1.2570000000000001,0.8829999999999999,4.155824543558806,-2.6606147085266936,0.10311739355000293,4.995131624122966,0.16282801734990726,-0.14881899896366635,-1.18,2.09,-1.0,0.0,0.0,0.0,-1.18,4.09,-1.0,0.0,0.0,0.0,-1.18,6.09,-1.0,0.0,0.0,0.0,-1.18,2.09,1.0,0.0,0.0,0.0,-1.18,4.09,1.0,0.0,0.0,0.0,-1.18,6.09,1.0,0.0,0.0,0.0,3.57,-3.09,-1.0,0.0,0.0,0.0,3.57,-1.09,-1.0,0.0,0.0,0.0,3.57,-3.09,1.0,0.0,0.0,0.0,3.57,-1.09,1.0,0.0,0.0,0.0,-2.11,2.45,-1.0,0.0,0.0,0.0,-2.11,4.45,-1.0,0.0,0.0,0.0,-2.11,2.45,1.0,0.0,0.0,0.0,-2.11,4.45,1.0,0.0,0.0,0.0,8.69,1.9659999999999056,0.42000000000004845,0.0,-0.8200000000000429,-0.19999999999997797,0,0,0,0,0,0,0,0,0,0,0,0,0,0,0,0,0,0,0,0,0,0,0,0,0,0,0,0,0,0,0,0,0,0,0,0,0,0,0,0,0,0,0,0,0,0,0,0,0,0,0,0,0,0,0,0,0,0,0,0,0,0,0,0,0,0,0,0,0,0,0,0,0,0,0,0,0,0,0,0,0,0,0,0,0,0,0,0,0,0,0,0,0,0,0,0,0,0,0,0,0,0,0,0,0,0,0,0,0,0,0,0,0,0,0,0,0,0,0,0,0,0,0,0,0,0,0,0,0,0,0,0,0,0,0,0,0,0,0,0,0,0,0,0,0,0,0,0,0,0,0,0,0,0,0,0,0,0,0,0,0,0,0,0,0,0,0,0,0,0,0,0,0,0,0,0,0,0,0,0,0,0,0,0,0,0,0,0,0,0,0,0,0,0,0,0,0,0,0,0,0,0,0,0,0,0,0,0,0,0
5.402349943,-9.181845000000001,-0.8181549999999993,0.7215249999999952,1.2570000000007298,-1.2569999999999524,0.8829999999999671,1.3310000000000002,-1.3310000000000002,0.9569999999999999,4.246590590489328,-2.4645323827352006,0.9711144190706378,4.993429392153821,0.19032517765887197,-0.17157864763260017,-1.18,2.09,-1.0,0.0,0.0,0.0,-1.18,4.09,-1.0,0.0,0.0,0.0,-1.18,6.09,-1.0,0.0,0.0,0.0,-1.18,2.09,1.0,0.0,0.0,0.0,-1.18,4.09,1.0,0.0,0.0,0.0,-1.18,6.09,1.0,0.0,0.0,0.0,3.57,-3.09,-1.0,0.0,0.0,0.0,3.57,-1.09,-1.0,0.0,0.0,0.0,3.57,-3.09,1.0,0.0,0.0,0.0,3.57,-1.09,1.0,0.0,0.0,0.0,-2.11,2.45,-1.0,0.0,0.0,0.0,-2.11,4.45,-1.0,0.0,0.0,0.0,-2.11,2.45,1.0,0.0,0.0,0.0,-2.11,4.45,1.0,0.0,0.0,0.0,8.69,1.9003999999999022,0.4040000000000502,0.0,-0.8200000000000429,-0.19999999999997797,0,0,0,0,0,0,0,0,0,0,0,0,0,0,0,0,0,0,0,0,0,0,0,0,0,0,0,0,0,0,0,0,0,0,0,0,0,0,0,0,0,0,0,0,0,0,0,0,0,0,0,0,0,0,0,0,0,0,0,0,0,0,0,0,0,0,0,0,0,0,0,0,0,0,0,0,0,0,0,0,0,0,0,0,0,0,0,0,0,0,0,0,0,0,0,0,0,0,0,0,0,0,0,0,0,0,0,0,0,0,0,0,0,0,0,0,0,0,0,0,0,0,0,0,0,0,0,0,0,0,0,0,0,0,0,0,0,0,0,0,0,0,0,0,0,0,0,0,0,0,0,0,0,0,0,0,0,0,0,0,0,0,0,0,0,0,0,0,0,0,0,0,0,0,0,0,0,0,0,0,0,0,0,0,0,0,0,0,0,0,0,0,0,0,0,0,0,0,0,0,0,0,0,0,0,0,0,0,0,0
5.501780514,-9.075808999999966,-0.9241909999999969,0.7976409999999939,1.3310000000004152,-1.330999999999971,0.9569999999999859,1.4130000000000003,-1.4130000000000003,1.039,4.328250575543023,-1.8076103897480973,1.7696442431403563,4.991533738317501,0.2185896318703222,-0.19185805189489852,-1.18,2.09,-1.0,0.0,0.0,0.0,-1.18,4.09,-1.0,0.0,0.0,0.0,-1.18,6.09,-1.0,0.0,0.0,0.0,-1.18,2.09,1.0,0.0,0.0,0.0,-1.18,4.09,1.0,0.0,0.0,0.0,-1.18,6.09,1.0,0.0,0.0,0.0,3.57,-3.09,-1.0,0.0,0.0,0.0,3.57,-1.09,-1.0,0.0,0.0,0.0,3.57,-3.09,1.0,0.0,0.0,0.0,3.57,-1.09,1.0,0.0,0.0,0.0,-2.11,2.45,-1.0,0.0,0.0,0.0,-2.11,4.45,-1.0,0.0,0.0,0.0,-2.11,2.45,1.0,0.0,0.0,0.0,-2.11,4.45,1.0,0.0,0.0,0.0,8.69,1.8347999999998987,0.38800000000005197,0.0,-0.8200000000000429,-0.19999999999997797,0,0,0,0,0,0,0,0,0,0,0,0,0,0,0,0,0,0,0,0,0,0,0,0,0,0,0,0,0,0,0,0,0,0,0,0,0,0,0,0,0,0,0,0,0,0,0,0,0,0,0,0,0,0,0,0,0,0,0,0,0,0,0,0,0,0,0,0,0,0,0,0,0,0,0,0,0,0,0,0,0,0,0,0,0,0,0,0,0,0,0,0,0,0,0,0,0,0,0,0,0,0,0,0,0,0,0,0,0,0,0,0,0,0,0,0,0,0,0,0,0,0,0,0,0,0,0,0,0,0,0,0,0,0,0,0,0,0,0,0,0,0,0,0,0,0,0,0,0,0,0,0,0,0,0,0,0,0,0,0,0,0,0,0,0,0,0,0,0,0,0,0,0,0,0,0,0,0,0,0,0,0,0,0,0,0,0,0,0,0,0,0,0,0,0,0,0,0,0,0,0,0,0,0,0,0,0,0,0,0
5.601128762,-8.935247000000013,-1.0647530000000014,0.9008029999999949,1.4129999999994425,-1.4130000000001086,1.0390000000000121,1.5060000000000002,-1.5060000000000002,0.946,4.400622446898934,-1.9954633469221452,-0.011044643351621142,4.9892489054594105,0.2485219616116205,-0.21361693277637167,-1.18,2.09,-1.0,0.0,0.0,0.0,-1.18,4.09,-1.0,0.0,0.0,0.0,-1.18,6.09,-1.0,0.0,0.0,0.0,-1.18,2.09,1.0,0.0,0.0,0.0,-1.18,4.09,1.0,0.0,0.0,0.0,-1.18,6.09,1.0,0.0,0.0,0.0,3.57,-3.09,-1.0,0.0,0.0,0.0,3.57,-1.09,-1.0,0.0,0.0,0.0,3.57,-3.09,1.0,0.0,0.0,0.0,3.57,-1.09,1.0,0.0,0.0,0.0,-2.11,2.45,-1.0,0.0,0.0,0.0,-2.11,4.45,-1.0,0.0,0.0,0.0,-2.11,2.45,1.0,0.0,0.0,0.0,-2.11,4.45,1.0,0.0,0.0,0.0,8.69,1.7527999999998944,0.3680000000000542,0.0,-0.8200000000000429,-0.19999999999997797,0,0,0,0,0,0,0,0,0,0,0,0,0,0,0,0,0,0,0,0,0,0,0,0,0,0,0,0,0,0,0,0,0,0,0,0,0,0,0,0,0,0,0,0,0,0,0,0,0,0,0,0,0,0,0,0,0,0,0,0,0,0,0,0,0,0,0,0,0,0,0,0,0,0,0,0,0,0,0,0,0,0,0,0,0,0,0,0,0,0,0,0,0,0,0,0,0,0,0,0,0,0,0,0,0,0,0,0,0,0,0,0,0,0,0,0,0,0,0,0,0,0,0,0,0,0,0,0,0,0,0,0,0,0,0,0,0,0,0,0,0,0,0,0,0,0,0,0,0,0,0,0,0,0,0,0,0,0,0,0,0,0,0,0,0,0,0,0,0,0,0,0,0,0,0,0,0,0,0,0,0,0,0,0,0,0,0,0,0,0,0,0,0,0,0,0,0,0,0,0,0,0,0,0,0,0,0,0,0,0
5.70076924,-8.784545000000097,-1.2154550000000026,0.9953009999999952,1.5347999999994144,-1.5348000000000361,0.917200000000007,1.6020000000000003,-1.6020000000000003,0.85,4.484008971327945,-1.8818284302527455,-0.33245062457534935,4.986055328074336,0.28537226458510606,-0.24044736635507907,-1.18,2.09,-1.0,0.0,0.0,0.0,-1.18,4.09,-1.0,0.0,0.0,0.0,-1.18,6.09,-1.0,0.0,0.0,0.0,-1.18,2.09,1.0,0.0,0.0,0.0,-1.18,4.09,1.0,0.0,0.0,0.0,-1.18,6.09,1.0,0.0,0.0,0.0,3.57,-3.09,-1.0,0.0,0.0,0.0,3.57,-1.09,-1.0,0.0,0.0,0.0,3.57,-3.09,1.0,0.0,0.0,0.0,3.57,-1.09,1.0,0.0,0.0,0.0,-2.11,2.45,-1.0,0.0,0.0,0.0,-2.11,4.45,-1.0,0.0,0.0,0.0,-2.11,2.45,1.0,0.0,0.0,0.0,-2.11,4.45,1.0,0.0,0.0,0.0,8.69,1.6707999999998902,0.3480000000000564,0.0,-0.8200000000000429,-0.19999999999997797,0,0,0,0,0,0,0,0,0,0,0,0,0,0,0,0,0,0,0,0,0,0,0,0,0,0,0,0,0,0,0,0,0,0,0,0,0,0,0,0,0,0,0,0,0,0,0,0,0,0,0,0,0,0,0,0,0,0,0,0,0,0,0,0,0,0,0,0,0,0,0,0,0,0,0,0,0,0,0,0,0,0,0,0,0,0,0,0,0,0,0,0,0,0,0,0,0,0,0,0,0,0,0,0,0,0,0,0,0,0,0,0,0,0,0,0,0,0,0,0,0,0,0,0,0,0,0,0,0,0,0,0,0,0,0,0,0,0,0,0,0,0,0,0,0,0,0,0,0,0,0,0,0,0,0,0,0,0,0,0,0,0,0,0,0,0,0,0,0,0,0,0,0,0,0,0,0,0,0,0,0,0,0,0,0,0,0,0,0,0,0,0,0,0,0,0,0,0,0,0,0,0,0,0,0,0,0,0,0,0
5.801774268,-8.623425000000083,-1.3765750000000128,1.079380999999997,1.6940000000005284,-1.6940000000000843,0.7580000000000364,1.6940000000000004,-1.6940000000000004,0.758,4.600777129209227,-1.8201068098166107,0.008153943405856179,4.98238328040408,0.32476753262584634,-0.2652977514077291,-1.18,2.09,-1.0,0.0,0.0,0.0,-1.18,4.09,-1.0,0.0,0.0,0.0,-1.18,6.09,-1.0,0.0,0.0,0.0,-1.18,2.09,1.0,0.0,0.0,0.0,-1.18,4.09,1.0,0.0,0.0,0.0,-1.18,6.09,1.0,0.0,0.0,0.0,3.57,-3.09,-1.0,0.0,0.0,0.0,3.57,-1.09,-1.0,0.0,0.0,0.0,3.57,-3.09,1.0,0.0,0.0,0.0,3.57,-1.09,1.0,0.0,0.0,0.0,-2.11,2.45,-1.0,0.0,0.0,0.0,-2.11,4.45,-1.0,0.0,0.0,0.0,-2.11,2.45,1.0,0.0,0.0,0.0,-2.11,4.45,1.0,0.0,0.0,0.0,8.69,1.6051999999998867,0.33200000000005814,0.0,-0.8200000000000429,-0.19999999999997797,0,0,0,0,0,0,0,0,0,0,0,0,0,0,0,0,0,0,0,0,0,0,0,0,0,0,0,0,0,0,0,0,0,0,0,0,0,0,0,0,0,0,0,0,0,0,0,0,0,0,0,0,0,0,0,0,0,0,0,0,0,0,0,0,0,0,0,0,0,0,0,0,0,0,0,0,0,0,0,0,0,0,0,0,0,0,0,0,0,0,0,0,0,0,0,0,0,0,0,0,0,0,0,0,0,0,0,0,0,0,0,0,0,0,0,0,0,0,0,0,0,0,0,0,0,0,0,0,0,0,0,0,0,0,0,0,0,0,0,0,0,0,0,0,0,0,0,0,0,0,0,0,0,0,0,0,0,0,0,0,0,0,0,0,0,0,0,0,0,0,0,0,0,0,0,0,0,0,0,0,0,0,0,0,0,0,0,0,0,0,0,0,0,0,0,0,0,0,0,0,0,0,0,0,0,0,0,0,0,0
5.901634281,-8.48790500000004,-1.5120950000000195,1.140021,1.6940000000005284,-1.6940000000000843,0.7580000000000364,1.7840000000000005,-1.6040000000000003,0.668,4.67935312058507,-1.3344695205895727,-0.8941686862921623,4.978087937806243,0.36796192982685305,-0.28852123260878176,-1.18,2.09,-1.0,0.0,0.0,0.0,-1.18,4.09,-1.0,0.0,0.0,0.0,-1.18,6.09,-1.0,0.0,0.0,0.0,-1.18,2.09,1.0,0.0,0.0,0.0,-1.18,4.09,1.0,0.0,0.0,0.0,-1.18,6.09,1.0,0.0,0.0,0.0,3.57,-3.09,-1.0,0.0,0.0,0.0,3.57,-1.09,-1.0,0.0,0.0,0.0,3.57,-3.09,1.0,0.0,0.0,0.0,3.57,-1.09,1.0,0.0,0.0,0.0,-2.11,2.45,-1.0,0.0,0.0,0.0,-2.11,4.45,-1.0,0.0,0.0,0.0,-2.11,2.45,1.0,0.0,0.0,0.0,-2.11,4.45,1.0,0.0,0.0,0.0,8.69,1.5231999999998824,0.31200000000006034,0.0,-0.8200000000000429,-0.19999999999997797,0,0,0,0,0,0,0,0,0,0,0,0,0,0,0,0,0,0,0,0,0,0,0,0,0,0,0,0,0,0,0,0,0,0,0,0,0,0,0,0,0,0,0,0,0,0,0,0,0,0,0,0,0,0,0,0,0,0,0,0,0,0,0,0,0,0,0,0,0,0,0,0,0,0,0,0,0,0,0,0,0,0,0,0,0,0,0,0,0,0,0,0,0,0,0,0,0,0,0,0,0,0,0,0,0,0,0,0,0,0,0,0,0,0,0,0,0,0,0,0,0,0,0,0,0,0,0,0,0,0,0,0,0,0,0,0,0,0,0,0,0,0,0,0,0,0,0,0,0,0,0,0,0,0,0,0,0,0,0,0,0,0,0,0,0,0,0,0,0,0,0,0,0,0,0,0,0,0,0,0,0,0,0,0,0,0,0,0,0,0,0,0,0,0,0,0,0,0,0,0,0,0,0,0,0,0,0,0,0,0
6.000976325,-8.345184999999987,-1.6404150000000146,1.1934609999999912,1.784000000000674,-1.6039999999999388,0.6679999999998909,1.8710000000000004,-1.5170000000000003,0.5810000000000001,4.772642092979202,1.04355616402911,-0.7708945745340205,4.97346359139322,0.411483326411345,-0.30877399043880904,-1.18,2.09,-1.0,0.0,0.0,0.0,-1.18,4.09,-1.0,0.0,0.0,0.0,-1.18,6.09,-1.0,0.0,0.0,0.0,-1.18,2.09,1.0,0.0,0.0,0.0,-1.18,4.09,1.0,0.0,0.0,0.0,-1.18,6.09,1.0,0.0,0.0,0.0,3.57,-3.09,-1.0,0.0,0.0,0.0,3.57,-1.09,-1.0,0.0,0.0,0.0,3.57,-3.09,1.0,0.0,0.0,0.0,3.57,-1.09,1.0,0.0,0.0,0.0,-2.11,2.45,-1.0,0.0,0.0,0.0,-2.11,4.45,-1.0,0.0,0.0,0.0,-2.11,2.45,1.0,0.0,0.0,0.0,-2.11,4.45,1.0,0.0,0.0,0.0,8.69,1.457599999999879,0.2960000000000621,0.0,-0.8200000000000429,-0.19999999999997797,0,0,0,0,0,0,0,0,0,0,0,0,0,0,0,0,0,0,0,0,0,0,0,0,0,0,0,0,0,0,0,0,0,0,0,0,0,0,0,0,0,0,0,0,0,0,0,0,0,0,0,0,0,0,0,0,0,0,0,0,0,0,0,0,0,0,0,0,0,0,0,0,0,0,0,0,0,0,0,0,0,0,0,0,0,0,0,0,0,0,0,0,0,0,0,0,0,0,0,0,0,0,0,0,0,0,0,0,0,0,0,0,0,0,0,0,0,0,0,0,0,0,0,0,0,0,0,0,0,0,0,0,0,0,0,0,0,0,0,0,0,0,0,0,0,0,0,0,0,0,0,0,0,0,0,0,0,0,0,0,0,0,0,0,0,0,0,0,0,0,0,0,0,0,0,0,0,0,0,0,0,0,0,0,0,0,0,0,0,0,0,0,0,0,0,0,0,0,0,0,0,0,0,0,0,0,0,0,0,0
6.100619792,-8.158607000000028,-1.7926370000000134,1.2520829999999852,1.870999999999512,-1.5169999999999906,0.5809999999999427,1.9660000000000004,-1.4220000000000004,0.4860000000000001,4.862948508210637,0.9690267637514198,-0.10479100784250095,4.968897601544382,0.4512658145388172,-0.3262143313760266,-1.18,2.09,-1.0,0.0,0.0,0.0,-1.18,4.09,-1.0,0.0,0.0,0.0,-1.18,6.09,-1.0,0.0,0.0,0.0,-1.18,2.09,1.0,0.0,0.0,0.0,-1.18,4.09,1.0,0.0,0.0,0.0,-1.18,6.09,1.0,0.0,0.0,0.0,3.57,-3.09,-1.0,0.0,0.0,0.0,3.57,-1.09,-1.0,0.0,0.0,0.0,3.57,-3.09,1.0,0.0,0.0,0.0,3.57,-1.09,1.0,0.0,0.0,0.0,-2.11,2.45,-1.0,0.0,0.0,0.0,-2.11,4.45,-1.0,0.0,0.0,0.0,-2.11,2.45,1.0,0.0,0.0,0.0,-2.11,4.45,1.0,0.0,0.0,0.0,8.69,1.3755999999998747,0.2760000000000643,0.0,-0.8200000000000429,-0.19999999999997797,0,0,0,0,0,0,0,0,0,0,0,0,0,0,0,0,0,0,0,0,0,0,0,0,0,0,0,0,0,0,0,0,0,0,0,0,0,0,0,0,0,0,0,0,0,0,0,0,0,0,0,0,0,0,0,0,0,0,0,0,0,0,0,0,0,0,0,0,0,0,0,0,0,0,0,0,0,0,0,0,0,0,0,0,0,0,0,0,0,0,0,0,0,0,0,0,0,0,0,0,0,0,0,0,0,0,0,0,0,0,0,0,0,0,0,0,0,0,0,0,0,0,0,0,0,0,0,0,0,0,0,0,0,0,0,0,0,0,0,0,0,0,0,0,0,0,0,0,0,0,0,0,0,0,0,0,0,0,0,0,0,0,0,0,0,0,0,0,0,0,0,0,0,0,0,0,0,0,0,0,0,0,0,0,0,0,0,0,0,0,0,0,0,0,0,0,0,0,0,0,0,0,0,0,0,0,0,0,0,0
6.200502488,-7.9616450000000665,-1.9344750000000168,1.3003209999999839,2.0212000000000785,-1.3668000000000458,0.43079999999999785,2.0580000000000003,-1.3300000000000003,0.39400000000000013,4.890328949221938,0.9878917774888398,-0.28993499719290927,4.963586675526216,0.49445626017710853,-0.3439772104519102,-1.18,2.09,-1.0,0.0,0.0,0.0,-1.18,4.09,-1.0,0.0,0.0,0.0,-1.18,6.09,-1.0,0.0,0.0,0.0,-1.18,2.09,1.0,0.0,0.0,0.0,-1.18,4.09,1.0,0.0,0.0,0.0,-1.18,6.09,1.0,0.0,0.0,0.0,3.57,-3.09,-1.0,0.0,0.0,0.0,3.57,-1.09,-1.0,0.0,0.0,0.0,3.57,-3.09,1.0,0.0,0.0,0.0,3.57,-1.09,1.0,0.0,0.0,0.0,-2.11,2.45,-1.0,0.0,0.0,0.0,-2.11,4.45,-1.0,0.0,0.0,0.0,-2.11,2.45,1.0,0.0,0.0,0.0,-2.11,4.45,1.0,0.0,0.0,0.0,8.69,1.2935999999998704,0.2560000000000665,0.0,-0.8200000000000429,-0.19999999999997797,0,0,0,0,0,0,0,0,0,0,0,0,0,0,0,0,0,0,0,0,0,0,0,0,0,0,0,0,0,0,0,0,0,0,0,0,0,0,0,0,0,0,0,0,0,0,0,0,0,0,0,0,0,0,0,0,0,0,0,0,0,0,0,0,0,0,0,0,0,0,0,0,0,0,0,0,0,0,0,0,0,0,0,0,0,0,0,0,0,0,0,0,0,0,0,0,0,0,0,0,0,0,0,0,0,0,0,0,0,0,0,0,0,0,0,0,0,0,0,0,0,0,0,0,0,0,0,0,0,0,0,0,0,0,0,0,0,0,0,0,0,0,0,0,0,0,0,0,0,0,0,0,0,0,0,0,0,0,0,0,0,0,0,0,0,0,0,0,0,0,0,0,0,0,0,0,0,0,0,0,0,0,0,0,0,0,0,0,0,0,0,0,0,0,0,0,0,0,0,0,0,0,0,0,0,0,0,0,0,0
6.305042673,-7.797005000000075,-2.0408750000000144,1.3318409999999843,2.0579999999998932,-1.3299999999998313,0.39400000000000546,2.1540000000000004,-1.2340000000000002,0.4900000000000001,4.963647890726941,0.49005363948999126,0.5475550176301716,4.9582552912550035,0.5352911289914187,-0.3593993238235943,-1.18,2.09,-1.0,0.0,0.0,0.0,-1.18,4.09,-1.0,0.0,0.0,0.0,-1.18,6.09,-1.0,0.0,0.0,0.0,-1.18,2.09,1.0,0.0,0.0,0.0,-1.18,4.09,1.0,0.0,0.0,0.0,-1.18,6.09,1.0,0.0,0.0,0.0,3.57,-3.09,-1.0,0.0,0.0,0.0,3.57,-1.09,-1.0,0.0,0.0,0.0,3.57,-3.09,1.0,0.0,0.0,0.0,3.57,-1.09,1.0,0.0,0.0,0.0,-2.11,2.45,-1.0,0.0,0.0,0.0,-2.11,4.45,-1.0,0.0,0.0,0.0,-2.11,2.45,1.0,0.0,0.0,0.0,-2.11,4.45,1.0,0.0,0.0,0.0,8.69,1.227999999999867,0.24000000000006688,0.0,-0.8200000000000429,-0.20000000000000573,0,0,0,0,0,0,0,0,0,0,0,0,0,0,0,0,0,0,0,0,0,0,0,0,0,0,0,0,0,0,0,0,0,0,0,0,0,0,0,0,0,0,0,0,0,0,0,0,0,0,0,0,0,0,0,0,0,0,0,0,0,0,0,0,0,0,0,0,0,0,0,0,0,0,0,0,0,0,0,0,0,0,0,0,0,0,0,0,0,0,0,0,0,0,0,0,0,0,0,0,0,0,0,0,0,0,0,0,0,0,0,0,0,0,0,0,0,0,0,0,0,0,0,0,0,0,0,0,0,0,0,0,0,0,0,0,0,0,0,0,0,0,0,0,0,0,0,0,0,0,0,0,0,0,0,0,0,0,0,0,0,0,0,0,0,0,0,0,0,0,0,0,0,0,0,0,0,0,0,0,0,0,0,0,0,0,0,0,0,0,0,0,0,0,0,0,0,0,0,0,0,0,0,0,0,0,0,0,0,0
6.407108661,-7.625549000000077,-2.1404590000000256,1.3701769999999915,2.1539999999999893,-1.2340000000001794,0.49000000000010147,2.2410000000000005,-1.1470000000000002,0.5586939921556198,4.9800274146143355,0.22681668078711237,0.5586939921556198,4.953329049605567,0.5711423956490578,-0.3719243071188933,-1.18,2.09,-1.0,0.0,0.0,0.0,-1.18,4.09,-1.0,0.0,0.0,0.0,-1.18,6.09,-1.0,0.0,0.0,0.0,-1.18,2.09,1.0,0.0,0.0,0.0,-1.18,4.09,1.0,0.0,0.0,0.0,-1.18,6.09,1.0,0.0,0.0,0.0,3.57,-3.09,-1.0,0.0,0.0,0.0,3.57,-1.09,-1.0,0.0,0.0,0.0,3.57,-3.09,1.0,0.0,0.0,0.0,3.57,-1.09,1.0,0.0,0.0,0.0,-2.11,2.45,-1.0,0.0,0.0,0.0,-2.11,4.45,-1.0,0.0,0.0,0.0,-2.11,2.45,1.0,0.0,0.0,0.0,-2.11,4.45,1.0,0.0,0.0,0.0,8.69,1.1623999999998635,0.22400000000006642,0.0,-0.8200000000000429,-0.20000000000000573,0,0,0,0,0,0,0,0,0,0,0,0,0,0,0,0,0,0,0,0,0,0,0,0,0,0,0,0,0,0,0,0,0,0,0,0,0,0,0,0,0,0,0,0,0,0,0,0,0,0,0,0,0,0,0,0,0,0,0,0,0,0,0,0,0,0,0,0,0,0,0,0,0,0,0,0,0,0,0,0,0,0,0,0,0,0,0,0,0,0,0,0,0,0,0,0,0,0,0,0,0,0,0,0,0,0,0,0,0,0,0,0,0,0,0,0,0,0,0,0,0,0,0,0,0,0,0,0,0,0,0,0,0,0,0,0,0,0,0,0,0,0,0,0,0,0,0,0,0,0,0,0,0,0,0,0,0,0,0,0,0,0,0,0,0,0,0,0,0,0,0,0,0,0,0,0,0,0,0,0,0,0,0,0,0,0,0,0,0,0,0,0,0,0,0,0,0,0,0,0,0,0,0,0,0,0,0,0,0,0
6.501066012,-7.402841000000101,-2.2565510000000293,1.4249472953410618,2.2409999999997154,-1.1470000000000091,0.5586939921555789,2.3260000000000005,-1.0620000000000003,0.6224255806112979,4.988511261751028,-0.026310974957343802,0.6224255806112979,4.947531583980782,0.609162674128874,-0.38839678417923873,-1.18,2.09,-1.0,0.0,0.0,0.0,-1.18,4.09,-1.0,0.0,0.0,0.0,-1.18,6.09,-1.0,0.0,0.0,0.0,-1.18,2.09,1.0,0.0,0.0,0.0,-1.18,4.09,1.0,0.0,0.0,0.0,-1.18,6.09,1.0,0.0,0.0,0.0,3.57,-3.09,-1.0,0.0,0.0,0.0,3.57,-1.09,-1.0,0.0,0.0,0.0,3.57,-3.09,1.0,0.0,0.0,0.0,3.57,-1.09,1.0,0.0,0.0,0.0,-2.11,2.45,-1.0,0.0,0.0,0.0,-2.11,4.45,-1.0,0.0,0.0,0.0,-2.11,2.45,1.0,0.0,0.0,0.0,-2.11,4.45,1.0,0.0,0.0,0.0,8.69,1.0803999999998593,0.20400000000006585,0.0,-0.8200000000000429,-0.20000000000000573,0,0,0,0,0,0,0,0,0,0,0,0,0,0,0,0,0,0,0,0,0,0,0,0,0,0,0,0,0,0,0,0,0,0,0,0,0,0,0,0,0,0,0,0,0,0,0,0,0,0,0,0,0,0,0,0,0,0,0,0,0,0,0,0,0,0,0,0,0,0,0,0,0,0,0,0,0,0,0,0,0,0,0,0,0,0,0,0,0,0,0,0,0,0,0,0,0,0,0,0,0,0,0,0,0,0,0,0,0,0,0,0,0,0,0,0,0,0,0,0,0,0,0,0,0,0,0,0,0,0,0,0,0,0,0,0,0,0,0,0,0,0,0,0,0,0,0,0,0,0,0,0,0,0,0,0,0,0,0,0,0,0,0,0,0,0,0,0,0,0,0,0,0,0,0,0,0,0,0,0,0,0,0,0,0,0,0,0,0,0,0,0,0,0,0,0,0,0,0,0,0,0,0,0,0,0,0,0,0,0
6.600876492,-7.216692000000097,-2.3414420000000384,1.4745236102015113,2.341400000000071,-1.0466000000000975,0.6070255806112979,2.4030000000000005,-0.9850000000000003,0.545425580611298,4.949339806546012,0.2817610435416773,0.499861086653246,4.942080843463657,0.6416358908892446,-0.40514234559265405,-1.18,2.09,-1.0,0.0,0.0,0.0,-1.18,4.09,-1.0,0.0,0.0,0.0,-1.18,6.09,-1.0,0.0,0.0,0.0,-1.18,2.09,1.0,0.0,0.0,0.0,-1.18,4.09,1.0,0.0,0.0,0.0,-1.18,6.09,1.0,0.0,0.0,0.0,3.57,-3.09,-1.0,0.0,0.0,0.0,3.57,-1.09,-1.0,0.0,0.0,0.0,3.57,-3.09,1.0,0.0,0.0,0.0,3.57,-1.09,1.0,0.0,0.0,0.0,-2.11,2.45,-1.0,0.0,0.0,0.0,-2.11,4.45,-1.0,0.0,0.0,0.0,-2.11,2.45,1.0,0.0,0.0,0.0,-2.11,4.45,1.0,0.0,0.0,0.0,8.69,1.0147999999998558,0.1880000000000654,0.0,-0.8200000000000429,-0.20000000000000573,0,0,0,0,0,0,0,0,0,0,0,0,0,0,0,0,0,0,0,0,0,0,0,0,0,0,0,0,0,0,0,0,0,0,0,0,0,0,0,0,0,0,0,0,0,0,0,0,0,0,0,0,0,0,0,0,0,0,0,0,0,0,0,0,0,0,0,0,0,0,0,0,0,0,0,0,0,0,0,0,0,0,0,0,0,0,0,0,0,0,0,0,0,0,0,0,0,0,0,0,0,0,0,0,0,0,0,0,0,0,0,0,0,0,0,0,0,0,0,0,0,0,0,0,0,0,0,0,0,0,0,0,0,0,0,0,0,0,0,0,0,0,0,0,0,0,0,0,0,0,0,0,0,0,0,0,0,0,0,0,0,0,0,0,0,0,0,0,0,0,0,0,0,0,0,0,0,0,0,0,0,0,0,0,0,0,0,0,0,0,0,0,0,0,0,0,0,0,0,0,0,0,0,0,0,0,0,0,0,0
6.700965388,-7.0244520000000845,-2.4202420000000395,1.5181576566504085,2.403000000000155,-0.9850000000000136,0.545425580611214,2.4870000000000005,-0.9010000000000004,0.46142558061129796,4.788193293833942,1.2239645991081867,-0.6095628573158587,4.936103640005769,0.6743141999593055,-0.4244775787424373,-1.18,2.09,-1.0,0.0,0.0,0.0,-1.18,4.09,-1.0,0.0,0.0,0.0,-1.18,6.09,-1.0,0.0,0.0,0.0,-1.18,2.09,1.0,0.0,0.0,0.0,-1.18,4.09,1.0,0.0,0.0,0.0,-1.18,6.09,1.0,0.0,0.0,0.0,3.57,-3.09,-1.0,0.0,0.0,0.0,3.57,-1.09,-1.0,0.0,0.0,0.0,3.57,-3.09,1.0,0.0,0.0,0.0,3.57,-1.09,1.0,0.0,0.0,0.0,-2.11,2.45,-1.0,0.0,0.0,0.0,-2.11,4.45,-1.0,0.0,0.0,0.0,-2.11,2.45,1.0,0.0,0.0,0.0,-2.11,4.45,1.0,0.0,0.0,0.0,8.69,0.9491999999998524,0.17200000000006493,0.0,-0.8200000000000429,-0.20000000000000573,0,0,0,0,0,0,0,0,0,0,0,0,0,0,0,0,0,0,0,0,0,0,0,0,0,0,0,0,0,0,0,0,0,0,0,0,0,0,0,0,0,0,0,0,0,0,0,0,0,0,0,0,0,0,0,0,0,0,0,0,0,0,0,0,0,0,0,0,0,0,0,0,0,0,0,0,0,0,0,0,0,0,0,0,0,0,0,0,0,0,0,0,0,0,0,0,0,0,0,0,0,0,0,0,0,0,0,0,0,0,0,0,0,0,0,0,0,0,0,0,0,0,0,0,0,0,0,0,0,0,0,0,0,0,0,0,0,0,0,0,0,0,0,0,0,0,0,0,0,0,0,0,0,0,0,0,0,0,0,0,0,0,0,0,0,0,0,0,0,0,0,0,0,0,0,0,0,0,0,0,0,0,0,0,0,0,0,0,0,0,0,0,0,0,0,0,0,0,0,0,0,0,0,0,0,0,0,0,0,0
6.80108627,-6.875484000000064,-2.4745540000000292,1.5460951914870829,2.48700000000035,-0.9009999999998186,0.46142558061124106,2.4870000000000005,-0.9010000000000004,0.46142558061129796,4.788193293833942,1.2239645991081867,-0.6095628573158587,4.930431714971757,0.7042259408086337,-0.4414849128711573,-1.18,2.09,-1.0,0.0,0.0,0.0,-1.18,4.09,-1.0,0.0,0.0,0.0,-1.18,6.09,-1.0,0.0,0.0,0.0,-1.18,2.09,1.0,0.0,0.0,0.0,-1.18,4.09,1.0,0.0,0.0,0.0,-1.18,6.09,1.0,0.0,0.0,0.0,3.57,-3.09,-1.0,0.0,0.0,0.0,3.57,-1.09,-1.0,0.0,0.0,0.0,3.57,-3.09,1.0,0.0,0.0,0.0,3.57,-1.09,1.0,0.0,0.0,0.0,-2.11,2.45,-1.0,0.0,0.0,0.0,-2.11,4.45,-1.0,0.0,0.0,0.0,-2.11,2.45,1.0,0.0,0.0,0.0,-2.11,4.45,1.0,0.0,0.0,0.0,8.69,0.8999999999998498,0.1600000000000646,0.0,-0.8200000000000429,-0.20000000000000573,0,0,0,0,0,0,0,0,0,0,0,0,0,0,0,0,0,0,0,0,0,0,0,0,0,0,0,0,0,0,0,0,0,0,0,0,0,0,0,0,0,0,0,0,0,0,0,0,0,0,0,0,0,0,0,0,0,0,0,0,0,0,0,0,0,0,0,0,0,0,0,0,0,0,0,0,0,0,0,0,0,0,0,0,0,0,0,0,0,0,0,0,0,0,0,0,0,0,0,0,0,0,0,0,0,0,0,0,0,0,0,0,0,0,0,0,0,0,0,0,0,0,0,0,0,0,0,0,0,0,0,0,0,0,0,0,0,0,0,0,0,0,0,0,0,0,0,0,0,0,0,0,0,0,0,0,0,0,0,0,0,0,0,0,0,0,0,0,0,0,0,0,0,0,0,0,0,0,0,0,0,0,0,0,0,0,0,0,0,0,0,0,0,0,0,0,0,0,0,0,0,0,0,0,0,0,0,0,0,0
6.901589684,-6.723459000000061,-2.525809000000022,1.570975726323761,2.5719999999997967,-0.8159999999999279,0.37642558061135034,2.6140000000000003,-0.7740000000000004,0.3470380994320692,4.859783883569394,1.143040955278647,0.3470380994320692,4.925474384845417,0.72966220033609,-0.4552967797298314,-1.18,2.09,-1.0,0.0,0.0,0.0,-1.18,4.09,-1.0,0.0,0.0,0.0,-1.18,6.09,-1.0,0.0,0.0,0.0,-1.18,2.09,1.0,0.0,0.0,0.0,-1.18,4.09,1.0,0.0,0.0,0.0,-1.18,6.09,1.0,0.0,0.0,0.0,3.57,-3.09,-1.0,0.0,0.0,0.0,3.57,-1.09,-1.0,0.0,0.0,0.0,3.57,-3.09,1.0,0.0,0.0,0.0,3.57,-1.09,1.0,0.0,0.0,0.0,-2.11,2.45,-1.0,0.0,0.0,0.0,-2.11,4.45,-1.0,0.0,0.0,0.0,-2.11,2.45,1.0,0.0,0.0,0.0,-2.11,4.45,1.0,0.0,0.0,0.0,8.69,0.8507999999998472,0.14800000000006425,0.0,-0.8200000000000429,-0.20000000000000573,0,0,0,0,0,0,0,0,0,0,0,0,0,0,0,0,0,0,0,0,0,0,0,0,0,0,0,0,0,0,0,0,0,0,0,0,0,0,0,0,0,0,0,0,0,0,0,0,0,0,0,0,0,0,0,0,0,0,0,0,0,0,0,0,0,0,0,0,0,0,0,0,0,0,0,0,0,0,0,0,0,0,0,0,0,0,0,0,0,0,0,0,0,0,0,0,0,0,0,0,0,0,0,0,0,0,0,0,0,0,0,0,0,0,0,0,0,0,0,0,0,0,0,0,0,0,0,0,0,0,0,0,0,0,0,0,0,0,0,0,0,0,0,0,0,0,0,0,0,0,0,0,0,0,0,0,0,0,0,0,0,0,0,0,0,0,0,0,0,0,0,0,0,0,0,0,0,0,0,0,0,0,0,0,0,0,0,0,0,0,0,0,0,0,0,0,0,0,0,0,0,0,0,0,0,0,0,0,0,0
7.002624666,-6.514675000000039,-2.588065000000009,1.5989738741277666,2.6140000000003383,-0.7739999999998304,0.3470380994321509,2.692,-0.6960000000000004,0.3755018230249152,4.996040933228132,0.3784027521965583,0.3755018230249152,4.922065399515155,0.7468860899764974,-0.46414800602322936,-1.18,2.09,-1.0,0.0,0.0,0.0,-1.18,4.09,-1.0,0.0,0.0,0.0,-1.18,6.09,-1.0,0.0,0.0,0.0,-1.18,2.09,1.0,0.0,0.0,0.0,-1.18,4.09,1.0,0.0,0.0,0.0,-1.18,6.09,1.0,0.0,0.0,0.0,3.57,-3.09,-1.0,0.0,0.0,0.0,3.57,-1.09,-1.0,0.0,0.0,0.0,3.57,-3.09,1.0,0.0,0.0,0.0,3.57,-1.09,1.0,0.0,0.0,0.0,-2.11,2.45,-1.0,0.0,0.0,0.0,-2.11,4.45,-1.0,0.0,0.0,0.0,-2.11,2.45,1.0,0.0,0.0,0.0,-2.11,4.45,1.0,0.0,0.0,0.0,8.69,0.7851999999998438,0.1320000000000638,0.0,-0.8200000000000429,-0.20000000000000573,0,0,0,0,0,0,0,0,0,0,0,0,0,0,0,0,0,0,0,0,0,0,0,0,0,0,0,0,0,0,0,0,0,0,0,0,0,0,0,0,0,0,0,0,0,0,0,0,0,0,0,0,0,0,0,0,0,0,0,0,0,0,0,0,0,0,0,0,0,0,0,0,0,0,0,0,0,0,0,0,0,0,0,0,0,0,0,0,0,0,0,0,0,0,0,0,0,0,0,0,0,0,0,0,0,0,0,0,0,0,0,0,0,0,0,0,0,0,0,0,0,0,0,0,0,0,0,0,0,0,0,0,0,0,0,0,0,0,0,0,0,0,0,0,0,0,0,0,0,0,0,0,0,0,0,0,0,0,0,0,0,0,0,0,0,0,0,0,0,0,0,0,0,0,0,0,0,0,0,0,0,0,0,0,0,0,0,0,0,0,0,0,0,0,0,0,0,0,0,0,0,0,0,0,0,0,0,0,0,0
7.100734966,-6.300095000000057,-2.6445250000000096,1.628729382733833,2.6919999999996946,-0.6960000000000299,0.3755018230249263,2.7710000000000004,-0.6170000000000004,0.4545018230249152,4.960023867710641,0.668515756443063,0.5828639274126002,4.916339687408767,0.7750320408215227,-0.4784656870763935,-1.18,2.09,-1.0,0.0,0.0,0.0,-1.18,4.09,-1.0,0.0,0.0,0.0,-1.18,6.09,-1.0,0.0,0.0,0.0,-1.18,2.09,1.0,0.0,0.0,0.0,-1.18,4.09,1.0,0.0,0.0,0.0,-1.18,6.09,1.0,0.0,0.0,0.0,3.57,-3.09,-1.0,0.0,0.0,0.0,3.57,-1.09,-1.0,0.0,0.0,0.0,3.57,-3.09,1.0,0.0,0.0,0.0,3.57,-1.09,1.0,0.0,0.0,0.0,-2.11,2.45,-1.0,0.0,0.0,0.0,-2.11,4.45,-1.0,0.0,0.0,0.0,-2.11,2.45,1.0,0.0,0.0,0.0,-2.11,4.45,1.0,0.0,0.0,0.0,8.69,0.7195999999998404,0.11600000000006333,0.0,-0.8200000000000429,-0.20000000000000573,0,0,0,0,0,0,0,0,0,0,0,0,0,0,0,0,0,0,0,0,0,0,0,0,0,0,0,0,0,0,0,0,0,0,0,0,0,0,0,0,0,0,0,0,0,0,0,0,0,0,0,0,0,0,0,0,0,0,0,0,0,0,0,0,0,0,0,0,0,0,0,0,0,0,0,0,0,0,0,0,0,0,0,0,0,0,0,0,0,0,0,0,0,0,0,0,0,0,0,0,0,0,0,0,0,0,0,0,0,0,0,0,0,0,0,0,0,0,0,0,0,0,0,0,0,0,0,0,0,0,0,0,0,0,0,0,0,0,0,0,0,0,0,0,0,0,0,0,0,0,0,0,0,0,0,0,0,0,0,0,0,0,0,0,0,0,0,0,0,0,0,0,0,0,0,0,0,0,0,0,0,0,0,0,0,0,0,0,0,0,0,0,0,0,0,0,0,0,0,0,0,0,0,0,0,0,0,0,0,0
7.200925821,-6.079126000000054,-2.694596000000016,1.6643785285758228,2.771000000000079,-0.6170000000000897,0.4545018230248665,2.849,-0.5390000000000005,0.3765018230249152,4.761508317220132,1.3338636289393508,0.374669092134976,4.910695699721438,0.8010137636515664,-0.49340115036158594,-1.18,2.09,-1.0,0.0,0.0,0.0,-1.18,4.09,-1.0,0.0,0.0,0.0,-1.18,6.09,-1.0,0.0,0.0,0.0,-1.18,2.09,1.0,0.0,0.0,0.0,-1.18,4.09,1.0,0.0,0.0,0.0,-1.18,6.09,1.0,0.0,0.0,0.0,3.57,-3.09,-1.0,0.0,0.0,0.0,3.57,-1.09,-1.0,0.0,0.0,0.0,3.57,-3.09,1.0,0.0,0.0,0.0,3.57,-1.09,1.0,0.0,0.0,0.0,-2.11,2.45,-1.0,0.0,0.0,0.0,-2.11,4.45,-1.0,0.0,0.0,0.0,-2.11,2.45,1.0,0.0,0.0,0.0,-2.11,4.45,1.0,0.0,0.0,0.0,8.69,0.6539999999998369,0.10000000000006287,0.0,-0.8200000000000429,-0.20000000000000573,0,0,0,0,0,0,0,0,0,0,0,0,0,0,0,0,0,0,0,0,0,0,0,0,0,0,0,0,0,0,0,0,0,0,0,0,0,0,0,0,0,0,0,0,0,0,0,0,0,0,0,0,0,0,0,0,0,0,0,0,0,0,0,0,0,0,0,0,0,0,0,0,0,0,0,0,0,0,0,0,0,0,0,0,0,0,0,0,0,0,0,0,0,0,0,0,0,0,0,0,0,0,0,0,0,0,0,0,0,0,0,0,0,0,0,0,0,0,0,0,0,0,0,0,0,0,0,0,0,0,0,0,0,0,0,0,0,0,0,0,0,0,0,0,0,0,0,0,0,0,0,0,0,0,0,0,0,0,0,0,0,0,0,0,0,0,0,0,0,0,0,0,0,0,0,0,0,0,0,0,0,0,0,0,0,0,0,0,0,0,0,0,0,0,0,0,0,0,0,0,0,0,0,0,0,0,0,0,0,0
7.301517711,-5.851518000000029,-2.738028000000005,1.6948106744178104,2.8490000000003235,-0.5389999999998452,0.37650182302484403,2.939,-0.4490000000000005,0.35865809439991647,4.76592725118131,1.4762858421423957,0.35865809439991647,4.904514150173053,0.8272696357795006,-0.5112395724800144,-1.18,2.09,-1.0,0.0,0.0,0.0,-1.18,4.09,-1.0,0.0,0.0,0.0,-1.18,6.09,-1.0,0.0,0.0,0.0,-1.18,2.09,1.0,0.0,0.0,0.0,-1.18,4.09,1.0,0.0,0.0,0.0,-1.18,6.09,1.0,0.0,0.0,0.0,3.57,-3.09,-1.0,0.0,0.0,0.0,3.57,-1.09,-1.0,0.0,0.0,0.0,3.57,-3.09,1.0,0.0,0.0,0.0,3.57,-1.09,1.0,0.0,0.0,0.0,-2.11,2.45,-1.0,0.0,0.0,0.0,-2.11,4.45,-1.0,0.0,0.0,0.0,-2.11,2.45,1.0,0.0,0.0,0.0,-2.11,4.45,1.0,0.0,0.0,0.0,8.69,0.5883999999998335,0.08400000000006241,0.0,-0.8200000000000429,-0.20000000000000573,0,0,0,0,0,0,0,0,0,0,0,0,0,0,0,0,0,0,0,0,0,0,0,0,0,0,0,0,0,0,0,0,0,0,0,0,0,0,0,0,0,0,0,0,0,0,0,0,0,0,0,0,0,0,0,0,0,0,0,0,0,0,0,0,0,0,0,0,0,0,0,0,0,0,0,0,0,0,0,0,0,0,0,0,0,0,0,0,0,0,0,0,0,0,0,0,0,0,0,0,0,0,0,0,0,0,0,0,0,0,0,0,0,0,0,0,0,0,0,0,0,0,0,0,0,0,0,0,0,0,0,0,0,0,0,0,0,0,0,0,0,0,0,0,0,0,0,0,0,0,0,0,0,0,0,0,0,0,0,0,0,0,0,0,0,0,0,0,0,0,0,0,0,0,0,0,0,0,0,0,0,0,0,0,0,0,0,0,0,0,0,0,0,0,0,0,0,0,0,0,0,0,0,0,0,0,0,0,0,0
7.404226969,-5.617658000000052,-2.775208000000012,1.7237531341705545,2.938999999999581,-0.44900000000014373,0.358658094399944,3.007,-0.3810000000000005,0.4266580943999165,4.977821833830756,0.22716515344468569,0.460419572078262,4.898514763573315,0.8520774083012982,-0.5277472892557693,-1.18,2.09,-1.0,0.0,0.0,0.0,-1.18,4.09,-1.0,0.0,0.0,0.0,-1.18,6.09,-1.0,0.0,0.0,0.0,-1.18,2.09,1.0,0.0,0.0,0.0,-1.18,4.09,1.0,0.0,0.0,0.0,-1.18,6.09,1.0,0.0,0.0,0.0,3.57,-3.09,-1.0,0.0,0.0,0.0,3.57,-1.09,-1.0,0.0,0.0,0.0,3.57,-3.09,1.0,0.0,0.0,0.0,3.57,-1.09,1.0,0.0,0.0,0.0,-2.11,2.45,-1.0,0.0,0.0,0.0,-2.11,4.45,-1.0,0.0,0.0,0.0,-2.11,2.45,1.0,0.0,0.0,0.0,-2.11,4.45,1.0,0.0,0.0,0.0,8.69,0.5227999999998301,0.06800000000006196,0.0,-0.8200000000000429,-0.20000000000000573,0,0,0,0,0,0,0,0,0,0,0,0,0,0,0,0,0,0,0,0,0,0,0,0,0,0,0,0,0,0,0,0,0,0,0,0,0,0,0,0,0,0,0,0,0,0,0,0,0,0,0,0,0,0,0,0,0,0,0,0,0,0,0,0,0,0,0,0,0,0,0,0,0,0,0,0,0,0,0,0,0,0,0,0,0,0,0,0,0,0,0,0,0,0,0,0,0,0,0,0,0,0,0,0,0,0,0,0,0,0,0,0,0,0,0,0,0,0,0,0,0,0,0,0,0,0,0,0,0,0,0,0,0,0,0,0,0,0,0,0,0,0,0,0,0,0,0,0,0,0,0,0,0,0,0,0,0,0,0,0,0,0,0,0,0,0,0,0,0,0,0,0,0,0,0,0,0,0,0,0,0,0,0,0,0,0,0,0,0,0,0,0,0,0,0,0,0,0,0,0,0,0,0,0,0,0,0,0,0,0
7.500658165,-5.3773020000000376,-2.80589200000001,1.7576817817225467,3.007000000000204,-0.3809999999999647,0.426658094399901,3.0900000000000003,-0.2980000000000005,0.34365809439991646,4.9668900952243185,0.3991924734015062,0.33970692888928156,4.893623550646301,0.8713199232058538,-0.5415257482192672,-1.18,2.09,-1.0,0.0,0.0,0.0,-1.18,4.09,-1.0,0.0,0.0,0.0,-1.18,6.09,-1.0,0.0,0.0,0.0,-1.18,2.09,1.0,0.0,0.0,0.0,-1.18,4.09,1.0,0.0,0.0,0.0,-1.18,6.09,1.0,0.0,0.0,0.0,3.57,-3.09,-1.0,0.0,0.0,0.0,3.57,-1.09,-1.0,0.0,0.0,0.0,3.57,-3.09,1.0,0.0,0.0,0.0,3.57,-1.09,1.0,0.0,0.0,0.0,-2.11,2.45,-1.0,0.0,0.0,0.0,-2.11,4.45,-1.0,0.0,0.0,0.0,-2.11,2.45,1.0,0.0,0.0,0.0,-2.11,4.45,1.0,0.0,0.0,0.0,8.69,0.4571999999998296,0.052000000000061865,0.0,-0.8199999999999876,-0.19999999999999882,0,0,0,0,0,0,0,0,0,0,0,0,0,0,0,0,0,0,0,0,0,0,0,0,0,0,0,0,0,0,0,0,0,0,0,0,0,0,0,0,0,0,0,0,0,0,0,0,0,0,0,0,0,0,0,0,0,0,0,0,0,0,0,0,0,0,0,0,0,0,0,0,0,0,0,0,0,0,0,0,0,0,0,0,0,0,0,0,0,0,0,0,0,0,0,0,0,0,0,0,0,0,0,0,0,0,0,0,0,0,0,0,0,0,0,0,0,0,0,0,0,0,0,0,0,0,0,0,0,0,0,0,0,0,0,0,0,0,0,0,0,0,0,0,0,0,0,0,0,0,0,0,0,0,0,0,0,0,0,0,0,0,0,0,0,0,0,0,0,0,0,0,0,0,0,0,0,0,0,0,0,0,0,0,0,0,0,0,0,0,0,0,0,0,0,0,0,0,0,0,0,0,0,0,0,0,0,0,0,0
7.602063461,-5.130600000000017,-2.830230000000003,1.7856724292745347,3.090000000000259,-0.29799999999990945,0.34365809439984574,3.172,-0.21600000000000047,0.31988134968204696,4.931786770911543,0.5565600583643531,0.31988134968204696,4.887163349622819,0.8948502227827595,-0.5611394415732298,-1.18,2.09,-1.0,0.0,0.0,0.0,-1.18,4.09,-1.0,0.0,0.0,0.0,-1.18,6.09,-1.0,0.0,0.0,0.0,-1.18,2.09,1.0,0.0,0.0,0.0,-1.18,4.09,1.0,0.0,0.0,0.0,-1.18,6.09,1.0,0.0,0.0,0.0,3.57,-3.09,-1.0,0.0,0.0,0.0,3.57,-1.09,-1.0,0.0,0.0,0.0,3.57,-3.09,1.0,0.0,0.0,0.0,3.57,-1.09,1.0,0.0,0.0,0.0,-2.11,2.45,-1.0,0.0,0.0,0.0,-2.11,4.45,-1.0,0.0,0.0,0.0,-2.11,2.45,1.0,0.0,0.0,0.0,-2.11,4.45,1.0,0.0,0.0,0.0,8.69,0.3915999999998306,0.03600000000006196,0.0,-0.8199999999999876,-0.19999999999999882,0,0,0,0,0,0,0,0,0,0,0,0,0,0,0,0,0,0,0,0,0,0,0,0,0,0,0,0,0,0,0,0,0,0,0,0,0,0,0,0,0,0,0,0,0,0,0,0,0,0,0,0,0,0,0,0,0,0,0,0,0,0,0,0,0,0,0,0,0,0,0,0,0,0,0,0,0,0,0,0,0,0,0,0,0,0,0,0,0,0,0,0,0,0,0,0,0,0,0,0,0,0,0,0,0,0,0,0,0,0,0,0,0,0,0,0,0,0,0,0,0,0,0,0,0,0,0,0,0,0,0,0,0,0,0,0,0,0,0,0,0,0,0,0,0,0,0,0,0,0,0,0,0,0,0,0,0,0,0,0,0,0,0,0,0,0,0,0,0,0,0,0,0,0,0,0,0,0,0,0,0,0,0,0,0,0,0,0,0,0,0,0,0,0,0,0,0,0,0,0,0,0,0,0,0,0,0,0,0,0
7.700560723,-4.8774960000000025,-2.8481660000000018,1.8114531512068435,3.1720000000001747,-0.21599999999999397,0.3198813496820829,3.2560000000000002,-0.13200000000000045,0.392441355969114,4.969251536844974,0.6751720102426702,0.392441355969114,4.880910158738734,0.9170486233762759,-0.5794288952793994,-1.18,2.09,-1.0,0.0,0.0,0.0,-1.18,4.09,-1.0,0.0,0.0,0.0,-1.18,6.09,-1.0,0.0,0.0,0.0,-1.18,2.09,1.0,0.0,0.0,0.0,-1.18,4.09,1.0,0.0,0.0,0.0,-1.18,6.09,1.0,0.0,0.0,0.0,3.57,-3.09,-1.0,0.0,0.0,0.0,3.57,-1.09,-1.0,0.0,0.0,0.0,3.57,-3.09,1.0,0.0,0.0,0.0,3.57,-1.09,1.0,0.0,0.0,0.0,-2.11,2.45,-1.0,0.0,0.0,0.0,-2.11,4.45,-1.0,0.0,0.0,0.0,-2.11,2.45,1.0,0.0,0.0,0.0,-2.11,4.45,1.0,0.0,0.0,0.0,8.69,0.3259999999998316,0.02000000000006206,0.0,-0.8199999999999876,-0.19999999999999882,0,0,0,0,0,0,0,0,0,0,0,0,0,0,0,0,0,0,0,0,0,0,0,0,0,0,0,0,0,0,0,0,0,0,0,0,0,0,0,0,0,0,0,0,0,0,0,0,0,0,0,0,0,0,0,0,0,0,0,0,0,0,0,0,0,0,0,0,0,0,0,0,0,0,0,0,0,0,0,0,0,0,0,0,0,0,0,0,0,0,0,0,0,0,0,0,0,0,0,0,0,0,0,0,0,0,0,0,0,0,0,0,0,0,0,0,0,0,0,0,0,0,0,0,0,0,0,0,0,0,0,0,0,0,0,0,0,0,0,0,0,0,0,0,0,0,0,0,0,0,0,0,0,0,0,0,0,0,0,0,0,0,0,0,0,0,0,0,0,0,0,0,0,0,0,0,0,0,0,0,0,0,0,0,0,0,0,0,0,0,0,0,0,0,0,0,0,0,0,0,0,0,0,0,0,0,0,0,0,0
7.80372267,-4.552731999999968,-2.862201999999984,1.8498111267345922,3.2648000000003563,-0.12319999999981235,0.38364135596906657,3.3440000000000003,-0.044000000000000455,0.30444135596911404,4.96460805223383,0.5510114292459112,0.2697061792283084,4.874480081872675,0.9386430259930065,-0.5986595035420866,-1.18,2.09,-1.0,0.0,0.0,0.0,-1.18,4.09,-1.0,0.0,0.0,0.0,-1.18,6.09,-1.0,0.0,0.0,0.0,-1.18,2.09,1.0,0.0,0.0,0.0,-1.18,4.09,1.0,0.0,0.0,0.0,-1.18,6.09,1.0,0.0,0.0,0.0,3.57,-3.09,-1.0,0.0,0.0,0.0,3.57,-1.09,-1.0,0.0,0.0,0.0,3.57,-3.09,1.0,0.0,0.0,0.0,3.57,-1.09,1.0,0.0,0.0,0.0,-2.11,2.45,-1.0,0.0,0.0,0.0,-2.11,4.45,-1.0,0.0,0.0,0.0,-2.11,2.45,1.0,0.0,0.0,0.0,-2.11,4.45,1.0,0.0,0.0,0.0,8.69,0.2603999999998326,0.00400000000006207,0.0,-0.8199999999999876,-0.19999999999999968,0,0,0,0,0,0,0,0,0,0,0,0,0,0,0,0,0,0,0,0,0,0,0,0,0,0,0,0,0,0,0,0,0,0,0,0,0,0,0,0,0,0,0,0,0,0,0,0,0,0,0,0,0,0,0,0,0,0,0,0,0,0,0,0,0,0,0,0,0,0,0,0,0,0,0,0,0,0,0,0,0,0,0,0,0,0,0,0,0,0,0,0,0,0,0,0,0,0,0,0,0,0,0,0,0,0,0,0,0,0,0,0,0,0,0,0,0,0,0,0,0,0,0,0,0,0,0,0,0,0,0,0,0,0,0,0,0,0,0,0,0,0,0,0,0,0,0,0,0,0,0,0,0,0,0,0,0,0,0,0,0,0,0,0,0,0,0,0,0,0,0,0,0,0,0,0,0,0,0,0,0,0,0,0,0,0,0,0,0,0,0,0,0,0,0,0,0,0,0,0,0,0,0,0,0,0,0,0,0,0
7.902175856,-4.284700999999952,-2.8652109999999786,1.8736554352121273,3.3950999999999176,0.007100000000059836,0.2533413559691944,3.4170000000000003,0.02899999999999954,0.23144135596911403,4.524904433632959,1.8269525630600407,-0.9850528516419832,4.868294358379709,0.9574863227841393,-0.6188133659267585,-1.18,2.09,-1.0,0.0,0.0,0.0,-1.18,4.09,-1.0,0.0,0.0,0.0,-1.18,6.09,-1.0,0.0,0.0,0.0,-1.18,2.09,1.0,0.0,0.0,0.0,-1.18,4.09,1.0,0.0,0.0,0.0,-1.18,6.09,1.0,0.0,0.0,0.0,3.57,-3.09,-1.0,0.0,0.0,0.0,3.57,-1.09,-1.0,0.0,0.0,0.0,3.57,-3.09,1.0,0.0,0.0,0.0,3.57,-1.09,1.0,0.0,0.0,0.0,-2.11,2.45,-1.0,0.0,0.0,0.0,-2.11,4.45,-1.0,0.0,0.0,0.0,-2.11,2.45,1.0,0.0,0.0,0.0,-2.11,4.45,1.0,0.0,0.0,0.0,8.69,0.17839999999983386,-0.015999999999937946,0.0,-0.8199999999999876,-0.2000000000000004,0,0,0,0,0,0,0,0,0,0,0,0,0,0,0,0,0,0,0,0,0,0,0,0,0,0,0,0,0,0,0,0,0,0,0,0,0,0,0,0,0,0,0,0,0,0,0,0,0,0,0,0,0,0,0,0,0,0,0,0,0,0,0,0,0,0,0,0,0,0,0,0,0,0,0,0,0,0,0,0,0,0,0,0,0,0,0,0,0,0,0,0,0,0,0,0,0,0,0,0,0,0,0,0,0,0,0,0,0,0,0,0,0,0,0,0,0,0,0,0,0,0,0,0,0,0,0,0,0,0,0,0,0,0,0,0,0,0,0,0,0,0,0,0,0,0,0,0,0,0,0,0,0,0,0,0,0,0,0,0,0,0,0,0,0,0,0,0,0,0,0,0,0,0,0,0,0,0,0,0,0,0,0,0,0,0,0,0,0,0,0,0,0,0,0,0,0,0,0,0,0,0,0,0,0,0,0,0,0,0
8.000819043,-4.01134099999997,-2.862890999999974,1.892170743689663,3.4169999999997813,0.029000000000056758,0.23144135596919746,3.5100000000000002,0.12199999999999954,0.32444135596911405,4.963235177596703,0.5116513705560313,0.45479490095668496,4.86195695540837,0.9763248160312121,-0.6388774666223458,-1.18,2.09,-1.0,0.0,0.0,0.0,-1.18,4.09,-1.0,0.0,0.0,0.0,-1.18,6.09,-1.0,0.0,0.0,0.0,-1.18,2.09,1.0,0.0,0.0,0.0,-1.18,4.09,1.0,0.0,0.0,0.0,-1.18,6.09,1.0,0.0,0.0,0.0,3.57,-3.09,-1.0,0.0,0.0,0.0,3.57,-1.09,-1.0,0.0,0.0,0.0,3.57,-3.09,1.0,0.0,0.0,0.0,3.57,-1.09,1.0,0.0,0.0,0.0,-2.11,2.45,-1.0,0.0,0.0,0.0,-2.11,4.45,-1.0,0.0,0.0,0.0,-2.11,2.45,1.0,0.0,0.0,0.0,-2.11,4.45,1.0,0.0,0.0,0.0,8.69,0.11279999999983466,-0.03199999999993785,0.0,-0.8200000000000014,-0.19999999999999882,0,0,0,0,0,0,0,0,0,0,0,0,0,0,0,0,0,0,0,0,0,0,0,0,0,0,0,0,0,0,0,0,0,0,0,0,0,0,0,0,0,0,0,0,0,0,0,0,0,0,0,0,0,0,0,0,0,0,0,0,0,0,0,0,0,0,0,0,0,0,0,0,0,0,0,0,0,0,0,0,0,0,0,0,0,0,0,0,0,0,0,0,0,0,0,0,0,0,0,0,0,0,0,0,0,0,0,0,0,0,0,0,0,0,0,0,0,0,0,0,0,0,0,0,0,0,0,0,0,0,0,0,0,0,0,0,0,0,0,0,0,0,0,0,0,0,0,0,0,0,0,0,0,0,0,0,0,0,0,0,0,0,0,0,0,0,0,0,0,0,0,0,0,0,0,0,0,0,0,0,0,0,0,0,0,0,0,0,0,0,0,0,0,0,0,0,0,0,0,0,0,0,0,0,0,0,0,0,0,0
8.101485066,-3.660534999999979,-2.8508849999999577,1.9243427135810272,3.546400000000016,0.158400000000114,0.3530247854144797,3.6010000000000004,0.21299999999999952,0.3958999295826202,4.964488191014896,0.7410855221718626,0.3958999295826202,4.855402614171199,0.9950940581892537,-0.6594340525450035,-1.18,2.09,-1.0,0.0,0.0,0.0,-1.18,4.09,-1.0,0.0,0.0,0.0,-1.18,6.09,-1.0,0.0,0.0,0.0,-1.18,2.09,1.0,0.0,0.0,0.0,-1.18,4.09,1.0,0.0,0.0,0.0,-1.18,6.09,1.0,0.0,0.0,0.0,3.57,-3.09,-1.0,0.0,0.0,0.0,3.57,-1.09,-1.0,0.0,0.0,0.0,3.57,-3.09,1.0,0.0,0.0,0.0,3.57,-1.09,1.0,0.0,0.0,0.0,-2.11,2.45,-1.0,0.0,0.0,0.0,-2.11,4.45,-1.0,0.0,0.0,0.0,-2.11,2.45,1.0,0.0,0.0,0.0,-2.11,4.45,1.0,0.0,0.0,0.0,8.69,0.03079999999983453,-0.05199999999993773,0.0,-0.8200000000000014,-0.19999999999999882,0,0,0,0,0,0,0,0,0,0,0,0,0,0,0,0,0,0,0,0,0,0,0,0,0,0,0,0,0,0,0,0,0,0,0,0,0,0,0,0,0,0,0,0,0,0,0,0,0,0,0,0,0,0,0,0,0,0,0,0,0,0,0,0,0,0,0,0,0,0,0,0,0,0,0,0,0,0,0,0,0,0,0,0,0,0,0,0,0,0,0,0,0,0,0,0,0,0,0,0,0,0,0,0,0,0,0,0,0,0,0,0,0,0,0,0,0,0,0,0,0,0,0,0,0,0,0,0,0,0,0,0,0,0,0,0,0,0,0,0,0,0,0,0,0,0,0,0,0,0,0,0,0,0,0,0,0,0,0,0,0,0,0,0,0,0,0,0,0,0,0,0,0,0,0,0,0,0,0,0,0,0,0,0,0,0,0,0,0,0,0,0,0,0,0,0,0,0,0,0,0,0,0,0,0,0,0,0,0,0
8.201394671,-3.372454999999964,-2.833844999999956,1.9560147079476315,3.6010000000001865,0.21300000000001873,0.39589992958255493,3.6900000000000004,0.2182775728130082,0.3508846796402487,5.0009008453471,0.2182775728130082,0.3508846796402487,4.848264148518063,1.0127652375130978,-0.6845738235423966,-1.18,2.09,-1.0,0.0,0.0,0.0,-1.18,4.09,-1.0,0.0,0.0,0.0,-1.18,6.09,-1.0,0.0,0.0,0.0,-1.18,2.09,1.0,0.0,0.0,0.0,-1.18,4.09,1.0,0.0,0.0,0.0,-1.18,6.09,1.0,0.0,0.0,0.0,3.57,-3.09,-1.0,0.0,0.0,0.0,3.57,-1.09,-1.0,0.0,0.0,0.0,3.57,-3.09,1.0,0.0,0.0,0.0,3.57,-1.09,1.0,0.0,0.0,0.0,-2.11,2.45,-1.0,0.0,0.0,0.0,-2.11,4.45,-1.0,0.0,0.0,0.0,-2.11,2.45,1.0,0.0,0.0,0.0,-2.11,4.45,1.0,0.0,0.0,0.0,8.69,-0.03480000000016551,-0.06799999999993782,0.0,-0.8200000000000014,-0.20000000000000573,0,0,0,0,0,0,0,0,0,0,0,0,0,0,0,0,0,0,0,0,0,0,0,0,0,0,0,0,0,0,0,0,0,0,0,0,0,0,0,0,0,0,0,0,0,0,0,0,0,0,0,0,0,0,0,0,0,0,0,0,0,0,0,0,0,0,0,0,0,0,0,0,0,0,0,0,0,0,0,0,0,0,0,0,0,0,0,0,0,0,0,0,0,0,0,0,0,0,0,0,0,0,0,0,0,0,0,0,0,0,0,0,0,0,0,0,0,0,0,0,0,0,0,0,0,0,0,0,0,0,0,0,0,0,0,0,0,0,0,0,0,0,0,0,0,0,0,0,0,0,0,0,0,0,0,0,0,0,0,0,0,0,0,0,0,0,0,0,0,0,0,0,0,0,0,0,0,0,0,0,0,0,0,0,0,0,0,0,0,0,0,0,0,0,0,0,0,0,0,0,0,0,0,0,0,0,0,0,0,0
8.30100634,-3.0777889999999486,-2.8164144596117935,1.984355573818508,3.690000000000194,0.2182775728130082,0.35088467964028425,3.7800000000000002,0.30827757281300816,0.3840531078718117,4.947534086834698,0.5438170998206582,0.3840531078718117,4.841284398837512,1.0277763774420987,-0.7110844447353003,-1.18,2.09,-1.0,0.0,0.0,0.0,-1.18,4.09,-1.0,0.0,0.0,0.0,-1.18,6.09,-1.0,0.0,0.0,0.0,-1.18,2.09,1.0,0.0,0.0,0.0,-1.18,4.09,1.0,0.0,0.0,0.0,-1.18,6.09,1.0,0.0,0.0,0.0,3.57,-3.09,-1.0,0.0,0.0,0.0,3.57,-1.09,-1.0,0.0,0.0,0.0,3.57,-3.09,1.0,0.0,0.0,0.0,3.57,-1.09,1.0,0.0,0.0,0.0,-2.11,2.45,-1.0,0.0,0.0,0.0,-2.11,4.45,-1.0,0.0,0.0,0.0,-2.11,2.45,1.0,0.0,0.0,0.0,-2.11,4.45,1.0,0.0,0.0,0.0,8.69,-0.1004000000001656,-0.08399999999993828,0.0,-0.8200000000000014,-0.20000000000000573,0,0,0,0,0,0,0,0,0,0,0,0,0,0,0,0,0,0,0,0,0,0,0,0,0,0,0,0,0,0,0,0,0,0,0,0,0,0,0,0,0,0,0,0,0,0,0,0,0,0,0,0,0,0,0,0,0,0,0,0,0,0,0,0,0,0,0,0,0,0,0,0,0,0,0,0,0,0,0,0,0,0,0,0,0,0,0,0,0,0,0,0,0,0,0,0,0,0,0,0,0,0,0,0,0,0,0,0,0,0,0,0,0,0,0,0,0,0,0,0,0,0,0,0,0,0,0,0,0,0,0,0,0,0,0,0,0,0,0,0,0,0,0,0,0,0,0,0,0,0,0,0,0,0,0,0,0,0,0,0,0,0,0,0,0,0,0,0,0,0,0,0,0,0,0,0,0,0,0,0,0,0,0,0,0,0,0,0,0,0,0,0,0,0,0,0,0,0,0,0,0,0,0,0,0,0,0,0,0,0
8.400808605,-2.7767389999999526,-2.7931022537867434,2.01458229602478,3.7799999999998946,0.3082775728131537,0.3840531078718179,3.7800000000000002,0.30827757281300816,0.3840531078718117,5.0025993501519395,0.5723223349701905,0.2834037936383531,4.833399591456514,1.0446503858178933,-0.7395633581502837,-1.18,2.09,-1.0,0.0,0.0,0.0,-1.18,4.09,-1.0,0.0,0.0,0.0,-1.18,6.09,-1.0,0.0,0.0,0.0,-1.18,2.09,1.0,0.0,0.0,0.0,-1.18,4.09,1.0,0.0,0.0,0.0,-1.18,6.09,1.0,0.0,0.0,0.0,3.57,-3.09,-1.0,0.0,0.0,0.0,3.57,-1.09,-1.0,0.0,0.0,0.0,3.57,-3.09,1.0,0.0,0.0,0.0,3.57,-1.09,1.0,0.0,0.0,0.0,-2.11,2.45,-1.0,0.0,0.0,0.0,-2.11,4.45,-1.0,0.0,0.0,0.0,-2.11,2.45,1.0,0.0,0.0,0.0,-2.11,4.45,1.0,0.0,0.0,0.0,8.69,-0.16600000000016502,-0.09999999999993874,0.0,-0.8199999999999876,-0.20000000000000573,0,0,0,0,0,0,0,0,0,0,0,0,0,0,0,0,0,0,0,0,0,0,0,0,0,0,0,0,0,0,0,0,0,0,0,0,0,0,0,0,0,0,0,0,0,0,0,0,0,0,0,0,0,0,0,0,0,0,0,0,0,0,0,0,0,0,0,0,0,0,0,0,0,0,0,0,0,0,0,0,0,0,0,0,0,0,0,0,0,0,0,0,0,0,0,0,0,0,0,0,0,0,0,0,0,0,0,0,0,0,0,0,0,0,0,0,0,0,0,0,0,0,0,0,0,0,0,0,0,0,0,0,0,0,0,0,0,0,0,0,0,0,0,0,0,0,0,0,0,0,0,0,0,0,0,0,0,0,0,0,0,0,0,0,0,0,0,0,0,0,0,0,0,0,0,0,0,0,0,0,0,0,0,0,0,0,0,0,0,0,0,0,0,0,0,0,0,0,0,0,0,0,0,0,0,0,0,0,0,0
8.50178025,-2.469102999999954,-2.763204047961714,2.0400705446545184,3.8569999999999993,0.3852775728128144,0.30705310787171314,3.93,0.4582775728130082,0.2854131675131901,4.875871124366867,0.8481215085788287,0.2854131675131901,4.826698720491466,1.0572163552335878,-0.7650313979391022,-1.18,2.09,-1.0,0.0,0.0,0.0,-1.18,4.09,-1.0,0.0,0.0,0.0,-1.18,6.09,-1.0,0.0,0.0,0.0,-1.18,2.09,1.0,0.0,0.0,0.0,-1.18,4.09,1.0,0.0,0.0,0.0,-1.18,6.09,1.0,0.0,0.0,0.0,3.57,-3.09,-1.0,0.0,0.0,0.0,3.57,-1.09,-1.0,0.0,0.0,0.0,3.57,-3.09,1.0,0.0,0.0,0.0,3.57,-1.09,1.0,0.0,0.0,0.0,-2.11,2.45,-1.0,0.0,0.0,0.0,-2.11,4.45,-1.0,0.0,0.0,0.0,-2.11,2.45,1.0,0.0,0.0,0.0,-2.11,4.45,1.0,0.0,0.0,0.0,8.69,-0.231600000000164,-0.1159999999999392,0.0,-0.8199999999999876,-0.20000000000000573,0,0,0,0,0,0,0,0,0,0,0,0,0,0,0,0,0,0,0,0,0,0,0,0,0,0,0,0,0,0,0,0,0,0,0,0,0,0,0,0,0,0,0,0,0,0,0,0,0,0,0,0,0,0,0,0,0,0,0,0,0,0,0,0,0,0,0,0,0,0,0,0,0,0,0,0,0,0,0,0,0,0,0,0,0,0,0,0,0,0,0,0,0,0,0,0,0,0,0,0,0,0,0,0,0,0,0,0,0,0,0,0,0,0,0,0,0,0,0,0,0,0,0,0,0,0,0,0,0,0,0,0,0,0,0,0,0,0,0,0,0,0,0,0,0,0,0,0,0,0,0,0,0,0,0,0,0,0,0,0,0,0,0,0,0,0,0,0,0,0,0,0,0,0,0,0,0,0,0,0,0,0,0,0,0,0,0,0,0,0,0,0,0,0,0,0,0,0,0,0,0,0,0,0,0,0,0,0,0,0
8.600850804,-2.1552139999999547,-2.7270528421366897,2.063055077638099,3.92999999999999,0.4582775728128041,0.2854131675134042,4.007000000000001,0.5352775728130081,0.2084131675131901,5.030035307082173,0.6957766808089936,0.17349745100385805,4.819386657905246,1.0700093277730822,-0.7928381171989085,-1.18,2.09,-1.0,0.0,0.0,0.0,-1.18,4.09,-1.0,0.0,0.0,0.0,-1.18,6.09,-1.0,0.0,0.0,0.0,-1.18,2.09,1.0,0.0,0.0,0.0,-1.18,4.09,1.0,0.0,0.0,0.0,-1.18,6.09,1.0,0.0,0.0,0.0,3.57,-3.09,-1.0,0.0,0.0,0.0,3.57,-1.09,-1.0,0.0,0.0,0.0,3.57,-3.09,1.0,0.0,0.0,0.0,3.57,-1.09,1.0,0.0,0.0,0.0,-2.11,2.45,-1.0,0.0,0.0,0.0,-2.11,4.45,-1.0,0.0,0.0,0.0,-2.11,2.45,1.0,0.0,0.0,0.0,-2.11,4.45,1.0,0.0,0.0,0.0,8.69,-0.297200000000163,-0.13199999999993964,0.0,-0.8199999999999876,-0.20000000000000573,0,0,0,0,0,0,0,0,0,0,0,0,0,0,0,0,0,0,0,0,0,0,0,0,0,0,0,0,0,0,0,0,0,0,0,0,0,0,0,0,0,0,0,0,0,0,0,0,0,0,0,0,0,0,0,0,0,0,0,0,0,0,0,0,0,0,0,0,0,0,0,0,0,0,0,0,0,0,0,0,0,0,0,0,0,0,0,0,0,0,0,0,0,0,0,0,0,0,0,0,0,0,0,0,0,0,0,0,0,0,0,0,0,0,0,0,0,0,0,0,0,0,0,0,0,0,0,0,0,0,0,0,0,0,0,0,0,0,0,0,0,0,0,0,0,0,0,0,0,0,0,0,0,0,0,0,0,0,0,0,0,0,0,0,0,0,0,0,0,0,0,0,0,0,0,0,0,0,0,0,0,0,0,0,0,0,0,0,0,0,0,0,0,0,0,0,0,0,0,0,0,0,0,0,0,0,0,0,0,0
8.700615014,-1.9151019999999495,-2.6952441877679156,2.0758678676888973,4.007000000000093,0.5352775728129089,0.2084131675132994,4.072000000000001,0.6002775728130081,0.24319016659786108,4.877167656604802,0.7409436024012965,0.24319016659786108,4.812501226559815,1.0808327567758245,-0.8195318762809947,-1.18,2.09,-1.0,0.0,0.0,0.0,-1.18,4.09,-1.0,0.0,0.0,0.0,-1.18,6.09,-1.0,0.0,0.0,0.0,-1.18,2.09,1.0,0.0,0.0,0.0,-1.18,4.09,1.0,0.0,0.0,0.0,-1.18,6.09,1.0,0.0,0.0,0.0,3.57,-3.09,-1.0,0.0,0.0,0.0,3.57,-1.09,-1.0,0.0,0.0,0.0,3.57,-3.09,1.0,0.0,0.0,0.0,3.57,-1.09,1.0,0.0,0.0,0.0,-2.11,2.45,-1.0,0.0,0.0,0.0,-2.11,4.45,-1.0,0.0,0.0,0.0,-2.11,2.45,1.0,0.0,0.0,0.0,-2.11,4.45,1.0,0.0,0.0,0.0,8.69,-0.34640000000016224,-0.14399999999993998,0.0,-0.8199999999999876,-0.20000000000000573,0,0,0,0,0,0,0,0,0,0,0,0,0,0,0,0,0,0,0,0,0,0,0,0,0,0,0,0,0,0,0,0,0,0,0,0,0,0,0,0,0,0,0,0,0,0,0,0,0,0,0,0,0,0,0,0,0,0,0,0,0,0,0,0,0,0,0,0,0,0,0,0,0,0,0,0,0,0,0,0,0,0,0,0,0,0,0,0,0,0,0,0,0,0,0,0,0,0,0,0,0,0,0,0,0,0,0,0,0,0,0,0,0,0,0,0,0,0,0,0,0,0,0,0,0,0,0,0,0,0,0,0,0,0,0,0,0,0,0,0,0,0,0,0,0,0,0,0,0,0,0,0,0,0,0,0,0,0,0,0,0,0,0,0,0,0,0,0,0,0,0,0,0,0,0,0,0,0,0,0,0,0,0,0,0,0,0,0,0,0,0,0,0,0,0,0,0,0,0,0,0,0,0,0,0,0,0,0,0,0
8.800599451,-1.5896519999999432,-2.647531981942868,2.095254865024045,4.093000000000079,0.621277572813117,0.2641901665977997,4.142000000000001,0.6702775728130081,0.3131901665978611,4.815364351398701,1.1252443285366418,0.3830109237508985,4.80720513549816,1.088425323119779,-0.8403029818058032,-1.18,2.09,-1.0,0.0,0.0,0.0,-1.18,4.09,-1.0,0.0,0.0,0.0,-1.18,6.09,-1.0,0.0,0.0,0.0,-1.18,2.09,1.0,0.0,0.0,0.0,-1.18,4.09,1.0,0.0,0.0,0.0,-1.18,6.09,1.0,0.0,0.0,0.0,3.57,-3.09,-1.0,0.0,0.0,0.0,3.57,-1.09,-1.0,0.0,0.0,0.0,3.57,-3.09,1.0,0.0,0.0,0.0,3.57,-1.09,1.0,0.0,0.0,0.0,-2.11,2.45,-1.0,0.0,0.0,0.0,-2.11,4.45,-1.0,0.0,0.0,0.0,-2.11,2.45,1.0,0.0,0.0,0.0,-2.11,4.45,1.0,0.0,0.0,0.0,8.69,-0.41200000000016124,-0.15999999999994044,0.0,-0.8199999999999876,-0.20000000000000573,0,0,0,0,0,0,0,0,0,0,0,0,0,0,0,0,0,0,0,0,0,0,0,0,0,0,0,0,0,0,0,0,0,0,0,0,0,0,0,0,0,0,0,0,0,0,0,0,0,0,0,0,0,0,0,0,0,0,0,0,0,0,0,0,0,0,0,0,0,0,0,0,0,0,0,0,0,0,0,0,0,0,0,0,0,0,0,0,0,0,0,0,0,0,0,0,0,0,0,0,0,0,0,0,0,0,0,0,0,0,0,0,0,0,0,0,0,0,0,0,0,0,0,0,0,0,0,0,0,0,0,0,0,0,0,0,0,0,0,0,0,0,0,0,0,0,0,0,0,0,0,0,0,0,0,0,0,0,0,0,0,0,0,0,0,0,0,0,0,0,0,0,0,0,0,0,0,0,0,0,0,0,0,0,0,0,0,0,0,0,0,0,0,0,0,0,0,0,0,0,0,0,0,0,0,0,0,0,0,0
8.900496959,-1.258291999999936,-2.593909776117818,2.12031007835187,4.142000000000089,0.6702775728131272,0.31319016659780985,4.2360000000000015,0.7642775728130081,0.4071901665978611,4.906559987470233,0.8128322573010305,0.5175387045848607,4.799662596636977,1.0973483165312663,-0.8712437263188705,-1.18,2.09,-1.0,0.0,0.0,0.0,-1.18,4.09,-1.0,0.0,0.0,0.0,-1.18,6.09,-1.0,0.0,0.0,0.0,-1.18,2.09,1.0,0.0,0.0,0.0,-1.18,4.09,1.0,0.0,0.0,0.0,-1.18,6.09,1.0,0.0,0.0,0.0,3.57,-3.09,-1.0,0.0,0.0,0.0,3.57,-1.09,-1.0,0.0,0.0,0.0,3.57,-3.09,1.0,0.0,0.0,0.0,3.57,-1.09,1.0,0.0,0.0,0.0,-2.11,2.45,-1.0,0.0,0.0,0.0,-2.11,4.45,-1.0,0.0,0.0,0.0,-2.11,2.45,1.0,0.0,0.0,0.0,-2.11,4.45,1.0,0.0,0.0,0.0,8.69,-0.47760000000016023,-0.1759999999999409,0.0,-0.8199999999999876,-0.20000000000000573,0,0,0,0,0,0,0,0,0,0,0,0,0,0,0,0,0,0,0,0,0,0,0,0,0,0,0,0,0,0,0,0,0,0,0,0,0,0,0,0,0,0,0,0,0,0,0,0,0,0,0,0,0,0,0,0,0,0,0,0,0,0,0,0,0,0,0,0,0,0,0,0,0,0,0,0,0,0,0,0,0,0,0,0,0,0,0,0,0,0,0,0,0,0,0,0,0,0,0,0,0,0,0,0,0,0,0,0,0,0,0,0,0,0,0,0,0,0,0,0,0,0,0,0,0,0,0,0,0,0,0,0,0,0,0,0,0,0,0,0,0,0,0,0,0,0,0,0,0,0,0,0,0,0,0,0,0,0,0,0,0,0,0,0,0,0,0,0,0,0,0,0,0,0,0,0,0,0,0,0,0,0,0,0,0,0,0,0,0,0,0,0,0,0,0,0,0,0,0,0,0,0,0,0,0,0,0,0,0,0
9.00062425,-0.835639999999939,-2.5186020188365217,2.159909095011674,4.244600000000021,0.7556775728129406,0.39859016659806734,4.322000000000002,0.6782775728130082,0.32119016659786115,4.961242913671246,0.5309543323268375,0.16702311534797643,4.790040214613659,1.105872564273064,-0.9124475951922119,-1.18,2.09,-1.0,0.0,0.0,0.0,-1.18,4.09,-1.0,0.0,0.0,0.0,-1.18,6.09,-1.0,0.0,0.0,0.0,-1.18,2.09,1.0,0.0,0.0,0.0,-1.18,4.09,1.0,0.0,0.0,0.0,-1.18,6.09,1.0,0.0,0.0,0.0,3.57,-3.09,-1.0,0.0,0.0,0.0,3.57,-1.09,-1.0,0.0,0.0,0.0,3.57,-3.09,1.0,0.0,0.0,0.0,3.57,-1.09,1.0,0.0,0.0,0.0,-2.11,2.45,-1.0,0.0,0.0,0.0,-2.11,4.45,-1.0,0.0,0.0,0.0,-2.11,2.45,1.0,0.0,0.0,0.0,-2.11,4.45,1.0,0.0,0.0,0.0,8.69,-0.559600000000163,-0.19599999999994147,0.0,-0.8200000000000429,-0.20000000000000573,0,0,0,0,0,0,0,0,0,0,0,0,0,0,0,0,0,0,0,0,0,0,0,0,0,0,0,0,0,0,0,0,0,0,0,0,0,0,0,0,0,0,0,0,0,0,0,0,0,0,0,0,0,0,0,0,0,0,0,0,0,0,0,0,0,0,0,0,0,0,0,0,0,0,0,0,0,0,0,0,0,0,0,0,0,0,0,0,0,0,0,0,0,0,0,0,0,0,0,0,0,0,0,0,0,0,0,0,0,0,0,0,0,0,0,0,0,0,0,0,0,0,0,0,0,0,0,0,0,0,0,0,0,0,0,0,0,0,0,0,0,0,0,0,0,0,0,0,0,0,0,0,0,0,0,0,0,0,0,0,0,0,0,0,0,0,0,0,0,0,0,0,0,0,0,0,0,0,0,0,0,0,0,0,0,0,0,0,0,0,0,0,0,0,0,0,0,0,0,0,0,0,0,0,0,0,0,0,0,0
9.101663226,-0.40242799999993506,-2.4497622615552306,2.1913224854467646,4.414000000000029,0.7702775728128941,0.2570423279877332,4.4140000000000015,0.7702775728130081,0.2570423279877234,4.937192622560033,0.8392057425155537,0.2570423279877234,4.77962638839694,1.1124064424145994,-0.9579788589599058,-1.18,2.09,-1.0,0.0,0.0,0.0,-1.18,4.09,-1.0,0.0,0.0,0.0,-1.18,6.09,-1.0,0.0,0.0,0.0,-1.18,2.09,1.0,0.0,0.0,0.0,-1.18,4.09,1.0,0.0,0.0,0.0,-1.18,6.09,1.0,0.0,0.0,0.0,3.57,-3.09,-1.0,0.0,0.0,0.0,3.57,-1.09,-1.0,0.0,0.0,0.0,3.57,-3.09,1.0,0.0,0.0,0.0,3.57,-1.09,1.0,0.0,0.0,0.0,-2.11,2.45,-1.0,0.0,0.0,0.0,-2.11,4.45,-1.0,0.0,0.0,0.0,-2.11,2.45,1.0,0.0,0.0,0.0,-2.11,4.45,1.0,0.0,0.0,0.0,8.69,-0.6416000000001673,-0.21599999999994204,0.0,-0.8200000000000429,-0.20000000000000573,0,0,0,0,0,0,0,0,0,0,0,0,0,0,0,0,0,0,0,0,0,0,0,0,0,0,0,0,0,0,0,0,0,0,0,0,0,0,0,0,0,0,0,0,0,0,0,0,0,0,0,0,0,0,0,0,0,0,0,0,0,0,0,0,0,0,0,0,0,0,0,0,0,0,0,0,0,0,0,0,0,0,0,0,0,0,0,0,0,0,0,0,0,0,0,0,0,0,0,0,0,0,0,0,0,0,0,0,0,0,0,0,0,0,0,0,0,0,0,0,0,0,0,0,0,0,0,0,0,0,0,0,0,0,0,0,0,0,0,0,0,0,0,0,0,0,0,0,0,0,0,0,0,0,0,0,0,0,0,0,0,0,0,0,0,0,0,0,0,0,0,0,0,0,0,0,0,0,0,0,0,0,0,0,0,0,0,0,0,0,0,0,0,0,0,0,0,0,0,0,0,0,0,0,0,0,0,0,0,0
9.200814828,-0.04931840866264642,-2.388050055730199,2.211821312328312,4.412959133728761,0.7792775728129087,0.25058639224062595,4.403591337287601,0.8602775728130081,0.1924829705166231,4.403591337287601,2.3489997401830247,0.1924829705166231,4.7674083322128835,1.1229672646861208,-1.0053667571540925,-1.18,2.09,-1.0,0.0,0.0,0.0,-1.18,4.09,-1.0,0.0,0.0,0.0,-1.18,6.09,-1.0,0.0,0.0,0.0,-1.18,2.09,1.0,0.0,0.0,0.0,-1.18,4.09,1.0,0.0,0.0,0.0,-1.18,6.09,1.0,0.0,0.0,0.0,3.57,-3.09,-1.0,0.0,0.0,0.0,3.57,-1.09,-1.0,0.0,0.0,0.0,3.57,-3.09,1.0,0.0,0.0,0.0,3.57,-1.09,1.0,0.0,0.0,0.0,-2.11,2.45,-1.0,0.0,0.0,0.0,-2.11,4.45,-1.0,0.0,0.0,0.0,-2.11,2.45,1.0,0.0,0.0,0.0,-2.11,4.45,1.0,0.0,0.0,0.0,8.69,-0.7072000000001707,-0.2319999999999425,0.0,-0.8200000000000429,-0.20000000000000573,0,0,0,0,0,0,0,0,0,0,0,0,0,0,0,0,0,0,0,0,0,0,0,0,0,0,0,0,0,0,0,0,0,0,0,0,0,0,0,0,0,0,0,0,0,0,0,0,0,0,0,0,0,0,0,0,0,0,0,0,0,0,0,0,0,0,0,0,0,0,0,0,0,0,0,0,0,0,0,0,0,0,0,0,0,0,0,0,0,0,0,0,0,0,0,0,0,0,0,0,0,0,0,0,0,0,0,0,0,0,0,0,0,0,0,0,0,0,0,0,0,0,0,0,0,0,0,0,0,0,0,0,0,0,0,0,0,0,0,0,0,0,0,0,0,0,0,0,0,0,0,0,0,0,0,0,0,0,0,0,0,0,0,0,0,0,0,0,0,0,0,0,0,0,0,0,0,0,0,0,0,0,0,0,0,0,0,0,0,0,0,0,0,0,0,0,0,0,0,0,0,0,0,0,0,0,0,0,0,0
9.301375886,0.3029688983203619,-2.3192278499051557,2.227219949969645,4.403591337287628,0.8602775728130396,0.19248297051666086,4.492591337287601,0.9492775728130081,0.25986291330122535,4.8211444634264025,1.0065826447139714,0.25986291330122535,4.756297814212507,1.1305321210250172,-1.0485839145476197,-1.18,2.09,-1.0,0.0,0.0,0.0,-1.18,4.09,-1.0,0.0,0.0,0.0,-1.18,6.09,-1.0,0.0,0.0,0.0,-1.18,2.09,1.0,0.0,0.0,0.0,-1.18,4.09,1.0,0.0,0.0,0.0,-1.18,6.09,1.0,0.0,0.0,0.0,3.57,-3.09,-1.0,0.0,0.0,0.0,3.57,-1.09,-1.0,0.0,0.0,0.0,3.57,-3.09,1.0,0.0,0.0,0.0,3.57,-1.09,1.0,0.0,0.0,0.0,-2.11,2.45,-1.0,0.0,0.0,0.0,-2.11,4.45,-1.0,0.0,0.0,0.0,-2.11,2.45,1.0,0.0,0.0,0.0,-2.11,4.45,1.0,0.0,0.0,0.0,8.69,-0.7728000000001741,-0.24799999999994296,0.0,-0.8200000000000429,-0.20000000000000573,0,0,0,0,0,0,0,0,0,0,0,0,0,0,0,0,0,0,0,0,0,0,0,0,0,0,0,0,0,0,0,0,0,0,0,0,0,0,0,0,0,0,0,0,0,0,0,0,0,0,0,0,0,0,0,0,0,0,0,0,0,0,0,0,0,0,0,0,0,0,0,0,0,0,0,0,0,0,0,0,0,0,0,0,0,0,0,0,0,0,0,0,0,0,0,0,0,0,0,0,0,0,0,0,0,0,0,0,0,0,0,0,0,0,0,0,0,0,0,0,0,0,0,0,0,0,0,0,0,0,0,0,0,0,0,0,0,0,0,0,0,0,0,0,0,0,0,0,0,0,0,0,0,0,0,0,0,0,0,0,0,0,0,0,0,0,0,0,0,0,0,0,0,0,0,0,0,0,0,0,0,0,0,0,0,0,0,0,0,0,0,0,0,0,0,0,0,0,0,0,0,0,0,0,0,0,0,0,0,0
9.402873185,0.6615752053033704,-2.244086644080112,2.247402563548669,4.492591337287633,0.9492775728130454,0.2598629133010455,4.568591337287601,0.8732775728130081,0.18386291330122534,4.965630856994713,0.7610211851749105,0.14662813917942819,4.743276887835334,1.13582626032481,-1.1005558012584824,-1.18,2.09,-1.0,0.0,0.0,0.0,-1.18,4.09,-1.0,0.0,0.0,0.0,-1.18,6.09,-1.0,0.0,0.0,0.0,-1.18,2.09,1.0,0.0,0.0,0.0,-1.18,4.09,1.0,0.0,0.0,0.0,-1.18,6.09,1.0,0.0,0.0,0.0,3.57,-3.09,-1.0,0.0,0.0,0.0,3.57,-1.09,-1.0,0.0,0.0,0.0,3.57,-3.09,1.0,0.0,0.0,0.0,3.57,-1.09,1.0,0.0,0.0,0.0,-2.11,2.45,-1.0,0.0,0.0,0.0,-2.11,4.45,-1.0,0.0,0.0,0.0,-2.11,2.45,1.0,0.0,0.0,0.0,-2.11,4.45,1.0,0.0,0.0,0.0,8.69,-0.8384000000001776,-0.2639999999999415,0.0,-0.8200000000000429,-0.19999999999997797,0,0,0,0,0,0,0,0,0,0,0,0,0,0,0,0,0,0,0,0,0,0,0,0,0,0,0,0,0,0,0,0,0,0,0,0,0,0,0,0,0,0,0,0,0,0,0,0,0,0,0,0,0,0,0,0,0,0,0,0,0,0,0,0,0,0,0,0,0,0,0,0,0,0,0,0,0,0,0,0,0,0,0,0,0,0,0,0,0,0,0,0,0,0,0,0,0,0,0,0,0,0,0,0,0,0,0,0,0,0,0,0,0,0,0,0,0,0,0,0,0,0,0,0,0,0,0,0,0,0,0,0,0,0,0,0,0,0,0,0,0,0,0,0,0,0,0,0,0,0,0,0,0,0,0,0,0,0,0,0,0,0,0,0,0,0,0,0,0,0,0,0,0,0,0,0,0,0,0,0,0,0,0,0,0,0,0,0,0,0,0,0,0,0,0,0,0,0,0,0,0,0,0,0,0,0,0,0,0,0
9.501349374,1.026758512286379,-2.173920438255066,2.2624155966127555,4.568591337287652,0.8732775728130804,0.1838629133010805,4.651591337287601,0.7902775728130081,0.10086291330122533,4.90860191572407,0.3716497776206964,-0.002548784655102665,4.634519891921362,1.1152739691043374,-1.1252179515899619,-1.18,2.09,-1.0,0.0,0.0,0.0,-1.18,4.09,-1.0,0.0,0.0,0.0,-1.18,6.09,-1.0,0.0,0.0,0.0,-1.18,2.09,1.0,0.0,0.0,0.0,-1.18,4.09,1.0,0.0,0.0,0.0,-1.18,6.09,1.0,0.0,0.0,0.0,3.57,-3.09,-1.0,0.0,0.0,0.0,3.57,-1.09,-1.0,0.0,0.0,0.0,3.57,-3.09,1.0,0.0,0.0,0.0,3.57,-1.09,1.0,0.0,0.0,0.0,-2.11,2.45,-1.0,0.0,0.0,0.0,-2.11,4.45,-1.0,0.0,0.0,0.0,-2.11,2.45,1.0,0.0,0.0,0.0,-2.11,4.45,1.0,0.0,0.0,0.0,8.69,-0.904000000000181,-0.27999999999993974,0.0,-0.8200000000000429,-0.19999999999997797,0,0,0,0,0,0,0,0,0,0,0,0,0,0,0,0,0,0,0,0,0,0,0,0,0,0,0,0,0,0,0,0,0,0,0,0,0,0,0,0,0,0,0,0,0,0,0,0,0,0,0,0,0,0,0,0,0,0,0,0,0,0,0,0,0,0,0,0,0,0,0,0,0,0,0,0,0,0,0,0,0,0,0,0,0,0,0,0,0,0,0,0,0,0,0,0,0,0,0,0,0,0,0,0,0,0,0,0,0,0,0,0,0,0,0,0,0,0,0,0,0,0,0,0,0,0,0,0,0,0,0,0,0,0,0,0,0,0,0,0,0,0,0,0,0,0,0,0,0,0,0,0,0,0,0,0,0,0,0,0,0,0,0,0,0,0,0,0,0,0,0,0,0,0,0,0,0,0,0,0,0,0,0,0,0,0,0,0,0,0,0,0,0,0,0,0,0,0,0,0,0,0,0,0,0,0,0,0,0,0
9.601348161,1.3982218192693836,-2.1100342324300234,2.271148629676838,4.651591337287542,0.7902775728130251,0.10086291330102526,4.7375913372876015,0.7042775728130082,0.014862913301225342,4.748801443446277,0.24860843046984593,-0.1702067389742794,4.447364417489866,1.079960659758622,-1.1323473330694367,-1.18,2.09,-1.0,0.0,0.0,0.0,-1.18,4.09,-1.0,0.0,0.0,0.0,-1.18,6.09,-1.0,0.0,0.0,0.0,-1.18,2.09,1.0,0.0,0.0,0.0,-1.18,4.09,1.0,0.0,0.0,0.0,-1.18,6.09,1.0,0.0,0.0,0.0,3.57,-3.09,-1.0,0.0,0.0,0.0,3.57,-1.09,-1.0,0.0,0.0,0.0,3.57,-3.09,1.0,0.0,0.0,0.0,3.57,-1.09,1.0,0.0,0.0,0.0,-2.11,2.45,-1.0,0.0,0.0,0.0,-2.11,4.45,-1.0,0.0,0.0,0.0,-2.11,2.45,1.0,0.0,0.0,0.0,-2.11,4.45,1.0,0.0,0.0,0.0,8.69,-0.9860000000001853,-0.29999999999993754,0.0,-0.8200000000000429,-0.19999999999997797,0,0,0,0,0,0,0,0,0,0,0,0,0,0,0,0,0,0,0,0,0,0,0,0,0,0,0,0,0,0,0,0,0,0,0,0,0,0,0,0,0,0,0,0,0,0,0,0,0,0,0,0,0,0,0,0,0,0,0,0,0,0,0,0,0,0,0,0,0,0,0,0,0,0,0,0,0,0,0,0,0,0,0,0,0,0,0,0,0,0,0,0,0,0,0,0,0,0,0,0,0,0,0,0,0,0,0,0,0,0,0,0,0,0,0,0,0,0,0,0,0,0,0,0,0,0,0,0,0,0,0,0,0,0,0,0,0,0,0,0,0,0,0,0,0,0,0,0,0,0,0,0,0,0,0,0,0,0,0,0,0,0,0,0,0,0,0,0,0,0,0,0,0,0,0,0,0,0,0,0,0,0,0,0,0,0,0,0,0,0,0,0,0,0,0,0,0,0,0,0,0,0,0,0,0,0,0,0,0,0
9.700737655,1.8706109529981405,-2.038740475148724,2.2738383829110087,4.712391337287581,0.6790775728129361,0.023409103704663536,4.653591337287602,0.6202775728130082,0.04335021464569033,4.516532926211554,0.3255839535598892,0.04335021464569033,4.2517033813237886,1.047063201700475,-1.1362893754280814,-1.18,2.09,-1.0,0.0,0.0,0.0,-1.18,4.09,-1.0,0.0,0.0,0.0,-1.18,6.09,-1.0,0.0,0.0,0.0,-1.18,2.09,1.0,0.0,0.0,0.0,-1.18,4.09,1.0,0.0,0.0,0.0,-1.18,6.09,1.0,0.0,0.0,0.0,3.57,-3.09,-1.0,0.0,0.0,0.0,3.57,-1.09,-1.0,0.0,0.0,0.0,3.57,-3.09,1.0,0.0,0.0,0.0,3.57,-1.09,1.0,0.0,0.0,0.0,-2.11,2.45,-1.0,0.0,0.0,0.0,-2.11,4.45,-1.0,0.0,0.0,0.0,-2.11,2.45,1.0,0.0,0.0,0.0,-2.11,4.45,1.0,0.0,0.0,0.0,8.69,-1.0516000000001886,-0.3159999999999358,0.0,-0.8200000000000429,-0.19999999999997797,0,0,0,0,0,0,0,0,0,0,0,0,0,0,0,0,0,0,0,0,0,0,0,0,0,0,0,0,0,0,0,0,0,0,0,0,0,0,0,0,0,0,0,0,0,0,0,0,0,0,0,0,0,0,0,0,0,0,0,0,0,0,0,0,0,0,0,0,0,0,0,0,0,0,0,0,0,0,0,0,0,0,0,0,0,0,0,0,0,0,0,0,0,0,0,0,0,0,0,0,0,0,0,0,0,0,0,0,0,0,0,0,0,0,0,0,0,0,0,0,0,0,0,0,0,0,0,0,0,0,0,0,0,0,0,0,0,0,0,0,0,0,0,0,0,0,0,0,0,0,0,0,0,0,0,0,0,0,0,0,0,0,0,0,0,0,0,0,0,0,0,0,0,0,0,0,0,0,0,0,0,0,0,0,0,0,0,0,0,0,0,0,0,0,0,0,0,0,0,0,0,0,0,0,0,0,0,0,0,0
9.800917205,2.24289825998116,-1.9891182693236962,2.2773064000826504,4.653591337287821,0.6202775728130216,0.043350214645521135,4.559591337287602,0.5262775728130082,-0.014551453533464542,4.297871493700686,0.34343295352592706,-0.014551453533464542,4.0484069538204235,1.0171992660695173,-1.1370709172067637,-1.18,2.09,-1.0,0.0,0.0,0.0,-1.18,4.09,-1.0,0.0,0.0,0.0,-1.18,6.09,-1.0,0.0,0.0,0.0,-1.18,2.09,1.0,0.0,0.0,0.0,-1.18,4.09,1.0,0.0,0.0,0.0,-1.18,6.09,1.0,0.0,0.0,0.0,3.57,-3.09,-1.0,0.0,0.0,0.0,3.57,-1.09,-1.0,0.0,0.0,0.0,3.57,-3.09,1.0,0.0,0.0,0.0,3.57,-1.09,1.0,0.0,0.0,0.0,-2.11,2.45,-1.0,0.0,0.0,0.0,-2.11,4.45,-1.0,0.0,0.0,0.0,-2.11,2.45,1.0,0.0,0.0,0.0,-2.11,4.45,1.0,0.0,0.0,0.0,8.69,-1.117200000000192,-0.331999999999934,0.0,-0.8200000000000429,-0.19999999999997797,0,0,0,0,0,0,0,0,0,0,0,0,0,0,0,0,0,0,0,0,0,0,0,0,0,0,0,0,0,0,0,0,0,0,0,0,0,0,0,0,0,0,0,0,0,0,0,0,0,0,0,0,0,0,0,0,0,0,0,0,0,0,0,0,0,0,0,0,0,0,0,0,0,0,0,0,0,0,0,0,0,0,0,0,0,0,0,0,0,0,0,0,0,0,0,0,0,0,0,0,0,0,0,0,0,0,0,0,0,0,0,0,0,0,0,0,0,0,0,0,0,0,0,0,0,0,0,0,0,0,0,0,0,0,0,0,0,0,0,0,0,0,0,0,0,0,0,0,0,0,0,0,0,0,0,0,0,0,0,0,0,0,0,0,0,0,0,0,0,0,0,0,0,0,0,0,0,0,0,0,0,0,0,0,0,0,0,0,0,0,0,0,0,0,0,0,0,0,0,0,0,0,0,0,0,0,0,0,0,0
9.901378258,2.699811393709919,-1.9355365120423973,2.2767200747474328,4.542191337287527,0.5088775728129935,0.0028485464663496884,4.472591337287602,0.4392775728130083,0.07244854646653545,4.0624803919832155,0.3644301695333221,0.1505451913950666,3.8393149436424743,0.9896063752929376,-1.1388248111940027,-1.18,2.09,-1.0,0.0,0.0,0.0,-1.18,4.09,-1.0,0.0,0.0,0.0,-1.18,6.09,-1.0,0.0,0.0,0.0,-1.18,2.09,1.0,0.0,0.0,0.0,-1.18,4.09,1.0,0.0,0.0,0.0,-1.18,6.09,1.0,0.0,0.0,0.0,3.57,-3.09,-1.0,0.0,0.0,0.0,3.57,-1.09,-1.0,0.0,0.0,0.0,3.57,-3.09,1.0,0.0,0.0,0.0,3.57,-1.09,1.0,0.0,0.0,0.0,-2.11,2.45,-1.0,0.0,0.0,0.0,-2.11,4.45,-1.0,0.0,0.0,0.0,-2.11,2.45,1.0,0.0,0.0,0.0,-2.11,4.45,1.0,0.0,0.0,0.0,8.69,-1.1992000000001963,-0.3519999999999318,0.0,-0.8200000000000429,-0.19999999999997797,0,0,0,0,0,0,0,0,0,0,0,0,0,0,0,0,0,0,0,0,0,0,0,0,0,0,0,0,0,0,0,0,0,0,0,0,0,0,0,0,0,0,0,0,0,0,0,0,0,0,0,0,0,0,0,0,0,0,0,0,0,0,0,0,0,0,0,0,0,0,0,0,0,0,0,0,0,0,0,0,0,0,0,0,0,0,0,0,0,0,0,0,0,0,0,0,0,0,0,0,0,0,0,0,0,0,0,0,0,0,0,0,0,0,0,0,0,0,0,0,0,0,0,0,0,0,0,0,0,0,0,0,0,0,0,0,0,0,0,0,0,0,0,0,0,0,0,0,0,0,0,0,0,0,0,0,0,0,0,0,0,0,0,0,0,0,0,0,0,0,0,0,0,0,0,0,0,0,0,0,0,0,0,0,0,0,0,0,0,0,0,0,0,0,0,0,0,0,0,0,0,0,0,0,0,0,0,0,0,0
10.001632891,3.05761870069291,-1.9003943062173545,2.2825159584647516,4.4725913372873904,0.4392775728130349,0.07244854646648591,4.382591337287602,0.3492775728130083,-0.017551453533464545,3.9449439278159404,-0.20929908417305132,-0.08652256861656404,3.627731346458604,0.9655718681571335,-1.1387222801060488,-1.18,2.09,-1.0,0.0,0.0,0.0,-1.18,4.09,-1.0,0.0,0.0,0.0,-1.18,6.09,-1.0,0.0,0.0,0.0,-1.18,2.09,1.0,0.0,0.0,0.0,-1.18,4.09,1.0,0.0,0.0,0.0,-1.18,6.09,1.0,0.0,0.0,0.0,3.57,-3.09,-1.0,0.0,0.0,0.0,3.57,-1.09,-1.0,0.0,0.0,0.0,3.57,-3.09,1.0,0.0,0.0,0.0,3.57,-1.09,1.0,0.0,0.0,0.0,-2.11,2.45,-1.0,0.0,0.0,0.0,-2.11,4.45,-1.0,0.0,0.0,0.0,-2.11,2.45,1.0,0.0,0.0,0.0,-2.11,4.45,1.0,0.0,0.0,0.0,8.69,-1.2812000000002006,-0.3719999999999296,0.0,-0.8200000000000429,-0.19999999999997797,0,0,0,0,0,0,0,0,0,0,0,0,0,0,0,0,0,0,0,0,0,0,0,0,0,0,0,0,0,0,0,0,0,0,0,0,0,0,0,0,0,0,0,0,0,0,0,0,0,0,0,0,0,0,0,0,0,0,0,0,0,0,0,0,0,0,0,0,0,0,0,0,0,0,0,0,0,0,0,0,0,0,0,0,0,0,0,0,0,0,0,0,0,0,0,0,0,0,0,0,0,0,0,0,0,0,0,0,0,0,0,0,0,0,0,0,0,0,0,0,0,0,0,0,0,0,0,0,0,0,0,0,0,0,0,0,0,0,0,0,0,0,0,0,0,0,0,0,0,0,0,0,0,0,0,0,0,0,0,0,0,0,0,0,0,0,0,0,0,0,0,0,0,0,0,0,0,0,0,0,0,0,0,0,0,0,0,0,0,0,0,0,0,0,0,0,0,0,0,0,0,0,0,0,0,0,0,0,0,0
10.100744528,3.4961346905270303,-1.865075228065617,2.281749892333639,4.336261701743998,0.31627422727460636,0.009603549912270753,4.289591337287602,0.25627757281300834,0.001567400949909814,3.67189510757032,-0.05212268820922805,0.001567400949909814,3.4248134406120254,0.9461697385941398,-1.1414336889702728,-1.18,2.09,-1.0,0.0,0.0,0.0,-1.18,4.09,-1.0,0.0,0.0,0.0,-1.18,6.09,-1.0,0.0,0.0,0.0,-1.18,2.09,1.0,0.0,0.0,0.0,-1.18,4.09,1.0,0.0,0.0,0.0,-1.18,6.09,1.0,0.0,0.0,0.0,3.57,-3.09,-1.0,0.0,0.0,0.0,3.57,-1.09,-1.0,0.0,0.0,0.0,3.57,-3.09,1.0,0.0,0.0,0.0,3.57,-1.09,1.0,0.0,0.0,0.0,-2.11,2.45,-1.0,0.0,0.0,0.0,-2.11,4.45,-1.0,0.0,0.0,0.0,-2.11,2.45,1.0,0.0,0.0,0.0,-2.11,4.45,1.0,0.0,0.0,0.0,8.69,-1.346800000000204,-0.38799999999992785,0.0,-0.8200000000000429,-0.19999999999997797,0,0,0,0,0,0,0,0,0,0,0,0,0,0,0,0,0,0,0,0,0,0,0,0,0,0,0,0,0,0,0,0,0,0,0,0,0,0,0,0,0,0,0,0,0,0,0,0,0,0,0,0,0,0,0,0,0,0,0,0,0,0,0,0,0,0,0,0,0,0,0,0,0,0,0,0,0,0,0,0,0,0,0,0,0,0,0,0,0,0,0,0,0,0,0,0,0,0,0,0,0,0,0,0,0,0,0,0,0,0,0,0,0,0,0,0,0,0,0,0,0,0,0,0,0,0,0,0,0,0,0,0,0,0,0,0,0,0,0,0,0,0,0,0,0,0,0,0,0,0,0,0,0,0,0,0,0,0,0,0,0,0,0,0,0,0,0,0,0,0,0,0,0,0,0,0,0,0,0,0,0,0,0,0,0,0,0,0,0,0,0,0,0,0,0,0,0,0,0,0,0,0,0,0,0,0,0,0,0,0
