timestamp,time_elapsed,pos_x,pos_y,pos_z,goal_x,goal_y,goal_z,cmd_vel_x,cmd_vel_y,cmd_vel_z,desired_vel_x,desired_vel_y,desired_vel_z,actual_vel_x,actual_vel_y,actual_vel_z,distance_to_goal,obstacle_main_x,obstacle_main_y,obstacle_0_x,obstacle_0_y,obstacle_1_x,obstacle_1_y,obstacle_2_x,obstacle_2_y,obstacle_3_x,obstacle_3_y,obstacle_4_x,obstacle_4_y,obstacle_5_x,obstacle_5_y,obstacle_6_x,obstacle_6_y,obstacle_7_x,obstacle_7_y,obstacle_8_x,obstacle_8_y,obstacle_9_x,obstacle_9_y
1750608353.3830943,2.1000804901123047,-5.0,0.0,0.0,10.0,0.0,0.0,0.0,0.0,0.0,1.0,0.0,0.0,0.0,0.0,0.0,inf,0.0,0.0,0.0,0.0,5.0,10.920000000000044,0.0,0.0,0.0,0.0,0.0,0.0,0.0,0.0,0.0,0.0,0.0,0.0,0.0,0.0,0.0,0.0
1750608353.486727,2.2037131786346436,-5.0,0.0,0.0,10.0,0.0,0.0,0.0,0.0,0.0,1.0,0.0,0.0,0.0,0.0,0.0,inf,0.0,0.0,0.0,0.0,5.0,10.8200000000001,0.0,0.0,0.0,0.0,0.0,0.0,0.0,0.0,0.0,0.0,0.0,0.0,0.0,0.0,0.0,0.0
1750608353.5899913,2.3069775104522705,-5.0,0.0,0.0,10.0,0.0,0.0,0.0,0.0,0.0,1.0,0.0,0.0,0.0,0.0,0.0,inf,0.0,0.0,0.0,0.0,5.0,10.720000000000155,0.0,0.0,0.0,0.0,0.0,0.0,0.0,0.0,0.0,0.0,0.0,0.0,0.0,0.0,0.0,0.0
1750608353.6942441,2.4112303256988525,-5.0,0.0,0.0,10.0,0.0,0.0,0.0,0.0,0.0,1.0,0.0,0.0,0.0,0.0,0.0,inf,0.0,0.0,0.0,0.0,5.0,10.62000000000021,0.0,0.0,0.0,0.0,0.0,0.0,0.0,0.0,0.0,0.0,0.0,0.0,0.0,0.0,0.0,0.0
1750608353.7973025,2.5142886638641357,-5.0,0.0,0.0,10.0,0.0,0.0,0.0,0.0,0.0,1.0,0.0,0.0,0.0,0.0,0.0,inf,0.0,0.0,0.0,0.0,5.0,10.520000000000266,0.0,0.0,0.0,0.0,0.0,0.0,0.0,0.0,0.0,0.0,0.0,0.0,0.0,0.0,0.0,0.0
1750608353.89927,2.6162562370300293,-5.0,0.0,0.0,10.0,0.0,0.0,0.0,0.0,0.0,1.0,0.0,0.0,0.0,0.0,0.0,inf,0.0,0.0,0.0,0.0,5.0,10.420000000000321,0.0,0.0,0.0,0.0,0.0,0.0,0.0,0.0,0.0,0.0,0.0,0.0,0.0,0.0,0.0,0.0
1750608354.0029905,2.7199766635894775,-5.0,0.0,0.0,10.0,0.0,0.0,0.0,0.0,0.0,1.0,0.0,0.0,0.0,0.0,0.0,inf,0.0,0.0,0.0,0.0,5.0,10.320000000000377,0.0,0.0,0.0,0.0,0.0,0.0,0.0,0.0,0.0,0.0,0.0,0.0,0.0,0.0,0.0,0.0
1750608354.1064115,2.823397636413574,-5.0,0.0,0.0,10.0,0.0,0.0,0.0,0.0,0.0,1.0,0.0,0.0,0.0,0.0,0.0,inf,0.0,0.0,0.0,0.0,5.0,10.220000000000432,0.0,0.0,0.0,0.0,0.0,0.0,0.0,0.0,0.0,0.0,0.0,0.0,0.0,0.0,0.0,0.0
1750608354.2089832,2.925969362258911,-5.0,0.0,0.0,10.0,0.0,0.0,0.0,0.0,0.0,1.0,0.0,0.0,0.0,0.0,0.0,inf,0.0,0.0,0.0,0.0,5.0,10.120000000000488,0.0,0.0,0.0,0.0,0.0,0.0,0.0,0.0,0.0,0.0,0.0,0.0,0.0,0.0,0.0,0.0
1750608354.3123033,3.029289484024048,-5.0,0.0,0.0,10.0,0.0,0.0,0.0,0.0,0.0,1.0,0.0,0.0,0.0,0.0,0.0,inf,0.0,0.0,0.0,0.0,5.0,10.020000000000543,0.0,0.0,0.0,0.0,0.0,0.0,0.0,0.0,0.0,0.0,0.0,0.0,0.0,0.0,0.0,0.0
1750608354.415652,3.1326382160186768,-4.989493843445139,0.00024236919783486238,0.002670847712292118,10.0,0.0,0.0,0.47755257067542234,0.011016781719766468,0.12140216874055088,0.9999999999600407,-8.07925620060755e-07,-8.90313749980599e-06,0.47755257067549906,0.011016781719766475,0.12140216874055074,inf,0.0,0.0,0.0,0.0,5.0,9.920000000000599,0.0,0.0,0.0,0.0,0.0,0.0,0.0,0.0,0.0,0.0,0.0,0.0,0.0,0.0,0.0,0.0
1750608354.518034,3.235020160675049,-4.936242474189825,-3.644537792380414e-05,0.016693650729653807,10.0,0.0,0.0,0.7065572451655234,-0.046503749435871565,0.19984325804499406,0.999999729465337,-6.015818572330392e-05,-0.0007331099817734484,0.7065572451656621,-0.046503749435871565,0.19984325804499328,inf,0.0,0.0,0.0,0.0,5.0,9.820000000000654,0.0,0.0,0.0,0.0,0.0,0.0,0.0,0.0,0.0,0.0,0.0,0.0,0.0,0.0,0.0,0.0
1750608354.6205769,3.3375630378723145,-4.862425753900974,-0.00448400002587315,0.03830458854398934,10.0,0.0,0.0,0.8236311626575743,-0.03899188663447128,0.2600881472981851,0.9999979779175845,0.00020456778969040392,-0.0020005781068499506,0.823631162657712,-0.03899188663447107,0.26008814729818613,inf,0.0,0.0,0.0,0.0,5.0,9.72000000000071,0.0,0.0,0.0,0.0,0.0,0.0,0.0,0.0,0.0,0.0,0.0,0.0,0.0,0.0,0.0,0.0
1750608354.7229364,3.439922571182251,-4.77814634269575,-0.006539602507516396,0.05661409203313839,10.0,0.0,0.0,0.8854471284467398,0.02047863535920205,0.011723268566912942,0.9999932054061795,0.0004615894232402568,-0.0036573319071292604,0.8854471284465149,0.020478635359201868,0.011723268566909972,inf,0.0,0.0,0.0,0.0,5.0,9.620000000000765,0.0,0.0,0.0,0.0,0.0,0.0,0.0,0.0,0.0,0.0,0.0,0.0,0.0,0.0,0.0,0.0
1750608354.8257968,3.54278302192688,-4.688370437065154,-0.006923482541943951,0.05333366921962518,10.0,0.0,0.0,0.9206240651880073,-0.048999752365019356,-0.11549815058178,0.9999923591753026,0.000360668031782346,-0.003892494005588891,0.9206240651877806,-0.04899975236501934,-0.11549815058178178,inf,0.0,0.0,0.0,0.0,5.0,9.52000000000082,0.0,0.0,0.0,0.0,0.0,0.0,0.0,0.0,0.0,0.0,0.0,0.0,0.0,0.0,0.0,0.0
1750608354.9297843,3.646770477294922,-4.595553508712707,-0.007963779338414584,0.0398655240380567,10.0,0.0,0.0,0.9410165471789977,0.05531588114934066,-0.16734491067341306,0.9999946781524537,0.000663875820821185,-0.003194203447669617,0.941016547178819,0.05531588114934122,-0.1673449106734115,inf,0.0,0.0,0.0,0.0,5.0,9.420000000000876,0.0,0.0,0.0,0.0,0.0,0.0,0.0,0.0,0.0,0.0,0.0,0.0,0.0,0.0,0.0,0.0
1750608355.0364375,3.7534236907958984,-4.501085588178891,-0.0020941967731902267,0.03182611686536895,10.0,0.0,0.0,0.9501731925776162,0.06376574240659813,0.05003218669292217,0.9999975924547149,0.0003572857551330449,-0.002165047727641705,0.950173192577175,0.06376574240659837,0.050032186692923475,inf,0.0,0.0,0.0,0.0,5.0,9.320000000000931,0.0,0.0,0.0,0.0,0.0,0.0,0.0,0.0,0.0,0.0,0.0,0.0,0.0,0.0,0.0,0.0
1750608355.1388586,3.855844736099243,-4.405967205206635,0.004866035530027947,0.02985847647766301,10.0,0.0,0.0,0.9522786866296273,0.07592528537656401,-0.09519404366120839,0.9999972699587482,-6.95561346314685e-05,-0.0023356448776978003,0.9522786866300592,0.07592528537656364,-0.09519404366120988,inf,0.0,0.0,0.0,0.0,5.0,9.220000000000987,0.0,0.0,0.0,0.0,0.0,0.0,0.0,0.0,0.0,0.0,0.0,0.0,0.0,0.0,0.0,0.0
1750608355.2407777,3.957763910293579,-4.3104969358734335,0.010523332386792273,0.028327815240920227,10.0,0.0,0.0,0.9574361476981572,0.03475014322992378,0.07477921441066582,0.9999982160623635,-0.0005759663564491048,-0.0017989260259263092,0.9574361476980542,0.034750143229924514,0.07477921441066682,inf,0.0,0.0,0.0,0.0,5.0,9.120000000001042,0.0,0.0,0.0,0.0,0.0,0.0,0.0,0.0,0.0,0.0,0.0,0.0,0.0,0.0,0.0,0.0
1750608355.3438234,4.06080961227417,-4.2146361786357245,0.014582089065894475,0.040008166628958015,10.0,0.0,0.0,0.9597789970560022,0.046424990352119944,0.15882781335008878,0.9999972001599274,-0.0008408268767073399,-0.0022119408828467483,0.9597789970561266,0.046424990352119534,0.15882781335008891,inf,0.0,0.0,0.0,0.0,5.0,9.020000000001097,0.0,0.0,0.0,0.0,0.0,0.0,0.0,0.0,0.0,0.0,0.0,0.0,0.0,0.0,0.0,0.0
1750608355.4464924,4.16347861289978,-4.1185551749023,0.016616532679061602,0.05843444050352987,10.0,0.0,0.0,0.9616883309041788,-0.0018723322783397167,0.20592952704570225,0.9999939800988161,-0.0011596152363720455,-0.003270330049410982,0.9616883309044866,-0.001872332278340244,0.20592952704569928,inf,0.0,0.0,0.0,0.0,5.0,8.920000000001153,0.0,0.0,0.0,0.0,0.0,0.0,0.0,0.0,0.0,0.0,0.0,0.0,0.0,0.0,0.0,0.0
1750608355.5499346,4.266920804977417,-4.022963952745115,0.01604635831133789,0.08033661230430462,10.0,0.0,0.0,0.951729521710167,-0.008474765724713382,0.2285022700837141,0.9999882475548386,-0.0011749222273533934,-0.004703648579828027,0.9517295217102983,-0.008474765724714173,0.22850227008371077,inf,0.0,0.0,0.0,0.0,5.0,8.820000000001208,0.0,0.0,0.0,0.0,0.0,0.0,0.0,0.0,0.0,0.0,0.0,0.0,0.0,0.0,0.0,0.0
1750608355.6520329,4.369019031524658,-3.92783978409211,0.014357300332999583,0.10389213201680193,10.0,0.0,0.0,0.9509164630767674,-0.02250112248916188,0.24025714848581944,0.999979432019739,-0.0011257904036896344,-0.0063141217478833184,0.9509164630765454,-0.022501122489162334,0.24025714848581453,inf,0.0,0.0,0.0,0.0,5.0,8.720000000001264,0.0,0.0,0.0,0.0,0.0,0.0,0.0,0.0,0.0,0.0,0.0,0.0,0.0,0.0,0.0,0.0
1750608355.7548392,4.471825361251831,-3.8323661442100714,0.014360728768364946,0.12842290831853714,10.0,0.0,0.0,0.9569798531462455,0.013269364562926598,0.24827399694857577,0.9999671329699648,-0.0009847168319340961,-0.00804756563128758,0.9569798531461338,0.013269364562926503,0.2482739969485726,inf,0.0,0.0,0.0,0.0,5.0,8.620000000001319,0.0,0.0,0.0,0.0,0.0,0.0,0.0,0.0,0.0,0.0,0.0,0.0,0.0,0.0,0.0,0.0
1750608355.857744,4.574730157852173,-3.736625790921875,0.01811675620966396,0.13772764047512304,10.0,0.0,0.0,0.9576859860393426,0.05375421431303343,-0.01043712868927027,0.9999511731010327,-0.0010681081449800793,-0.009823978769284024,0.9576859860391806,0.05375421431303219,-0.010437128689283481,inf,0.0,0.0,0.0,0.0,5.0,8.520000000001374,0.0,0.0,0.0,0.0,0.0,0.0,0.0,0.0,0.0,0.0,0.0,0.0,0.0,0.0,0.0,0.0
1750608355.960747,4.6777331829071045,-3.641213717401002,0.03001051091532591,0.14297525249661308,10.0,0.0,0.0,0.9522009847615158,0.15403626468778225,0.0863524850094512,0.9999485963652399,-0.0014399327945334485,-0.010036494444464987,0.9522009847615642,0.1540362646877819,0.08635248500946102,inf,0.0,0.0,0.0,0.0,5.0,8.42000000000143,0.0,0.0,0.0,0.0,0.0,0.0,0.0,0.0,0.0,0.0,0.0,0.0,0.0,0.0,0.0,0.0
1750608356.0641763,4.78116250038147,-3.546516492998925,0.04692105585358399,0.1575181831740215,10.0,0.0,0.0,0.9445116601429686,0.17619683041542616,0.17323016407508468,0.9999401063433757,-0.00247759528276434,-0.010660452505100448,0.944511660142755,0.17619683041542736,0.1732301640750833,inf,0.0,0.0,0.0,0.0,5.0,8.320000000001485,0.0,0.0,0.0,0.0,0.0,0.0,0.0,0.0,0.0,0.0,0.0,0.0,0.0,0.0,0.0,0.0
1750608356.16706,4.8840460777282715,-3.4525648124276103,0.06363155926019083,0.15803328960416657,10.0,0.0,0.0,0.9374766539038679,0.16339148344450166,-0.06350096236664052,0.9999222476692295,-0.003728745108523817,-0.011899372925985092,0.9374766539038681,0.16339148344450344,-0.0635009623666527,inf,0.0,0.0,0.0,0.0,5.0,8.22000000000154,0.0,0.0,0.0,0.0,0.0,0.0,0.0,0.0,0.0,0.0,0.0,0.0,0.0,0.0,0.0,0.0
1750608356.2691905,4.9861767292022705,-3.3585560234657246,0.06736811384308053,0.16295788278772916,10.0,0.0,0.0,0.9409583015239237,-0.004643100042971943,0.08682822990305045,0.9999195564951244,-0.004954509182314917,-0.011676188477229876,0.9409583015238532,-0.0046431000429725255,0.08682822990305206,inf,0.0,0.0,0.0,0.0,5.0,8.120000000001596,0.0,0.0,0.0,0.0,0.0,0.0,0.0,0.0,0.0,0.0,0.0,0.0,0.0,0.0,0.0,0.0
1750608356.3724704,5.089456558227539,-3.246111404721911,0.07880720781242972,0.17781212256943368,10.0,0.0,0.0,0.9371159256816368,-0.06612812965396059,0.17139924998974249,0.9999115358533636,-0.005042737314249743,-0.012308178896452285,0.9363340539606746,0.08405352764922769,0.13929001853009715,inf,0.0,0.0,0.0,0.0,5.0,8.000000000001663,0.0,0.0,0.0,0.0,0.0,0.0,0.0,0.0,0.0,0.0,0.0,0.0,0.0,0.0,0.0,0.0
1750608356.4740689,5.191055059432983,-3.171142130667394,0.07351695744011238,0.19152406256861287,10.0,0.0,0.0,0.942062380220911,-0.0013667471366248449,0.2093113169366133,0.9998936049963786,-0.005891578464375963,-0.013344211874225357,0.9371159256814643,-0.06612812965396675,0.17139924998973988,inf,0.0,0.0,0.0,0.0,5.0,7.920000000001636,0.0,0.0,0.0,0.0,0.0,0.0,0.0,0.0,0.0,0.0,0.0,0.0,0.0,0.0,0.0,0.0
1750608356.5768898,5.2938759326934814,-3.077024928827025,0.07221457784113822,0.21177277705722986,10.0,0.0,0.0,0.9397264151142126,0.07490277892517601,0.23847932184997112,0.9998766676882188,-0.0055355025650164974,-0.014697197830057657,0.942062380220765,-0.0013667471366191064,0.20931131693660565,inf,0.0,0.0,0.0,0.0,5.0,7.820000000001603,0.0,0.0,0.0,0.0,0.0,0.0,0.0,0.0,0.0,0.0,0.0,0.0,0.0,0.0,0.0,0.0
1750608356.679442,5.396428108215332,-2.983012575908803,0.0784082737906053,0.23512485315870024,10.0,0.0,0.0,0.9397264151142126,0.07490277892517601,0.23847932184997112,0.9998513275991987,-0.0055307752773902045,-0.01633196935310673,0.9397264151140838,0.07490277892517605,0.23847932184997694,inf,0.0,0.0,0.0,0.0,5.0,7.720000000001569,0.0,0.0,0.0,0.0,0.0,0.0,0.0,0.0,0.0,0.0,0.0,0.0,0.0,0.0,0.0,0.0
1750608356.7821133,5.499099493026733,-2.8890399343973945,0.08589855168312291,0.2589727853436969,10.0,0.0,0.0,0.9476908023274584,0.08693790284082312,0.25567460265606673,0.999815849351986,-0.006069222868603366,-0.018205271718329495,0.9397264151140838,0.07490277892517605,0.23847932184994924,inf,0.0,0.0,0.0,0.0,5.0,7.620000000001536,0.0,0.0,0.0,0.0,0.0,0.0,0.0,0.0,0.0,0.0,0.0,0.0,0.0,0.0,0.0,0.0
1750608356.8846428,5.601629018783569,-2.7943345692623636,0.09449606097588023,0.2844026833628554,10.0,0.0,0.0,0.9476908023274584,0.08693790284082312,0.25567460265606673,0.9997746228833174,-0.006683542490816941,-0.02015027787137849,0.9476908023273722,0.08693790284082514,0.2556746026560752,inf,0.0,0.0,0.0,0.0,5.0,7.520000000001502,0.0,0.0,0.0,0.0,0.0,0.0,0.0,0.0,0.0,0.0,0.0,0.0,0.0,0.0,0.0,0.0
1750608356.9881432,5.705129384994507,-2.6995654890296263,0.10318985125996274,0.3099701436284629,10.0,0.0,0.0,0.9498878224986835,-0.013736406185715318,0.25431848539638613,0.9996704693372849,-0.00810788850042544,-0.024356002936384506,0.9476908023273722,0.08693790284082514,0.2556746026560752,inf,0.0,0.0,0.0,0.0,5.0,7.420000000001469,0.0,0.0,0.0,0.0,0.0,0.0,0.0,0.0,0.0,0.0,0.0,0.0,0.0,0.0,0.0,0.0
1750608357.090007,5.806993246078491,-2.60458329784029,0.10211823356847131,0.3354060605198786,10.0,0.0,0.0,0.9498878224986835,-0.013736406185715318,0.25431848539638613,0.9996162849973712,-0.008100960382103247,-0.026488812901713565,0.9498878224984963,-0.01373640618571037,0.25431848539636537,inf,0.0,0.0,0.0,0.0,5.0,7.320000000001436,0.0,0.0,0.0,0.0,0.0,0.0,0.0,0.0,0.0,0.0,0.0,0.0,0.0,0.0,0.0,0.0
1750608357.1948466,5.911832809448242,-2.5095945155904404,0.10074459294990028,0.3608379090595151,10.0,0.0,0.0,0.9498878224986835,-0.013736406185715318,0.25431848539638613,0.9995576378402896,-0.008054197515261765,-0.028629679312310596,0.9498878224984963,-0.01373640618571037,0.25431848539636537,inf,0.0,0.0,0.0,0.0,5.0,7.220000000001402,0.0,0.0,0.0,0.0,0.0,0.0,0.0,0.0,0.0,0.0,0.0,0.0,0.0,0.0,0.0,0.0
1750608357.298549,6.015535116195679,-2.414605733340591,0.09937095233132924,0.38626975759915166,10.0,0.0,0.0,0.9498878224986835,-0.013736406185715318,0.25431848539638613,0.9994934497782413,-0.00800671641460627,-0.03080156396428979,0.9498878224984963,-0.01373640618571037,0.25431848539636537,inf,0.0,0.0,0.0,0.0,5.0,7.120000000001369,0.0,0.0,0.0,0.0,0.0,0.0,0.0,0.0,0.0,0.0,0.0,0.0,0.0,0.0,0.0,0.0
1750608357.4010997,6.118085861206055,-2.319616951090741,0.0979973117127582,0.4117016061387882,10.0,0.0,0.0,0.9498878224986835,-0.013736406185715318,0.25431848539638613,0.9994227363200341,-0.007957994976580268,-0.03302823704844777,0.9498878224984963,-0.01373640618571037,0.25431848539636537,inf,0.0,0.0,0.0,0.0,5.0,7.020000000001335,0.0,0.0,0.0,0.0,0.0,0.0,0.0,0.0,0.0,0.0,0.0,0.0,0.0,0.0,0.0,0.0
1750608357.5034795,6.220465660095215,-2.2246281688408915,0.09662367109418717,0.43713345467842474,10.0,0.0,0.0,0.9498878224986835,-0.013736406185715318,0.25431848539638613,0.9993450700475879,-0.00790799283948282,-0.03531139505644052,0.9498878224984963,-0.01373640618571037,0.25431848539636537,inf,0.0,0.0,0.0,0.0,5.0,6.920000000001302,0.0,0.0,0.0,0.0,0.0,0.0,0.0,0.0,0.0,0.0,0.0,0.0,0.0,0.0,0.0,0.0
1750608357.607446,6.324432134628296,-2.110641630141072,0.09497530235190192,0.4676516729259886,10.0,0.0,0.0,0.9498878224986835,-0.013736406185715318,0.25431848539638613,0.9992608891255527,-0.0078571904064275,-0.03762897849965053,0.9498878224984963,-0.01373640618571037,0.25431848539636537,inf,0.0,0.0,0.0,0.0,5.0,6.820000000001269,0.0,0.0,0.0,0.0,0.0,0.0,0.0,0.0,0.0,0.0,0.0,0.0,0.0,0.0,0.0,0.0
1750608357.7081232,6.425109386444092,-2.03462006135153,0.09504951282417348,0.48782296023605987,10.0,0.0,0.0,0.9516844689490931,0.05527082717478328,0.24407192530000604,0.9991708859550987,-0.0078061001485297,-0.03995754572260681,0.951684468949221,0.055270827174783155,0.24407192530001565,inf,0.0,0.0,0.0,0.0,5.0,6.720000000001235,0.0,0.0,0.0,0.0,0.0,0.0,0.0,0.0,0.0,0.0,0.0,0.0,0.0,0.0,0.0,0.0
1750608357.8126144,6.529600620269775,-1.939451614456622,0.1005765955416518,0.5122301527660587,10.0,0.0,0.0,0.9516844689490931,0.05527082717478328,0.24407192530000604,0.9990719788366302,-0.008283938055080903,-0.04226768829447948,0.9516844689489989,0.055270827174783155,0.24407192529996014,inf,0.0,0.0,0.0,0.0,5.0,6.620000000001202,0.0,0.0,0.0,0.0,0.0,0.0,0.0,0.0,0.0,0.0,0.0,0.0,0.0,0.0,0.0,0.0
1750608357.9154866,6.63247275352478,-1.8442263099828435,0.10362093533082864,0.5365769816781949,10.0,0.0,0.0,0.9541565375959575,-0.05267451753398337,0.24144742017565857,0.9989670431593285,-0.008782296619243197,-0.044583830562212906,0.954156537595896,-0.05267451753397656,0.24144742017562226,inf,0.0,0.0,0.0,0.0,5.0,6.520000000001168,0.0,0.0,0.0,0.0,0.0,0.0,0.0,0.0,0.0,0.0,0.0,0.0,0.0,0.0,0.0,0.0
1750608358.017901,6.73488712310791,-1.7491823566731233,0.09604003365874052,0.5604269911679985,10.0,0.0,0.0,0.9392885196012102,-0.14521251428159637,0.22965811906526892,0.9988630587742422,-0.008461637141119275,-0.046914715314670646,0.9392885196011225,-0.1452125142815952,0.2296581190652791,inf,0.0,0.0,0.0,0.0,5.0,6.420000000001135,0.0,0.0,0.0,0.0,0.0,0.0,0.0,0.0,0.0,0.0,0.0,0.0,0.0,0.0,0.0,0.0
1750608358.1225495,6.839535713195801,-1.6553918896598268,0.08510564486366665,0.583926099161892,10.0,0.0,0.0,0.9341631512006174,-0.012365750093234748,0.24940982600471034,0.9987629804993489,-0.007420026205935151,-0.049167590902550865,0.9341631512005399,-0.012365750093237815,0.24940982600474282,inf,0.0,0.0,0.0,0.0,5.0,6.320000000001102,0.0,0.0,0.0,0.0,0.0,0.0,0.0,0.0,0.0,0.0,0.0,0.0,0.0,0.0,0.0,0.0
1750608358.2242396,6.94122576713562,-1.5619277781754073,0.07963085198890585,0.608519806632863,10.0,0.0,0.0,0.9355689266230791,-0.13701921672373246,0.23919585160760193,0.9986409517071709,-0.00724727521241476,-0.05161130278719477,0.9355689266230538,-0.1370192167237383,0.2391958516075876,inf,0.0,0.0,0.0,0.0,5.0,6.220000000001068,0.0,0.0,0.0,0.0,0.0,0.0,0.0,0.0,0.0,0.0,0.0,0.0,0.0,0.0,0.0,0.0
1750608358.3269138,7.043900012969971,-1.468112571798905,0.06899655994398696,0.633365388750815,10.0,0.0,0.0,0.9431663888052675,-0.04679481591624488,0.26643105623091407,0.9985200001746081,-0.0062086130436032816,-0.05403019873529742,0.9431663888053166,-0.04679481591624013,0.2664310562309202,inf,0.0,0.0,0.0,0.0,5.0,6.120000000001035,0.0,0.0,0.0,0.0,0.0,0.0,0.0,0.0,0.0,0.0,0.0,0.0,0.0,0.0,0.0,0.0
1750608358.430336,7.147322177886963,-1.3737959329183733,0.06431707835236294,0.6600084943739071,10.0,0.0,0.0,0.9431663888052675,-0.04679481591624488,0.26643105623091407,0.9983728969158209,-0.005801584741055411,-0.056726539806374106,0.9431663888053166,-0.04679481591624013,0.2664310562309202,inf,0.0,0.0,0.0,0.0,5.0,6.020000000001001,0.0,0.0,0.0,0.0,0.0,0.0,0.0,0.0,0.0,0.0,0.0,0.0,0.0,0.0,0.0,0.0
1750608358.533166,7.250152111053467,-1.2792650433208181,0.060086391946893136,0.6860808450754629,10.0,0.0,0.0,0.9483920160496893,-0.035848591863696946,0.2525102044861395,0.9982167381841972,-0.005449203373238213,-0.05944451018806526,0.9483920160497927,-0.03584859186369499,0.2525102044861338,inf,0.0,0.0,0.0,0.0,5.0,5.920000000000968,0.0,0.0,0.0,0.0,0.0,0.0,0.0,0.0,0.0,0.0,0.0,0.0,0.0,0.0,0.0,0.0
1750608358.6364586,7.353444814682007,-1.1842278976908378,0.05536560633349498,0.7116211154523654,10.0,0.0,0.0,0.9527907721608962,-0.06109140135321928,0.25893798067038337,0.9980555422146513,-0.005171057384256846,-0.06211597878281454,0.9527907721609274,-0.061091401353220706,0.25893798067033735,inf,0.0,0.0,0.0,0.0,5.0,5.820000000000935,0.0,0.0,0.0,0.0,0.0,0.0,0.0,0.0,0.0,0.0,0.0,0.0,0.0,0.0,0.0,0.0
1750608358.7392528,7.4562389850616455,-1.0887911825044838,0.047372564050554886,0.7370856534371727,10.0,0.0,0.0,0.9560748965413193,-0.1003393627619273,0.24999506229057822,0.9978830968952923,-0.004686176151210548,-0.06486420186621009,0.9560748965413701,-0.10033936276192953,0.24999506229061996,inf,0.0,0.0,0.0,0.0,5.0,5.720000000000901,0.0,0.0,0.0,0.0,0.0,0.0,0.0,0.0,0.0,0.0,0.0,0.0,0.0,0.0,0.0,0.0
1750608358.845591,7.562577247619629,-0.9740621949195194,0.035331840519123345,0.7670850609120471,10.0,0.0,0.0,0.9560748965413193,-0.1003393627619273,0.24999506229057822,0.9977035731046248,-0.003862335199604483,-0.06762146538689076,0.9560748965413701,-0.10033936276192953,0.24999506229061996,inf,0.0,0.0,0.0,0.0,5.0,5.600000000000861,0.0,0.0,0.0,0.0,0.0,0.0,0.0,0.0,0.0,0.0,0.0,0.0,0.0,0.0,0.0,0.0
1750608358.9440646,7.661050796508789,-0.8975762031962098,0.027304691498169123,0.7870846658952967,10.0,0.0,0.0,0.9560748965413193,-0.1003393627619273,0.24999506229057822,0.9975170281107951,-0.0030167115428540257,-0.07036105514042695,0.9560748965413701,-0.10033936276192604,0.24999506229061996,inf,0.0,0.0,0.0,0.0,5.0,5.5200000000008345,0.0,0.0,0.0,0.0,0.0,0.0,0.0,0.0,0.0,0.0,0.0,0.0,0.0,0.0,0.0,0.0
1750608359.0475316,7.764517784118652,-0.8019687135420728,0.01727075522197652,0.8120841721243587,10.0,0.0,0.0,0.9560748965413193,-0.1003393627619273,0.24999506229057822,0.9973147113214252,-0.0021390423492341822,-0.07320376410875552,0.9560748965413701,-0.10033936276192604,0.24999506229061996,inf,0.0,0.0,0.0,0.0,5.0,5.420000000000801,0.0,0.0,0.0,0.0,0.0,0.0,0.0,0.0,0.0,0.0,0.0,0.0,0.0,0.0,0.0,0.0
1750608359.1512218,7.868207931518555,-0.7063612238879358,0.007236818945783775,0.8370836783534207,10.0,0.0,0.0,0.9560748965413193,-0.1003393627619273,0.24999506229057822,0.9971021209253356,-0.0012556346836850498,-0.07606434005326282,0.9560748965413701,-0.10033936276192726,0.24999506229061996,inf,0.0,0.0,0.0,0.0,5.0,5.320000000000768,0.0,0.0,0.0,0.0,0.0,0.0,0.0,0.0,0.0,0.0,0.0,0.0,0.0,0.0,0.0,0.0
1750608359.2552097,7.972195863723755,-0.5914188191406275,0.0038946473362553584,0.8665068550697773,10.0,0.0,0.0,0.9588465480003394,0.012628844016031641,0.24251154594627006,0.9968799910324839,-0.0003700387342583131,-0.07893127738995444,0.9588465480003805,0.012628844016031749,0.24251154594623348,inf,0.0,0.0,0.0,0.0,5.0,5.200000000000728,0.0,0.0,0.0,0.0,0.0,0.0,0.0,0.0,0.0,0.0,0.0,0.0,0.0,0.0,0.0,0.0
1750608359.3554554,8.072441577911377,-0.5147110953005971,0.004904954857537864,0.885907778745476,10.0,0.0,0.0,0.9588465480003394,0.012628844016031641,0.24251154594627006,0.9966429393379583,-0.00037993313656765676,-0.08187006240749166,0.9588465480003805,0.012628844016031315,0.24251154594623348,inf,0.0,0.0,0.0,0.0,5.0,5.120000000000701,0.0,0.0,0.0,0.0,0.0,0.0,0.0,0.0,0.0,0.0,0.0,0.0,0.0,0.0,0.0,0.0
1750608359.4577696,8.174755811691284,-0.4188264405005638,0.006167839259140996,0.9101589333400993,10.0,0.0,0.0,0.9588465480003394,0.012628844016031641,0.24251154594627006,0.9963943642888435,-0.0005008327591374982,-0.08484114556026917,0.9588465480003252,0.012628844016031315,0.24251154594623348,inf,0.0,0.0,0.0,0.0,5.0,5.0200000000006675,0.0,0.0,0.0,0.0,0.0,0.0,0.0,0.0,0.0,0.0,0.0,0.0,0.0,0.0,0.0,0.0
1750608359.5606186,8.277604818344116,-0.3229417857005313,0.007430723660744127,0.9344100879347227,10.0,0.0,0.0,0.9588465480003394,0.012628844016031641,0.24251154594627006,0.996135061201484,-0.0006225847903417334,-0.08783252377846507,0.9588465480003252,0.012628844016031315,0.24251154594623348,inf,0.0,0.0,0.0,0.0,5.0,4.920000000000634,0.0,0.0,0.0,0.0,0.0,0.0,0.0,0.0,0.0,0.0,0.0,0.0,0.0,0.0,0.0,0.0
1750608359.6652849,8.38227105140686,-0.22705713090049812,0.00869360806234726,0.958661242529346,10.0,0.0,0.0,0.9588465480003394,0.012628844016031641,0.24251154594627006,0.9958590943361623,-0.0007477518111665192,-0.09090712345678677,0.9588465480003527,0.012628844016031315,0.24251154594623348,inf,0.0,0.0,0.0,0.0,5.0,4.820000000000601,0.0,0.0,0.0,0.0,0.0,0.0,0.0,0.0,0.0,0.0,0.0,0.0,0.0,0.0,0.0,0.0
1750608359.767591,8.484577178955078,-0.13117247610046284,0.009956492463950391,0.9829123971239694,10.0,0.0,0.0,0.9588465480003394,0.012628844016031641,0.24251154594627006,0.9955745270346599,-0.0008725213921606466,-0.09397127128082113,0.9588465480003527,0.012628844016031315,0.24251154594623348,inf,0.0,0.0,0.0,0.0,5.0,4.720000000000567,0.0,0.0,0.0,0.0,0.0,0.0,0.0,0.0,0.0,0.0,0.0,0.0,0.0,0.0,0.0,0.0
1750608359.8699353,8.586921453475952,-0.03528782130042887,0.011219376865553523,1.007163551718596,10.0,0.0,0.0,0.9588465480003394,0.012628844016031641,0.24251154594627006,0.9952688606647161,-0.0010021472782671735,-0.09715395355820831,0.958846548000339,0.012628844016031315,0.2425115459463445,inf,0.0,0.0,0.0,0.0,5.0,4.620000000000534,0.0,0.0,0.0,0.0,0.0,0.0,0.0,0.0,0.0,0.0,0.0,0.0,0.0,0.0,0.0,0.0
1750608359.9731677,8.69015383720398,0.06059683349960503,0.012482261267156654,1.0314147063132304,10.0,0.0,0.0,0.9588465480003394,0.012628844016031641,0.24251154594627006,0.9949505531944742,-0.0011327521026852877,-0.10035992014087725,0.958846548000339,0.012628844016031315,0.2425115459463445,inf,0.0,0.0,0.0,0.0,5.0,4.5200000000005005,0.0,0.0,0.0,0.0,0.0,0.0,0.0,0.0,0.0,0.0,0.0,0.0,0.0,0.0,0.0,0.0
1750608360.0777037,8.794689893722534,0.15648148829963937,0.013745145668759786,1.0556658609078649,10.0,0.0,0.0,0.9588465480003394,0.012628844016031641,0.24251154594627006,0.9946123301315761,-0.0012670877174227589,-0.1036566796639411,0.9588465480003527,0.012628844016031315,0.2425115459463445,inf,0.0,0.0,0.0,0.0,5.0,4.420000000000467,0.0,0.0,0.0,0.0,0.0,0.0,0.0,0.0,0.0,0.0,0.0,0.0,0.0,0.0,0.0,0.0
1750608360.179597,8.896583080291748,0.2523661430996746,0.015008030070362917,1.0799170155024993,10.0,0.0,0.0,0.9588465480003394,0.012628844016031641,0.24251154594627006,0.9942692081491155,-0.0013991201114299432,-0.10689613739254016,0.9588465480003473,0.012628844016031315,0.2425115459463445,inf,0.0,0.0,0.0,0.0,5.0,4.320000000000434,0.0,0.0,0.0,0.0,0.0,0.0,0.0,0.0,0.0,0.0,0.0,0.0,0.0,0.0,0.0,0.0
1750608360.2833774,9.00036358833313,0.3482507978997071,0.01627091447196605,1.1041681700971337,10.0,0.0,0.0,0.960293200873832,0.0942400300021516,0.21198788659877568,0.9938944116407387,-0.0015388925387056869,-0.11032465870812526,0.9588465480003252,0.012628844016031315,0.2425115459463445,inf,0.0,0.0,0.0,0.0,5.0,4.2200000000004,0.0,0.0,0.0,0.0,0.0,0.0,0.0,0.0,0.0,0.0,0.0,0.0,0.0,0.0,0.0,0.0
1750608360.385416,9.102402210235596,0.4442670981112275,0.024960416798306205,1.1256416716911333,10.0,0.0,0.0,0.960293200873832,0.0942400300021516,0.21198788659877568,0.9931299115182144,-0.0025941428858334715,-0.11698824415517788,0.9602932008738188,0.09424003000215243,0.21198788659870793,inf,0.0,0.0,0.0,0.0,5.0,4.120000000000367,0.0,0.0,0.0,0.0,0.0,0.0,0.0,0.0,0.0,0.0,0.0,0.0,0.0,0.0,0.0,0.0
1750608360.490506,9.207492113113403,0.5402964181986116,0.03438441979852133,1.146840460351004,10.0,0.0,0.0,0.960293200873832,0.0942400300021516,0.21198788659877568,0.9927465261905379,-0.003554513675012067,-0.12017362509783004,0.960293200873874,0.09424003000214898,0.21198788659870793,inf,0.0,0.0,0.0,0.0,5.0,4.0200000000003335,0.0,0.0,0.0,0.0,0.0,0.0,0.0,0.0,0.0,0.0,0.0,0.0,0.0,0.0,0.0,0.0
1750608360.5951395,9.31212568283081,0.636325738285999,0.04380842279873623,1.1680392490108749,10.0,0.0,0.0,0.960293200873832,0.0942400300021516,0.21198788659877568,0.9923379282294982,-0.004548618913170604,-0.12346961676124948,0.960293200873874,0.09424003000214898,0.21198788659870793,inf,0.0,0.0,0.0,0.0,5.0,3.9200000000003357,0.0,0.0,0.0,0.0,0.0,0.0,0.0,0.0,0.0,0.0,0.0,0.0,0.0,0.0,0.0,0.0
1750608360.6983032,9.415289402008057,0.7323550583733864,0.05323242579895113,1.1892380376707457,10.0,0.0,0.0,0.960293200873832,0.0942400300021516,0.21198788659877568,0.9919059105866188,-0.005569446345773176,-0.126852851015387,0.960293200873874,0.09424003000214898,0.21198788659870793,inf,0.0,0.0,0.0,0.0,5.0,3.8200000000003467,0.0,0.0,0.0,0.0,0.0,0.0,0.0,0.0,0.0,0.0,0.0,0.0,0.0,0.0,0.0,0.0
1750608360.8012006,9.518186807632446,0.8283917511128787,0.06269951103819214,1.210458194845652,10.0,0.0,0.0,0.9612147823869605,0.09962530988041231,0.21465895097812804,0.9914562908476781,-0.006602404543144993,-0.13027214434718193,0.961030466084356,0.09854825390476081,0.21412473810227262,inf,0.0,0.0,0.0,0.0,5.0,3.70000000000036,0.0,0.0,0.0,0.0,0.0,0.0,0.0,0.0,0.0,0.0,0.0,0.0,0.0,0.0,0.0,0.0
1750608360.9036164,9.62060260772705,0.9245515571667393,0.07179480003829174,1.2318925946951924,10.0,0.0,0.0,0.9644087669838817,0.027355144218563228,0.21203434695518603,0.9909730312026863,-0.00771415097735358,-0.13383924425839436,0.9644087669838932,0.027355144218560445,0.21203434695515888,inf,0.0,0.0,0.0,0.0,5.0,3.6200000000003687,0.0,0.0,0.0,0.0,0.0,0.0,0.0,0.0,0.0,0.0,0.0,0.0,0.0,0.0,0.0,0.0
1750608361.0063925,9.723378658294678,1.0209924338651262,0.07453031446014778,1.2530960293907083,10.0,0.0,0.0,0.9644087669838817,0.027355144218563228,0.21203434695518603,0.9904785303960114,-0.008139541204935706,-0.13742644830428674,0.964408766983782,0.027355144218560445,0.21203434695515888,inf,0.0,0.0,0.0,0.0,5.0,3.5200000000003797,0.0,0.0,0.0,0.0,0.0,0.0,0.0,0.0,0.0,0.0,0.0,0.0,0.0,0.0,0.0,0.0
1750608361.1092622,9.826248407363892,1.1174333105635044,0.07726582888200383,1.2742994640862242,10.0,0.0,0.0,0.9644087669838817,0.027355144218563228,0.21203434695518603,0.9899561601733243,-0.008519203500379782,-0.1411177667999542,0.964408766983782,0.027355144218560445,0.21203434695515888,inf,0.0,0.0,0.0,0.0,5.0,3.4200000000003907,0.0,0.0,0.0,0.0,0.0,0.0,0.0,0.0,0.0,0.0,0.0,0.0,0.0,0.0,0.0,0.0
1750608361.2124546,9.92944073677063,1.2138359729028414,0.07906657269467438,1.2952243490292217,10.0,0.0,0.0,0.962589035600788,-0.017157741933136694,0.1987700730258102,0.9894132414316805,-0.008900018147492252,-0.14485243303662348,0.9625890356008693,-0.0171577419331298,0.19877007302571137,inf,0.0,0.0,0.0,0.0,5.0,3.3200000000004017,0.0,0.0,0.0,0.0,0.0,0.0,0.0,0.0,0.0,0.0,0.0,0.0,0.0,0.0,0.0,0.0
1750608361.3160026,10.032988786697388,1.3100948764629283,0.0773507985013614,1.3151013563317928,10.0,0.0,0.0,0.962589035600788,-0.017157741933136694,0.1987700730258102,0.9888815062423595,-0.008832454037001053,-0.1484431014480861,0.9625890356008693,-0.0171577419331298,0.19877007302571137,inf,0.0,0.0,0.0,0.0,5.0,3.2200000000004128,0.0,0.0,0.0,0.0,0.0,0.0,0.0,0.0,0.0,0.0,0.0,0.0,0.0,0.0,0.0,0.0
1750608361.418432,10.135418176651001,1.4063537800230153,0.07563502430804842,1.334978363634364,10.0,0.0,0.0,0.962589035600788,-0.017157741933136694,0.1987700730258102,0.9883093412555279,-0.00873122236980549,-0.15221173326321863,0.9625890356008693,-0.0171577419331298,0.19877007302571137,inf,0.0,0.0,0.0,0.0,5.0,3.1200000000004238,0.0,0.0,0.0,0.0,0.0,0.0,0.0,0.0,0.0,0.0,0.0,0.0,0.0,0.0,0.0,0.0
1750608361.5213141,10.238300323486328,1.5026126835831022,0.07391925011473544,1.354855370936935,10.0,0.0,0.0,0.962589035600788,-0.017157741933136694,0.1987700730258102,0.9877153267388401,-0.008628586283007588,-0.15602557746710322,0.9625890356008693,-0.0171577419331298,0.19877007302571137,inf,0.0,0.0,0.0,0.0,5.0,3.020000000000435,0.0,0.0,0.0,0.0,0.0,0.0,0.0,0.0,0.0,0.0,0.0,0.0,0.0,0.0,0.0,0.0
1750608361.6236777,10.34066390991211,1.598871587143189,0.07220347592142246,1.3747323782395062,10.0,0.0,0.0,0.962589035600788,-0.017157741933136694,0.1987700730258102,0.9870833616380787,-0.008521946910752304,-0.15998066632603006,0.9625890356008693,-0.0171577419331298,0.19877007302571137,inf,0.0,0.0,0.0,0.0,5.0,2.920000000000446,0.0,0.0,0.0,0.0,0.0,0.0,0.0,0.0,0.0,0.0,0.0,0.0,0.0,0.0,0.0,0.0
1750608361.7274802,10.444466352462769,1.6954288919789062,0.06928797980041408,1.3942910467376393,10.0,0.0,0.0,0.9711147863332459,-0.051435511295857786,0.1896746786130833,0.9864337388366045,-0.008414875564541542,-0.16394410252909664,0.9711147863331604,-0.05143551129585533,0.1896746786131942,inf,0.0,0.0,0.0,0.0,5.0,2.820000000000457,0.0,0.0,0.0,0.0,0.0,0.0,0.0,0.0,0.0,0.0,0.0,0.0,0.0,0.0,0.0,0.0
1750608361.830648,10.54763412475586,1.7925403706122223,0.06414442867082855,1.4132585145989587,10.0,0.0,0.0,0.9711147863332459,-0.051435511295857786,0.1896746786130833,0.9857777717967205,-0.007934743045408097,-0.16786668664239568,0.9711147863331604,-0.05143551129585533,0.1896746786131942,inf,0.0,0.0,0.0,0.0,5.0,2.720000000000468,0.0,0.0,0.0,0.0,0.0,0.0,0.0,0.0,0.0,0.0,0.0,0.0,0.0,0.0,0.0,0.0
1750608361.935475,10.652461290359497,1.9090741449722015,0.05797216731532591,1.436019476032542,10.0,0.0,0.0,0.9711147863332459,-0.051435511295857786,0.1896746786130833,0.985085022399785,-0.007418141667732865,-0.17190831805882031,0.9711147863331604,-0.05143551129585533,0.1896746786131942,inf,0.0,0.0,0.0,0.0,5.0,2.620000000000479,0.0,0.0,0.0,0.0,0.0,0.0,0.0,0.0,0.0,0.0,0.0,0.0,0.0,0.0,0.0,0.0
1750608362.0378442,10.754830360412598,1.9867633278788543,0.05385732641165748,1.4511934503215975,10.0,0.0,0.0,0.9711147863332459,-0.051435511295857786,0.1896746786130833,0.9843637465757482,-0.006892994055156591,-0.17601278663867428,0.9711147863331604,-0.05143551129585533,0.1896746786131942,inf,0.0,0.0,0.0,0.0,5.0,2.52000000000049,0.0,0.0,0.0,0.0,0.0,0.0,0.0,0.0,0.0,0.0,0.0,0.0,0.0,0.0,0.0,0.0
1750608362.140024,10.857010126113892,2.0836634890410224,0.055757865289389266,1.4683519532473752,10.0,0.0,0.0,0.966712339017653,0.09531636385658762,0.15198790912281224,0.9836022831595598,-0.0064009847677326355,-0.18023755423691476,0.9667123390175725,0.09531636385658877,0.15198790912274163,inf,0.0,0.0,0.0,0.0,5.0,2.420000000000501,0.0,0.0,0.0,0.0,0.0,0.0,0.0,0.0,0.0,0.0,0.0,0.0,0.0,0.0,0.0,0.0
1750608362.242143,10.959129095077515,2.180130788357451,0.0693263715606268,1.4814592195343679,10.0,0.0,0.0,0.9625504087048373,0.17770146356227912,0.10930373309650332,0.9828756370551422,-0.00750220198077478,-0.18411735129771917,0.9625504087047432,0.17770146356227423,0.10930373309658847,inf,0.0,0.0,0.0,0.0,5.0,2.320000000000512,0.0,0.0,0.0,0.0,0.0,0.0,0.0,0.0,0.0,0.0,0.0,0.0,0.0,0.0,0.0,0.0
1750608362.3451273,11.062113523483276,2.2763858292279253,0.08709651791685423,1.4923895928440267,10.0,0.0,0.0,0.9625504087048373,0.17770146356227912,0.10930373309650332,0.9821935988185398,-0.009695101723322167,-0.18762126596540057,0.9625504087047432,0.17770146356227423,0.10930373309658847,inf,0.0,0.0,0.0,0.0,5.0,2.220000000000523,0.0,0.0,0.0,0.0,0.0,0.0,0.0,0.0,0.0,0.0,0.0,0.0,0.0,0.0,0.0,0.0
1750608362.44802,11.165006160736084,2.3726408700983996,0.10486666427308165,1.5033199661536856,10.0,0.0,0.0,0.9625504087048373,0.17770146356227912,0.10930373309650332,0.9814938314568165,-0.012005739405363997,-0.19111703491198476,0.9625504087047432,0.17770146356227423,0.10930373309658847,inf,0.0,0.0,0.0,0.0,5.0,2.120000000000534,0.0,0.0,0.0,0.0,0.0,0.0,0.0,0.0,0.0,0.0,0.0,0.0,0.0,0.0,0.0,0.0
1750608362.5506954,11.26768159866333,2.4690414030827337,0.11727152241960696,1.51472606702085,10.0,0.0,0.0,0.9650588934264184,0.08519649442948557,0.11750593236386063,0.9807522259781789,-0.014392858717281755,-0.19472523425789354,0.9650588934264626,0.08519649442947919,0.11750593236392604,inf,0.0,0.0,0.0,0.0,5.0,2.020000000000545,0.0,0.0,0.0,0.0,0.0,0.0,0.0,0.0,0.0,0.0,0.0,0.0,0.0,0.0,0.0,0.0
1750608362.6528504,11.369836568832397,2.565911105743599,0.12040172539933787,1.5272614790672112,10.0,0.0,0.0,0.9713315368442348,-0.007724996315646403,0.13103729115654272,0.9799769426913203,-0.01570549027355502,-0.19849062791134472,0.9713315368440334,-0.007724996315641719,0.13103729115648832,inf,0.0,0.0,0.0,0.0,5.0,1.920000000000556,0.0,0.0,0.0,0.0,0.0,0.0,0.0,0.0,0.0,0.0,0.0,0.0,0.0,0.0,0.0,0.0
1750608362.7572548,11.474241018295288,2.6635718288701615,0.11982329282039746,1.5399297476626173,10.0,0.0,0.0,0.9801243608800783,-0.004490545438580166,0.1237796158191112,0.9791507713277776,-0.015891047537854436,-0.20251232460363475,0.9801243608800192,-0.004490545438579074,0.12377961581910846,inf,0.0,0.0,0.0,0.0,5.0,1.820000000000567,0.0,0.0,0.0,0.0,0.0,0.0,0.0,0.0,0.0,0.0,0.0,0.0,0.0,0.0,0.0,0.0
1750608362.8589976,11.575983762741089,2.761699632282797,0.11640727706159718,1.552206782242993,10.0,0.0,0.0,0.9818992427975554,-0.050136102591545426,0.12222689271845938,0.9782984679165941,-0.016009157087145877,-0.2065812541384226,0.9818992427974571,-0.05013610259153867,0.12222689271856879,inf,0.0,0.0,0.0,0.0,5.0,1.720000000000578,0.0,0.0,0.0,0.0,0.0,0.0,0.0,0.0,0.0,0.0,0.0,0.0,0.0,0.0,0.0,0.0
1750608362.9625137,11.679499864578247,2.8598895565625426,0.11139366680244331,1.56442947151485,10.0,0.0,0.0,0.9818992427975554,-0.050136102591545426,0.12222689271845938,0.9774108106273637,-0.015597838673457797,-0.2107719495034302,0.9818992427974571,-0.05013610259153867,0.12222689271856879,inf,0.0,0.0,0.0,0.0,5.0,1.620000000000589,0.0,0.0,0.0,0.0,0.0,0.0,0.0,0.0,0.0,0.0,0.0,0.0,0.0,0.0,0.0,0.0
1750608363.0657897,11.78277587890625,2.9580416678431565,0.11345962606819229,1.5739313028897675,10.0,0.0,0.0,0.9813740622537802,0.04819125192099782,0.08443719970550044,0.976502656173987,-0.015145984405547397,-0.21497246717088017,0.9813740622539591,0.04819125192100093,0.08443719970552266,inf,0.0,0.0,0.0,0.0,5.0,1.5200000000006,0.0,0.0,0.0,0.0,0.0,0.0,0.0,0.0,0.0,0.0,0.0,0.0,0.0,0.0,0.0,0.0
1750608363.16732,11.884306192398071,3.0561790740685524,0.11827875126029239,1.5823750228603197,10.0,0.0,0.0,0.9813740622537802,0.04819125192099782,0.08443719970550044,0.9756260827628276,-0.015888581420983785,-0.21886365530459595,0.9813740622539591,0.04819125192100093,0.08443719970552266,inf,0.0,0.0,0.0,0.0,5.0,1.420000000000611,0.0,0.0,0.0,0.0,0.0,0.0,0.0,0.0,0.0,0.0,0.0,0.0,0.0,0.0,0.0,0.0
1750608363.27377,11.990756273269653,3.1739446087100993,0.12405712722539028,1.5924682254761648,10.0,0.0,0.0,0.9820212333256759,0.043616986498778945,0.04517585088800445,0.9746978132548069,-0.016767097263852403,-0.22289692076303422,0.9814387793611434,0.047733825378779016,0.0805110648237628,inf,0.0,0.0,0.0,0.0,5.0,1.3000000000006242,0.0,0.0,0.0,0.0,0.0,0.0,0.0,0.0,0.0,0.0,0.0,0.0,0.0,0.0,0.0,0.0
1750608363.3723333,12.089319467544556,3.2525063073761635,0.12754648614529202,1.5960822935471988,10.0,0.0,0.0,0.9820212333256759,0.043616986498778945,0.04517585088800445,0.9737473740760064,-0.01765004364215371,-0.22694608928005824,0.9820212333258027,0.043616986498767885,0.045175850887924085,inf,0.0,0.0,0.0,0.0,5.0,1.220000000000633,0.0,0.0,0.0,0.0,0.0,0.0,0.0,0.0,0.0,0.0,0.0,0.0,0.0,0.0,0.0,0.0
1750608363.4756422,12.192628383636475,3.350708430708744,0.1319081847951688,1.6005998786359912,10.0,0.0,0.0,0.9813307849296735,-0.0015552469823839066,0.01835893763387724,0.9728616957698782,-0.0185065728621187,-0.2306461091470134,0.9820212333258027,0.043616986498767885,0.045175850887924085,inf,0.0,0.0,0.0,0.0,5.0,1.120000000000644,0.0,0.0,0.0,0.0,0.0,0.0,0.0,0.0,0.0,0.0,0.0,0.0,0.0,0.0,0.0,0.0
1750608363.5780272,12.295013427734375,3.4488525563760404,0.13247541583262806,1.6028648430114465,10.0,0.0,0.0,0.9813307849296735,-0.0015552469823839066,0.01835893763387724,0.9719545167771851,-0.019360706436261945,-0.23437060473258473,0.9813307849295683,-0.001555246982393177,0.018358937633911054,inf,0.0,0.0,0.0,0.0,5.0,1.020000000000655,0.0,0.0,0.0,0.0,0.0,0.0,0.0,0.0,0.0,0.0,0.0,0.0,0.0,0.0,0.0,0.0
1750608363.6808956,12.397881746292114,3.546985634868997,0.13231989113438875,1.6047007367748376,10.0,0.0,0.0,0.9827647465192308,0.018086618893658916,-0.04105658844415393,0.9710989219620917,-0.01965627971371642,-0.2378665895662516,0.9813307849295683,-0.001555246982393177,0.018358937633911054,inf,0.0,0.0,0.0,0.0,5.0,0.9200000000006572,0.0,0.0,0.0,0.0,0.0,0.0,0.0,0.0,0.0,0.0,0.0,0.0,0.0,0.0,0.0,0.0
1750608363.783554,12.500540256500244,3.645246335943417,0.13391249249911807,1.6012486487172848,10.0,0.0,0.0,0.967739658154845,0.0624911459883276,-0.10712923346288133,0.9702103653478046,-0.019914916594266575,-0.24144407855386077,0.9827647465190381,0.018086618893659034,-0.04105658844411053,inf,0.0,0.0,0.0,0.0,5.0,0.8200000000006571,0.0,0.0,0.0,0.0,0.0,0.0,0.0,0.0,0.0,0.0,0.0,0.0,0.0,0.0,0.0,0.0
1750608363.8875978,12.604583978652954,3.7421104522890904,0.13989517993538308,1.5909321612411076,10.0,0.0,0.0,0.967527788346636,0.015759691579734274,-0.11096913450191143,0.9689586785854272,-0.021623880454410365,-0.24627522609486346,0.9677396581548869,0.06249114598833039,-0.10712923346289926,inf,0.0,0.0,0.0,0.0,5.0,0.720000000000657,0.0,0.0,0.0,0.0,0.0,0.0,0.0,0.0,0.0,0.0,0.0,0.0,0.0,0.0,0.0,0.0
1750608363.993119,12.710105180740356,3.8388649260822096,0.141845000728626,1.5798659669992374,10.0,0.0,0.0,0.967527788346636,0.015759691579734274,-0.11096913450191143,0.9684621961077189,-0.022248694129447924,-0.2481652077140313,0.9675277883465228,0.015759691579741997,-0.11096913450181489,inf,0.0,0.0,0.0,0.0,5.0,0.6200000000006569,0.0,0.0,0.0,0.0,0.0,0.0,0.0,0.0,0.0,0.0,0.0,0.0,0.0,0.0,0.0,0.0
1750608364.1009514,12.81793761253357,3.935606901864831,0.14374753009048993,1.568566678022406,10.0,0.0,0.0,0.9653671779404358,0.08107173235770111,-0.15144423983190408,0.9679571524651671,-0.022821354557157898,-0.25007626190364773,0.9664474831434511,0.04841571196871619,-0.13120668716681827,inf,0.0,0.0,0.0,0.0,5.0,0.5200000000006568,0.0,0.0,0.0,0.0,0.0,0.0,0.0,0.0,0.0,0.0,0.0,0.0,0.0,0.0,0.0,0.0
1750608364.2071488,12.924134969711304,4.032161749480542,0.15112745171785516,1.5527318298847201,10.0,0.0,0.0,0.9666621652028015,0.029125188900271607,-0.2007602508677759,0.9675455531242723,-0.02427819544361963,-0.25152767612222626,0.9666621652026919,0.029125188900275267,-0.20076025086779303,inf,0.0,0.0,0.0,0.0,5.0,0.42000000000065674,0.0,0.0,0.0,0.0,0.0,0.0,0.0,0.0,0.0,0.0,0.0,0.0,0.0,0.0,0.0,0.0
1750608364.3089442,13.025930404663086,4.128827966000811,0.1540399706078827,1.5326558047979408,10.0,0.0,0.0,0.9666621652028015,0.029125188900271607,-0.2007602508677759,0.9673161161206577,-0.025173453100378912,-0.25232088449482176,0.9666621652026919,0.029125188900275267,-0.20076025086779303,inf,0.0,0.0,0.0,0.0,5.0,0.32000000000065665,0.0,0.0,0.0,0.0,0.0,0.0,0.0,0.0,0.0,0.0,0.0,0.0,0.0,0.0,0.0,0.0
1750608364.4115407,13.12852692604065,4.2255010490057225,0.15638235375690304,1.512038393058077,10.0,0.0,0.0,0.9669891406617296,0.0019758678999463476,-0.22654056768129882,0.9670896842495507,-0.026051356518143318,-0.2530985370200097,0.9669891406618447,0.0019758678999337587,-0.22654056768134367,inf,0.0,0.0,0.0,0.0,5.0,0.22000000000065656,0.0,0.0,0.0,0.0,0.0,0.0,0.0,0.0,0.0,0.0,0.0,0.0,0.0,0.0,0.0,0.0
1750608364.5200095,13.236995697021484,4.341539745885144,0.1566194579048951,1.4848535249363157,10.0,0.0,0.0,0.9669891406617296,0.0019758678999463476,-0.22654056768129882,0.9669654841587194,-0.026530621948311232,-0.25352293494816064,0.9669891406618447,0.0019758678999337587,-0.22654056768134367,inf,0.0,0.0,0.0,0.0,5.0,0.10000000000065645,0.0,0.0,0.0,0.0,0.0,0.0,0.0,0.0,0.0,0.0,0.0,0.0,0.0,0.0,0.0,0.0
1750608364.6182263,13.335212469100952,4.418898557775307,0.15639268972393833,1.4663660175637074,10.0,0.0,0.0,0.9669773124102246,-0.012277377024182443,-0.24003175131472973,0.9668462203586184,-0.026989342390431006,-0.25392904830992813,0.9669773124105774,-0.012277377024194625,-0.24003175131470655,inf,0.0,0.0,0.0,0.0,5.0,0.02000000000065638,0.0,0.0,0.0,0.0,0.0,0.0,0.0,0.0,0.0,0.0,0.0,0.0,0.0,0.0,0.0,0.0
1750608364.7204995,13.437485694885254,4.5155943226355735,0.15494427254102539,1.4421543829773056,10.0,0.0,0.0,0.9669117663844216,-0.019633359707306723,-0.24698039981232894,0.9667761032564154,-0.027258352681172663,-0.25416716621438246,0.9669117663841931,-0.019633359707310616,-0.24698039981241315,inf,0.0,0.0,0.0,0.0,5.0,-0.0799999999993437,0.0,0.0,0.0,0.0,0.0,0.0,0.0,0.0,0.0,0.0,0.0,0.0,0.0,0.0,0.0,0.0
1750608364.8236217,13.540607929229736,4.6122834643270885,0.15286656167568652,1.4173485415000344,10.0,0.0,0.0,0.9668439348204185,-0.023445856194239695,-0.2505737830133557,0.9667400532914433,-0.027396466977672135,-0.25428940787850146,0.9668439348207158,-0.023445856194237447,-0.25057378301340805,inf,0.0,0.0,0.0,0.0,5.0,-0.17999999999934377,0.0,0.0,0.0,0.0,0.0,0.0,0.0,0.0,0.0,0.0,0.0,0.0,0.0,0.0,0.0,0.0
1750608364.927133,13.644119262695312,4.70896785780916,0.15052197605626277,1.3922911631986936,10.0,0.0,0.0,0.9668439348204185,-0.023445856194239695,-0.2505737830133557,0.9667202457767774,-0.027472297308910747,-0.2543565200380326,0.9668439348207158,-0.023445856194237447,-0.25057378301340805,inf,0.0,0.0,0.0,0.0,5.0,-0.27999999999934383,0.0,0.0,0.0,0.0,0.0,0.0,0.0,0.0,0.0,0.0,0.0,0.0,0.0,0.0,0.0,0.0
1750608365.030945,13.747931241989136,4.805652251291232,0.14817739043683903,1.3672337848973528,10.0,0.0,0.0,0.9668439348204185,-0.023445856194239695,-0.2505737830133557,0.9667015542197115,-0.02754381897455762,-0.25441981665249835,0.9668439348207158,-0.023445856194237447,-0.25057378301340805,inf,0.0,0.0,0.0,0.0,5.0,-0.3799999999993439,0.0,0.0,0.0,0.0,0.0,0.0,0.0,0.0,0.0,0.0,0.0,0.0,0.0,0.0,0.0,0.0
1750608365.132319,13.849305152893066,4.902333725970972,0.1457487965804184,1.34209756290641,10.0,0.0,0.0,0.966772744520065,-0.025494837584398657,-0.25249679983292705,0.9666823775986011,-0.027617160043639424,-0.2544847211748472,0.9667727445199503,-0.025494837584405516,-0.2524967998329686,inf,0.0,0.0,0.0,0.0,5.0,-0.479999999999344,0.0,0.0,0.0,0.0,0.0,0.0,0.0,0.0,0.0,0.0,0.0,0.0,0.0,0.0,0.0,0.0
1750608365.2356546,13.952640771865845,4.999009012350704,0.14315262172787502,1.3168041486535944,10.0,0.0,0.0,0.9667275610593331,-0.02655599881401904,-0.25349076050388714,0.9666714629245412,-0.027658886704791413,-0.25452164692532353,0.9667275610594217,-0.026555998814015158,-0.25349076050384944,inf,0.0,0.0,0.0,0.0,5.0,-0.579999999999344,0.0,0.0,0.0,0.0,0.0,0.0,0.0,0.0,0.0,0.0,0.0,0.0,0.0,0.0,0.0,0.0
1750608365.3394978,14.05648398399353,5.095681768456646,0.1404970218464735,1.2914550726032095,10.0,0.0,0.0,0.9667275610593331,-0.02655599881401904,-0.25349076050388714,0.9666656831815541,-0.027680977729868866,-0.25454119594096697,0.9667275610594217,-0.026555998814015158,-0.25349076050384944,inf,0.0,0.0,0.0,0.0,5.0,-0.6799999999993441,0.0,0.0,0.0,0.0,0.0,0.0,0.0,0.0,0.0,0.0,0.0,0.0,0.0,0.0,0.0,0.0
1750608365.4411232,14.158109426498413,5.192353039493496,0.13781442247109144,1.2660807861023293,10.0,0.0,0.0,0.9666966221204436,-0.027118488271943953,-0.25401597822242705,0.9666600117241326,-0.027702651602791326,-0.2545603756040483,0.9666966221200113,-0.027118488271943297,-0.25401597822249933,inf,0.0,0.0,0.0,0.0,5.0,-0.7799999999993442,0.0,0.0,0.0,0.0,0.0,0.0,0.0,0.0,0.0,0.0,0.0,0.0,0.0,0.0,0.0,0.0
1750608365.544008,14.26099419593811,5.289021804750827,0.13508826164229068,1.2406658505442352,10.0,0.0,0.0,0.9666783169222881,-0.027410569937367638,-0.2542881769132377,0.9666568145634767,-0.027714868350219978,-0.25457118637096826,0.9666783169226534,-0.027410569937380558,-0.2542881769131977,inf,0.0,0.0,0.0,0.0,5.0,-0.8799999999993443,0.0,0.0,0.0,0.0,0.0,0.0,0.0,0.0,0.0,0.0,0.0,0.0,0.0,0.0,0.0,0.0
1750608365.647097,14.364083290100098,5.385689636443092,0.13234720464855262,1.2152370328529154,10.0,0.0,0.0,0.9666783169222881,-0.027410569937367638,-0.2542881769132377,0.9666550555517764,-0.02772158931359615,-0.25457713381629643,0.9666783169226534,-0.027410569937380558,-0.2542881769131977,inf,0.0,0.0,0.0,0.0,5.0,-0.9799999999993444,0.0,0.0,0.0,0.0,0.0,0.0,0.0,0.0,0.0,0.0,0.0,0.0,0.0,0.0,0.0,0.0
1750608365.749424,14.466410160064697,5.4823574681353575,0.12960614765481457,1.1898082151615956,10.0,0.0,0.0,0.9666783169222881,-0.027410569937367638,-0.2542881769132377,0.9666534000857975,-0.027727914357469727,-0.2545827308910643,0.9666783169226534,-0.027410569937380558,-0.2542881769131977,inf,0.0,0.0,0.0,0.0,5.0,-1.0799999999993357,0.0,0.0,0.0,0.0,0.0,0.0,0.0,0.0,0.0,0.0,0.0,0.0,0.0,0.0,0.0,0.0
1750608365.8522832,14.56926941871643,5.579024564780943,0.1268557290006843,1.164370708127922,10.0,0.0,0.0,0.9666658585040429,-0.027569242147418682,-0.254435453902151,0.9666516515129902,-0.02773459483558426,-0.25458864247352975,0.9666658585043564,-0.027569242147418294,-0.2544354539022464,inf,0.0,0.0,0.0,0.0,5.0,-1.1799999999993247,0.0,0.0,0.0,0.0,0.0,0.0,0.0,0.0,0.0,0.0,0.0,0.0,0.0,0.0,0.0,0.0
1750608365.9561543,14.673140525817871,5.675691150631379,0.12409880478594246,1.1389271627376973,10.0,0.0,0.0,0.9666658585040429,-0.027569242147418682,-0.254435453902151,0.9666506771236598,-0.027738317387664083,-0.2545919365668739,0.9666658585043564,-0.027569242147418294,-0.2544354539022464,inf,0.0,0.0,0.0,0.0,5.0,-1.2799999999993137,0.0,0.0,0.0,0.0,0.0,0.0,0.0,0.0,0.0,0.0,0.0,0.0,0.0,0.0,0.0,0.0
1750608366.05852,14.775506258010864,5.772357243086916,0.12133638562589241,1.113478531660873,10.0,0.0,0.0,0.9666582678138513,-0.02765377976754138,-0.25451369523451245,0.9666497415935403,-0.02774189139238438,-0.25459509920482576,0.9666582678136137,-0.027653779767544684,-0.25451369523454836,inf,0.0,0.0,0.0,0.0,5.0,-1.3799999999993027,0.0,0.0,0.0,0.0,0.0,0.0,0.0,0.0,0.0,0.0,0.0,0.0,0.0,0.0,0.0,0.0
1750608366.1615324,14.87851858139038,5.869023069868278,0.11857100764913794,1.0880271621374182,10.0,0.0,0.0,0.9666582678138513,-0.02765377976754138,-0.25451369523451245,0.9666491728039363,-0.027744064295691217,-0.2545970220050152,0.9666582678136137,-0.027653779767544684,-0.25451369523454836,inf,0.0,0.0,0.0,0.0,5.0,-1.4799999999992917,0.0,0.0,0.0,0.0,0.0,0.0,0.0,0.0,0.0,0.0,0.0,0.0,0.0,0.0,0.0,0.0
1750608366.2651677,14.98215389251709,5.965688582871822,0.11580251485616294,1.0625729178403855,10.0,0.0,0.0,0.9666537203088938,-0.0276989220316163,-0.25455535861976386,0.9666486396745295,-0.02774610093955153,-0.2545988242275165,0.9666537203090186,-0.027698922031610396,-0.25455535861973466,inf,0.0,0.0,0.0,0.0,5.0,-1.5799999999992806,0.0,0.0,0.0,0.0,0.0,0.0,0.0,0.0,0.0,0.0,0.0,0.0,0.0,0.0,0.0,0.0
1750608366.3678675,15.084853649139404,6.062353769459562,0.11303090062286184,1.03711579548372,10.0,0.0,0.0,0.9666511799917117,-0.027722511485583915,-0.25457709142364016,0.9666483260400919,-0.02774729906241917,-0.25459988444347087,0.9666511799917288,-0.02772251148558391,-0.2545770914237355,inf,0.0,0.0,0.0,0.0,5.0,-1.6799999999992696,0.0,0.0,0.0,0.0,0.0,0.0,0.0,0.0,0.0,0.0,0.0,0.0,0.0,0.0,0.0,0.0
1750608366.4723303,15.189316511154175,6.1590187775815926,0.1102576951525957,1.0116572088100968,10.0,0.0,0.0,0.9666489570966792,-0.02774141706419582,-0.2545944648390661,0.9666481611774566,-0.027747928854390095,-0.25460044174457674,0.966649753015858,-0.027734905273996135,-0.25458848793347144,inf,0.0,0.0,0.0,0.0,5.0,-1.7799999999992586,0.0,0.0,0.0,0.0,0.0,0.0,0.0,0.0,0.0,0.0,0.0,0.0,0.0,0.0,0.0,0.0
1750608366.5744762,15.291462421417236,6.255683690005586,0.10748369019376995,0.9861978878412043,10.0,0.0,0.0,0.9666485146391008,-0.027744842945466697,-0.25459760371206425,0.9666480721815224,-0.027748268826737574,-0.2546007425850624,0.9666489570969716,-0.027741417064200413,-0.2545944648391085,inf,0.0,0.0,0.0,0.0,5.0,-1.8799999999992476,0.0,0.0,0.0,0.0,0.0,0.0,0.0,0.0,0.0,0.0,0.0,0.0,0.0,0.0,0.0,0.0
1750608366.6771915,15.394177675247192,6.352348548548843,0.10470926071332297,0.9607381776919666,10.0,0.0,0.0,0.9666482700219774,-0.027746645231450255,-0.2545992522099776,0.9666480254048538,-0.027748447517433817,-0.2546009007078909,0.9666485146393455,-0.027744842945473525,-0.25459760371204787,inf,0.0,0.0,0.0,0.0,5.0,-1.9799999999992366,0.0,0.0,0.0,0.0,0.0,0.0,0.0,0.0,0.0,0.0,0.0,0.0,0.0,0.0,0.0,0.0
1750608366.7799933,15.496979475021362,6.449013378731041,0.10193461961989594,0.935278273901445,10.0,0.0,0.0,0.9666481349242318,-0.027747595230121692,-0.2546001196911675,0.9666479998264863,-0.027748545228793133,-0.25460098717235746,0.9666482700216861,-0.027746645231446765,-0.2545992522099416,inf,0.0,0.0,0.0,0.0,5.0,-2.0799999999992256,0.0,0.0,0.0,0.0,0.0,0.0,0.0,0.0,0.0,0.0,0.0,0.0,0.0,0.0,0.0,0.0
1750608366.8832333,15.600219488143921,6.545678193574456,0.09915986959687034,0.909818270607143,10.0,0.0,0.0,0.9666480604068722,-0.027748096849607676,-0.2546005769878459,0.9666479858895126,-0.027748598469093656,-0.2546010342845243,0.9666481349244194,-0.02774759523012371,-0.2546001196911396,inf,0.0,0.0,0.0,0.0,5.0,-2.1799999999992146,0.0,0.0,0.0,0.0,0.0,0.0,0.0,0.0,0.0,0.0,0.0,0.0,0.0,0.0,0.0,0.0
1750608366.9850929,15.702079057693481,6.642343000732929,0.096385067436202,0.8843582197678048,10.0,0.0,0.0,0.9666480193736726,-0.027748362078298693,-0.25460081839546556,0.9666479738614383,-0.027748644417235156,-0.25460107494388545,0.9666480604071381,-0.027748096849605774,-0.2546005769878956,inf,0.0,0.0,0.0,0.0,5.0,-2.2799999999992036,0.0,0.0,0.0,0.0,0.0,0.0,0.0,0.0,0.0,0.0,0.0,0.0,0.0,0.0,0.0,0.0
1750608367.0888953,15.80588150024414,6.7390078028754274,0.09361023255451623,0.858898139135297,10.0,0.0,0.0,0.9666479966175554,-0.027748503247766926,-0.2546009466696755,0.9666479716642401,-0.02774865281069705,-0.25460108237122997,0.9666480193732951,-0.02774836207829201,-0.25460081839545623,inf,0.0,0.0,0.0,0.0,5.0,-2.3799999999991925,0.0,0.0,0.0,0.0,0.0,0.0,0.0,0.0,0.0,0.0,0.0,0.0,0.0,0.0,0.0,0.0
1750608367.191043,15.908029079437256,6.835672602605423,0.09083538265324757,0.833438044853157,10.0,0.0,0.0,0.9666479841408977,-0.027748578029231988,-0.2546010145204527,0.9666479704065057,-0.027748657615335584,-0.25460108662283815,0.9666479966172759,-0.027748503247770895,-0.2546009466696253,inf,0.0,0.0,0.0,0.0,5.0,-2.4799999999991815,0.0,0.0,0.0,0.0,0.0,0.0,0.0,0.0,0.0,0.0,0.0,0.0,0.0,0.0,0.0,0.0
1750608367.2938185,16.010804653167725,6.9323374010114005,0.08806052480572689,0.8079779433608082,10.0,0.0,0.0,0.9666479772737018,-0.027748617822283786,-0.2546010505716454,0.9666479697419889,-0.027748660153838804,-0.25460108886915167,0.9666479820808149,-0.02774858996714702,-0.25460102533580997,inf,0.0,0.0,0.0,0.0,5.0,-2.5799999999991705,0.0,0.0,0.0,0.0,0.0,0.0,0.0,0.0,0.0,0.0,0.0,0.0,0.0,0.0,0.0,0.0
1750608367.3961751,16.113161325454712,7.029002198719935,0.08528566291766926,0.7825178382079019,10.0,0.0,0.0,0.9666479735078453,-0.027748638988061295,-0.25460106972039853,0.9666479693754665,-0.027748661553980928,-0.2546010901081332,0.9666479753906998,-0.027748628405176168,-0.25460106014602024,inf,0.0,0.0,0.0,0.0,5.0,-2.6799999999991595,0.0,0.0,0.0,0.0,0.0,0.0,0.0,0.0,0.0,0.0,0.0,0.0,0.0,0.0,0.0,0.0
1750608367.4984484,16.215434551239014,7.125666996052118,0.08251079891731612,0.7570577311441156,10.0,0.0,0.0,0.9666479714416558,-0.02774865027102111,-0.25460107991426584,0.9666479691699,-0.02774866233926083,-0.25460109080302384,0.9666479716484488,-0.02774864914272951,-0.25460107889487826,inf,0.0,0.0,0.0,0.0,5.0,-2.7799999999991485,0.0,0.0,0.0,0.0,0.0,0.0,0.0,0.0,0.0,0.0,0.0,0.0,0.0,0.0,0.0,0.0
1750608367.6013052,16.318291425704956,7.22233179318608,0.0797359338359065,0.7315976231036895,10.0,0.0,0.0,0.966647970305778,-0.02774865630514097,-0.25460108535864484,0.9666479690577592,-0.027748662767645725,-0.2546010911821017,0.9666479704194764,-0.02774865570173146,-0.25460108481424326,inf,0.0,0.0,0.0,0.0,5.0,-2.8799999999991375,0.0,0.0,0.0,0.0,0.0,0.0,0.0,0.0,0.0,0.0,0.0,0.0,0.0,0.0,0.0,0.0
1750608367.7043035,16.421289682388306,7.318996590208551,0.07696106816338595,0.7061375145299692,10.0,0.0,0.0,0.9666479696817686,-0.02774865953639335,-0.2546010882703733,0.9666479689943401,-0.027748663009911866,-0.2546010913964819,0.9666479696814889,-0.02774865953639183,-0.25460108827035643,inf,0.0,0.0,0.0,0.0,5.0,-2.9799999999991265,0.0,0.0,0.0,0.0,0.0,0.0,0.0,0.0,0.0,0.0,0.0,0.0,0.0,0.0,0.0,0.0
1750608367.8075695,16.524555683135986,7.4156613871767,0.07418620220974677,0.6806774057029336,10.0,0.0,0.0,0.9666479696817686,-0.02774865953639335,-0.2546010882703733,0.9666479689592649,-0.027748663143903462,-0.254601091515049,0.9666479696814889,-0.02774865953639183,-0.25460108827035643,inf,0.0,0.0,0.0,0.0,5.0,-3.0799999999991154,0.0,0.0,0.0,0.0,0.0,0.0,0.0,0.0,0.0,0.0,0.0,0.0,0.0,0.0,0.0,0.0
1750608367.909716,16.626702070236206,7.512326184138358,0.07141133622364006,0.6552172968466953,10.0,0.0,0.0,0.9666479693205168,-0.027748661340148403,-0.25460108989271113,0.9666479689241217,-0.027748663278154534,-0.2546010916338456,0.9666479693208885,-0.02774866134014342,-0.25460108989272534,inf,0.0,0.0,0.0,0.0,5.0,-3.1799999999991044,0.0,0.0,0.0,0.0,0.0,0.0,0.0,0.0,0.0,0.0,0.0,0.0,0.0,0.0,0.0,0.0
1750608368.0130632,16.73004937171936,7.608990981070447,0.06863647008962571,0.6297571878574227,10.0,0.0,0.0,0.9666479693205168,-0.027748661340148403,-0.25460108989271113,0.9666479689030487,-0.027748663358652937,-0.2546010917050805,0.9666479693208885,-0.02774866134014342,-0.25460108989272534,inf,0.0,0.0,0.0,0.0,5.0,-3.2799999999990934,0.0,0.0,0.0,0.0,0.0,0.0,0.0,0.0,0.0,0.0,0.0,0.0,0.0,0.0,0.0,0.0
1750608368.1153424,16.83232855796814,7.705655777997526,0.06586160393138908,0.6042970788464023,10.0,0.0,0.0,0.9666479691117827,-0.02774866234940067,-0.2546010907988958,0.9666479688819891,-0.02774866343909933,-0.2546010917762698,0.9666479691121665,-0.02774866234940554,-0.2546010907988894,inf,0.0,0.0,0.0,0.0,5.0,-3.3799999999990824,0.0,0.0,0.0,0.0,0.0,0.0,0.0,0.0,0.0,0.0,0.0,0.0,0.0,0.0,0.0,0.0
1750608368.2194273,16.936413526535034,7.82165353428579,0.06253176442494253,0.5737449479285431,10.0,0.0,0.0,0.9666479689968859,-0.02774866289425,-0.2546010912875828,0.9666479688691899,-0.02774866348798935,-0.2546010918195364,0.9666479689967034,-0.02774866289424749,-0.25460109128760955,inf,0.0,0.0,0.0,0.0,5.0,-3.4799999999990714,0.0,0.0,0.0,0.0,0.0,0.0,0.0,0.0,0.0,0.0,0.0,0.0,0.0,0.0,0.0,0.0
1750608368.3206937,17.03767991065979,7.898985371803672,0.060311871384793395,0.5533768606178233,10.0,0.0,0.0,0.9666479689330378,-0.027748663191119675,-0.2546010915535596,0.9666479688619752,-0.027748663515552153,-0.2546010918439247,0.9666479689327545,-0.027748663191121126,-0.25460109155350796,inf,0.0,0.0,0.0,0.0,5.0,-3.5799999999990604,0.0,0.0,0.0,0.0,0.0,0.0,0.0,0.0,0.0,0.0,0.0,0.0,0.0,0.0,0.0,0.0
1750608368.4234138,17.140399932861328,7.9956501686969474,0.05753700506568128,0.5279167514624725,10.0,0.0,0.0,0.9666479689330378,-0.027748663191119675,-0.2546010915535596,0.9666479688577869,-0.027748663531552236,-0.25460109185808216,0.9666479689327545,-0.027748663191121126,-0.25460109155350796,inf,0.0,0.0,0.0,0.0,5.0,-3.6799999999990494,0.0,0.0,0.0,0.0,0.0,0.0,0.0,0.0,0.0,0.0,0.0,0.0,0.0,0.0,0.0,0.0
1750608368.5258162,17.242802381515503,8.092314965589058,0.05476213874112219,0.5024566423022474,10.0,0.0,0.0,0.9666479688954124,-0.027748663361335954,-0.2546010917058209,0.9666479688534578,-0.027748663548084744,-0.2546010918727166,0.9666479688945628,-0.027748663361339132,-0.25460109170583056,inf,0.0,0.0,0.0,0.0,5.0,-3.7799999999990384,0.0,0.0,0.0,0.0,0.0,0.0,0.0,0.0,0.0,0.0,0.0,0.0,0.0,0.0,0.0,0.0
1750608368.6285076,17.34549379348755,8.18897976247781,0.05198727240162697,0.47699653312866075,10.0,0.0,0.0,0.9666479688744352,-0.02774866345471035,-0.25460109178926876,0.9258097261075289,-0.026576358133082262,-0.24384488949165462,0.9666479688750229,-0.02774866345470889,-0.2546010917892638,inf,0.0,0.0,0.0,0.0,5.0,-3.8799999999990273,0.0,0.0,0.0,0.0,0.0,0.0,0.0,0.0,0.0,0.0,0.0,0.0,0.0,0.0,0.0,0.0
1750608368.7331064,17.450092554092407,8.284848213631339,0.049235266009927725,0.45174616989453803,10.0,0.0,0.0,0.946228847490982,-0.027162510793896304,-0.2492229906404617,0.8789272996170316,-0.025230547955808993,-0.23149673654012562,0.9462288474910707,-0.027162510793897476,-0.24922299064045195,inf,0.0,0.0,0.0,0.0,5.0,-3.9799999999990163,0.0,0.0,0.0,0.0,0.0,0.0,0.0,0.0,0.0,0.0,0.0,0.0,0.0,0.0,0.0,0.0
1750608368.835532,17.552518129348755,8.378024115101187,0.04656055213155678,0.4272049852936503,10.0,0.0,0.0,0.9125780735540068,-0.02619652937485265,-0.24035986359029365,0.8334748194618058,-0.023925785914390187,-0.21952521076575388,0.9125780735548261,-0.026196529374855615,-0.24035986359027817,inf,0.0,0.0,0.0,0.0,5.0,-4.079999999999041,0.0,0.0,0.0,0.0,0.0,0.0,0.0,0.0,0.0,0.0,0.0,0.0,0.0,0.0,0.0,0.0
1750608368.936813,17.653799295425415,8.467502099239542,0.043991990921931845,0.4036377786231747,10.0,0.0,0.0,0.8730264465079063,-0.02506115764462142,-0.22994253717802376,0.7886742752277414,-0.022639738389290943,-0.20772539548107716,0.8730264465075521,-0.025061157644619414,-0.22994253717800728,inf,0.0,0.0,0.0,0.0,5.0,-4.179999999999074,0.0,0.0,0.0,0.0,0.0,0.0,0.0,0.0,0.0,0.0,0.0,0.0,0.0,0.0,0.0,0.0
1750608369.0396578,17.756644010543823,8.552864643950901,0.04154156780034243,0.3811545191644032,10.0,0.0,0.0,0.8308503608678238,-0.023850448016956183,-0.21883396632955046,0.7457771137772227,-0.021408329501426415,-0.19642690368729504,0.8308503608684958,-0.02385044801695574,-0.21883396632954577,inf,0.0,0.0,0.0,0.0,5.0,-4.279999999999108,0.0,0.0,0.0,0.0,0.0,0.0,0.0,0.0,0.0,0.0,0.0,0.0,0.0,0.0,0.0,0.0
1750608369.1427372,17.859723329544067,8.63386538548399,0.03921635490227715,0.35982009556618316,10.0,0.0,0.0,0.7883137373225233,-0.0226293887591913,-0.20763043500842276,0.7053272530466339,-0.020247172997130178,-0.1857729955011406,0.7883137373223548,-0.02262938875919468,-0.20763043500843237,inf,0.0,0.0,0.0,0.0,5.0,-4.379999999999141,0.0,0.0,0.0,0.0,0.0,0.0,0.0,0.0,0.0,0.0,0.0,0.0,0.0,0.0,0.0,0.0
1750608369.2465503,17.963536500930786,8.710580603867177,0.03701416252829047,0.33961441677277693,10.0,0.0,0.0,0.7468204951845786,-0.02143828087816074,-0.1967017152547817,0.6669182862844849,-0.01914460253624237,-0.17565662926335096,0.7468204951841528,-0.021438280878159632,-0.19670171525476565,inf,0.0,0.0,0.0,0.0,5.0,-4.479999999999174,0.0,0.0,0.0,0.0,0.0,0.0,0.0,0.0,0.0,0.0,0.0,0.0,0.0,0.0,0.0,0.0
1750608369.3484623,18.06544852256775,8.783065342640867,0.034933410594877055,0.3205229851120648,10.0,0.0,0.0,0.7068693907345318,-0.020291441707201555,-0.18617917225906633,0.6305201086579126,-0.018099753927460202,-0.16606987579654792,0.7068693907346102,-0.020291441707204205,-0.1861791722590489,inf,0.0,0.0,0.0,0.0,5.0,-4.579999999999208,0.0,0.0,0.0,0.0,0.0,0.0,0.0,0.0,0.0,0.0,0.0,0.0,0.0,0.0,0.0,0.0
1750608369.4508698,18.167855978012085,8.851538152534147,0.03296782536976934,0.3024882374835711,10.0,0.0,0.0,0.6686947496962222,-0.01919559781733088,-0.17612452402780712,0.5958180869506311,-0.01710359528794119,-0.15692986526297573,0.6686947496969964,-0.01919559781732999,-0.17612452402782086,inf,0.0,0.0,0.0,0.0,5.0,-4.679999999999241,0.0,0.0,0.0,0.0,0.0,0.0,0.0,0.0,0.0,0.0,0.0,0.0,0.0,0.0,0.0,0.0
1750608369.553541,18.270527124404907,8.91614845095863,0.031113117666447386,0.2854708195025002,10.0,0.0,0.0,0.6322564183234267,-0.018149596552636035,-0.16652719464539142,0.563343654657686,-0.016171381984453302,-0.14837656955778372,0.632256418322541,-0.018149596552635705,-0.1665271946453828,inf,0.0,0.0,0.0,0.0,5.0,-4.779999999999275,0.0,0.0,0.0,0.0,0.0,0.0,0.0,0.0,0.0,0.0,0.0,0.0,0.0,0.0,0.0,0.0
1750608369.656433,18.373419284820557,8.977203340735512,0.02936047177008156,0.2693898447282209,10.0,0.0,0.0,0.5978000364905564,-0.017160489268544667,-0.15745188210158756,0.5324677705322198,-0.015285056715397226,-0.1402443083159772,0.5978000364912361,-0.01716048926854452,-0.1574518821015891,inf,0.0,0.0,0.0,0.0,5.0,-4.879999999999308,0.0,0.0,0.0,0.0,0.0,0.0,0.0,0.0,0.0,0.0,0.0,0.0,0.0,0.0,0.0,0.0
1750608369.758754,18.47574019432068,9.03479471347504,0.027707249833757448,0.25422111023988125,10.0,0.0,0.0,0.565133903511388,-0.016222772991970946,-0.1488480952087824,0.5030748617075371,-0.014441301838068358,-0.13250264131633815,0.5651339035122049,-0.01622277299197228,-0.14884809520876452,inf,0.0,0.0,0.0,0.0,5.0,-4.979999999999341,0.0,0.0,0.0,0.0,0.0,0.0,0.0,0.0,0.0,0.0,0.0,0.0,0.0,0.0,0.0,0.0
1750608369.8620534,18.579039573669434,9.089167066883958,0.026146433289370007,0.2399002188782924,10.0,0.0,0.0,0.5341043826094626,-0.015332037415019652,-0.14067536826256027,0.4757909450292397,-0.013658087835417226,-0.12531645234030986,0.5341043826092573,-0.015332037415018845,-0.1406753682625661,inf,0.0,0.0,0.0,0.0,5.0,-5.079999999999375,0.0,0.0,0.0,0.0,0.0,0.0,0.0,0.0,0.0,0.0,0.0,0.0,0.0,0.0,0.0,0.0
1750608369.965216,18.682202100753784,9.140536534829552,0.02467181778315423,0.22637024410931447,10.0,0.0,0.0,0.5049476638193511,-0.014495062625218439,-0.13299591030143507,0.4492961336971071,-0.012897525945504638,-0.11833810229759753,0.5049476638188111,-0.014495062625217298,-0.1329959103014422,inf,0.0,0.0,0.0,0.0,5.0,-5.179999999999408,0.0,0.0,0.0,0.0,0.0,0.0,0.0,0.0,0.0,0.0,0.0,0.0,0.0,0.0,0.0,0.0
1750608370.069757,18.7867431640625,9.188944368831859,0.02328221914612176,0.21362032087931498,10.0,0.0,0.0,0.4771218987582291,-0.013696294285361538,-0.1256670062995163,0.4246822559470358,-0.012190958265324943,-0.11185516295164281,0.4771218987578152,-0.01369629428536051,-0.12566700629951244,inf,0.0,0.0,0.0,0.0,5.0,-5.279999999999442,0.0,0.0,0.0,0.0,0.0,0.0,0.0,0.0,0.0,0.0,0.0,0.0,0.0,0.0,0.0,0.0
1750608370.172003,18.888989210128784,9.234637632459409,0.021970545154357136,0.2015853762182566,10.0,0.0,0.0,0.42642573934800976,-0.012241006820631959,-0.11231437125899535,0.4019494013433871,-0.011538387365920676,-0.10586765789241115,0.450902077352211,-0.012943626275341985,-0.11876108462557933,inf,0.0,0.0,0.0,0.0,5.0,-5.379999999999475,0.0,0.0,0.0,0.0,0.0,0.0,0.0,0.0,0.0,0.0,0.0,0.0,0.0,0.0,0.0,0.0
